design_id,sequence_id,protein_id,experiment_name,group,time_stamp,overall_confidence,ligand_confidence,seq_rec,length,ala_content,gly_content,status
hsl0141980107,hsl01419801,hsl014198,15082026_16k_production_4_seeds_4_sizes,hslarge,2026-09-21T19:46:23+00:00,0.6141,0.6232,0.6,67,0.1194,0.0746,KEPT
hsl0141980109,hsl01419801,hsl014198,15082026_16k_production_4_seeds_4_sizes,hslarge,2026-09-21T19:46:23+00:00,0.6141,0.6232,0.6,67,0.1194,0.0746,KEPT
hsl0141980114,hsl01419801,hsl014198,15082026_16k_production_4_seeds_4_sizes,hslarge,2026-09-21T19:46:23+00:00,0.6141,0.6232,0.6,67,0.1194,0.0746,KEPT
hsl0141980105,hsl01419801,hsl014198,15082026_16k_production_4_seeds_4_sizes,hslarge,2026-09-21T19:46:23+00:00,0.6061,0.6197,0.5,67,0.1194,0.0746,NOT_KEPT
hsl0141980101,hsl01419801,hsl014198,15082026_16k_production_4_seeds_4_sizes,hslarge,2026-09-21T19:46:23+00:00,0.5744,0.5576,0.5,67,0.1194,0.0597,NOT_KEPT
hsl0141980102,hsl01419801,hsl014198,15082026_16k_production_4_seeds_4_sizes,hslarge,2026-09-21T19:46:23+00:00,0.5744,0.5576,0.5,67,0.1194,0.0597,NOT_KEPT
hsl0141980103,hsl01419801,hsl014198,15082026_16k_production_4_seeds_4_sizes,hslarge,2026-09-21T19:46:23+00:00,0.5744,0.5576,0.5,67,0.1194,0.0597,NOT_KEPT
hsl0141980104,hsl01419801,hsl014198,15082026_16k_production_4_seeds_4_sizes,hslarge,2026-09-21T19:46:23+00:00,0.5744,0.5576,0.5,67,0.1194,0.0597,NOT_KEPT
hsl0141980108,hsl01419801,hsl014198,15082026_16k_production_4_seeds_4_sizes,hslarge,2026-09-21T19:46:23+00:00,0.5744,0.5576,0.5,67,0.1194,0.0597,NOT_KEPT
hsl0141980110,hsl01419801,hsl014198,15082026_16k_production_4_seeds_4_sizes,hslarge,2026-09-21T19:46:23+00:00,0.5744,0.5576,0.5,67,0.1194,0.0597,NOT_KEPT
hsl0141980115,hsl01419801,hsl014198,15082026_16k_production_4_seeds_4_sizes,hslarge,2026-09-21T19:46:23+00:00,0.5744,0.5576,0.5,67,0.1194,0.0597,NOT_KEPT
hsl0141980106,hsl01419801,hsl014198,15082026_16k_production_4_seeds_4_sizes,hslarge,2026-09-21T19:46:23+00:00,0.5735,0.5651,0.4,67,0.1194,0.0597,NOT_KEPT
hsl0141980111,hsl01419801,hsl014198,15082026_16k_production_4_seeds_4_sizes,hslarge,2026-09-21T19:46:23+00:00,0.5735,0.5651,0.4,67,0.1194,0.0597,NOT_KEPT
hsl0141980112,hsl01419801,hsl014198,15082026_16k_production_4_seeds_4_sizes,hslarge,2026-09-21T19:46:23+00:00,0.5735,0.5651,0.4,67,0.1194,0.0597,NOT_KEPT
hsl0141980113,hsl01419801,hsl014198,15082026_16k_production_4_seeds_4_sizes,hslarge,2026-09-21T19:46:23+00:00,0.5735,0.5651,0.4,67,0.1194,0.0597,NOT_KEPT
hsl0141980116,hsl01419801,hsl014198,15082026_16k_production_4_seeds_4_sizes,hslarge,2026-09-21T19:46:23+00:00,0.5735,0.5651,0.4,67,0.1194,0.0597,NOT_KEPT
hsl0141980705,hsl01419807,hsl014198,15082026_16k_production_4_seeds_4_sizes,hslarge,2026-09-21T19:46:23+00:00,0.5601,0.5406,0.25,67,0.1045,0.0746,KEPT
hsl0141980707,hsl01419807,hsl014198,15082026_16k_production_4_seeds_4_sizes,hslarge,2026-09-21T19:46:23+00:00,0.5601,0.5406,0.25,67,0.1045,0.0746,KEPT
hsl0141980709,hsl01419807,hsl014198,15082026_16k_production_4_seeds_4_sizes,hslarge,2026-09-21T19:46:23+00:00,0.5601,0.5406,0.25,67,0.1045,0.0746,KEPT
hsl0141980712,hsl01419807,hsl014198,15082026_16k_production_4_seeds_4_sizes,hslarge,2026-09-21T19:46:23+00:00,0.5601,0.5406,0.25,67,0.1045,0.0746,NOT_KEPT
hsl0141980708,hsl01419807,hsl014198,15082026_16k_production_4_seeds_4_sizes,hslarge,2026-09-21T19:46:23+00:00,0.5255,0.5547,0.25,67,0.1045,0.0746,NOT_KEPT
hsl0141980710,hsl01419807,hsl014198,15082026_16k_production_4_seeds_4_sizes,hslarge,2026-09-21T19:46:23+00:00,0.5102,0.496,0.25,67,0.1045,0.0746,NOT_KEPT
hsl0141980703,hsl01419807,hsl014198,15082026_16k_production_4_seeds_4_sizes,hslarge,2026-09-21T19:46:23+00:00,0.4956,0.4249,0.25,67,0.0896,0.0746,NOT_KEPT
hsl0141980713,hsl01419807,hsl014198,15082026_16k_production_4_seeds_4_sizes,hslarge,2026-09-21T19:46:23+00:00,0.4956,0.4249,0.25,67,0.0896,0.0746,NOT_KEPT
hsl0141980714,hsl01419807,hsl014198,15082026_16k_production_4_seeds_4_sizes,hslarge,2026-09-21T19:46:23+00:00,0.4956,0.4249,0.25,67,0.0896,0.0746,NOT_KEPT
hsl0141980701,hsl01419807,hsl014198,15082026_16k_production_4_seeds_4_sizes,hslarge,2026-09-21T19:46:23+00:00,0.4864,0.4137,0.25,67,0.0896,0.0746,NOT_KEPT
hsl0141980702,hsl01419807,hsl014198,15082026_16k_production_4_seeds_4_sizes,hslarge,2026-09-21T19:46:23+00:00,0.4864,0.4137,0.25,67,0.0896,0.0746,NOT_KEPT
hsl0141980706,hsl01419807,hsl014198,15082026_16k_production_4_seeds_4_sizes,hslarge,2026-09-21T19:46:23+00:00,0.4864,0.4137,0.25,67,0.0896,0.0746,NOT_KEPT
hsl0141980711,hsl01419807,hsl014198,15082026_16k_production_4_seeds_4_sizes,hslarge,2026-09-21T19:46:23+00:00,0.4864,0.4137,0.25,67,0.0896,0.0746,NOT_KEPT
hsl0141980715,hsl01419807,hsl014198,15082026_16k_production_4_seeds_4_sizes,hslarge,2026-09-21T19:46:23+00:00,0.4864,0.4137,0.25,67,0.0896,0.0746,NOT_KEPT
hsl0141980704,hsl01419807,hsl014198,15082026_16k_production_4_seeds_4_sizes,hslarge,2026-09-21T19:46:23+00:00,0.4576,0.3597,0.25,67,0.0896,0.0746,NOT_KEPT
hsl0141980716,hsl01419807,hsl014198,15082026_16k_production_4_seeds_4_sizes,hslarge,2026-09-21T19:46:23+00:00,0.4483,0.3886,0.25,67,0.0896,0.0746,NOT_KEPT
hsl0142340514,hsl01423405,hsl014234,15082026_16k_production_4_seeds_4_sizes,hslarge,2026-09-21T19:46:23+00:00,0.4879,0.4911,0.7273,70,0.1000,0.0857,KEPT
hsl0142340501,hsl01423405,hsl014234,15082026_16k_production_4_seeds_4_sizes,hslarge,2026-09-21T19:46:23+00:00,0.4605,0.4865,0.7273,70,0.0857,0.0857,KEPT
hsl0142340506,hsl01423405,hsl014234,15082026_16k_production_4_seeds_4_sizes,hslarge,2026-09-21T19:46:23+00:00,0.4605,0.4865,0.7273,70,0.0857,0.0857,KEPT
hsl0142340507,hsl01423405,hsl014234,15082026_16k_production_4_seeds_4_sizes,hslarge,2026-09-21T19:46:23+00:00,0.4605,0.4865,0.7273,70,0.0857,0.0857,NOT_KEPT
hsl0142340508,hsl01423405,hsl014234,15082026_16k_production_4_seeds_4_sizes,hslarge,2026-09-21T19:46:23+00:00,0.4605,0.4865,0.7273,70,0.0857,0.0857,NOT_KEPT
hsl0142340509,hsl01423405,hsl014234,15082026_16k_production_4_seeds_4_sizes,hslarge,2026-09-21T19:46:23+00:00,0.4605,0.4865,0.7273,70,0.0857,0.0857,NOT_KEPT
hsl0142340515,hsl01423405,hsl014234,15082026_16k_production_4_seeds_4_sizes,hslarge,2026-09-21T19:46:23+00:00,0.4605,0.4865,0.7273,70,0.0857,0.0857,NOT_KEPT
hsl0142340516,hsl01423405,hsl014234,15082026_16k_production_4_seeds_4_sizes,hslarge,2026-09-21T19:46:23+00:00,0.4605,0.4865,0.7273,70,0.0857,0.0857,NOT_KEPT
hsl0142340504,hsl01423405,hsl014234,15082026_16k_production_4_seeds_4_sizes,hslarge,2026-09-21T19:46:23+00:00,0.4558,0.5101,0.7273,70,0.0857,0.0857,NOT_KEPT
hsl0142340505,hsl01423405,hsl014234,15082026_16k_production_4_seeds_4_sizes,hslarge,2026-09-21T19:46:23+00:00,0.4558,0.5101,0.7273,70,0.0857,0.0857,NOT_KEPT
hsl0142340511,hsl01423405,hsl014234,15082026_16k_production_4_seeds_4_sizes,hslarge,2026-09-21T19:46:23+00:00,0.4558,0.5101,0.7273,70,0.0857,0.0857,NOT_KEPT
hsl0142340512,hsl01423405,hsl014234,15082026_16k_production_4_seeds_4_sizes,hslarge,2026-09-21T19:46:23+00:00,0.4558,0.5101,0.7273,70,0.0857,0.0857,NOT_KEPT
hsl0142340502,hsl01423405,hsl014234,15082026_16k_production_4_seeds_4_sizes,hslarge,2026-09-21T19:46:23+00:00,0.4378,0.4924,0.7273,70,0.0857,0.0857,NOT_KEPT
hsl0142340510,hsl01423405,hsl014234,15082026_16k_production_4_seeds_4_sizes,hslarge,2026-09-21T19:46:23+00:00,0.4378,0.4924,0.7273,70,0.0857,0.0857,NOT_KEPT
hsl0142340503,hsl01423405,hsl014234,15082026_16k_production_4_seeds_4_sizes,hslarge,2026-09-21T19:46:23+00:00,0.4227,0.4291,0.6364,70,0.0857,0.0857,NOT_KEPT
hsl0142340513,hsl01423405,hsl014234,15082026_16k_production_4_seeds_4_sizes,hslarge,2026-09-21T19:46:23+00:00,0.4227,0.4291,0.6364,70,0.0857,0.0857,NOT_KEPT
hsl0148120005,hsl01481200,hsl014812,15082026_16k_production_4_seeds_4_sizes,hslarge,2026-09-21T19:46:23+00:00,0.3992,0.3119,0.3333,77,0.0260,0.1169,KEPT
hsl0148120014,hsl01481200,hsl014812,15082026_16k_production_4_seeds_4_sizes,hslarge,2026-09-21T19:46:23+00:00,0.399,0.3002,0.2222,77,0.0260,0.1169,KEPT
hsl0148120015,hsl01481200,hsl014812,15082026_16k_production_4_seeds_4_sizes,hslarge,2026-09-21T19:46:23+00:00,0.3916,0.3065,0.2222,77,0.0260,0.1169,KEPT
hsl0148120009,hsl01481200,hsl014812,15082026_16k_production_4_seeds_4_sizes,hslarge,2026-09-21T19:46:23+00:00,0.3686,0.3119,0.3333,77,0.0130,0.1169,NOT_KEPT
hsl0148120016,hsl01481200,hsl014812,15082026_16k_production_4_seeds_4_sizes,hslarge,2026-09-21T19:46:23+00:00,0.3686,0.3119,0.3333,77,0.0130,0.1169,NOT_KEPT
hsl0148120006,hsl01481200,hsl014812,15082026_16k_production_4_seeds_4_sizes,hslarge,2026-09-21T19:46:23+00:00,0.3684,0.3002,0.2222,77,0.0130,0.1169,NOT_KEPT
hsl0148120007,hsl01481200,hsl014812,15082026_16k_production_4_seeds_4_sizes,hslarge,2026-09-21T19:46:23+00:00,0.3684,0.3002,0.2222,77,0.0130,0.1169,NOT_KEPT
hsl0148120012,hsl01481200,hsl014812,15082026_16k_production_4_seeds_4_sizes,hslarge,2026-09-21T19:46:23+00:00,0.3684,0.3002,0.2222,77,0.0130,0.1169,NOT_KEPT
hsl0148120008,hsl01481200,hsl014812,15082026_16k_production_4_seeds_4_sizes,hslarge,2026-09-21T19:46:23+00:00,0.3616,0.3065,0.2222,77,0.0130,0.1169,NOT_KEPT
hsl0148120013,hsl01481200,hsl014812,15082026_16k_production_4_seeds_4_sizes,hslarge,2026-09-21T19:46:23+00:00,0.3543,0.276,0.1111,77,0.0130,0.1169,NOT_KEPT
hsl0148120010,hsl01481200,hsl014812,15082026_16k_production_4_seeds_4_sizes,hslarge,2026-09-21T19:46:23+00:00,0.351,0.2691,0.1111,77,0.0130,0.1299,NOT_KEPT
hsl0148120001,hsl01481200,hsl014812,15082026_16k_production_4_seeds_4_sizes,hslarge,2026-09-21T19:46:23+00:00,0.3452,0.2691,0.2222,77,0.0130,0.1169,NOT_KEPT
hsl0148120004,hsl01481200,hsl014812,15082026_16k_production_4_seeds_4_sizes,hslarge,2026-09-21T19:46:23+00:00,0.3375,0.2558,0.4444,77,0.0130,0.1169,NOT_KEPT
hsl0148120003,hsl01481200,hsl014812,15082026_16k_production_4_seeds_4_sizes,hslarge,2026-09-21T19:46:23+00:00,0.3315,0.2376,0,77,0.0130,0.1169,NOT_KEPT
hsl0148120002,hsl01481200,hsl014812,15082026_16k_production_4_seeds_4_sizes,hslarge,2026-09-21T19:46:23+00:00,0.31,0.2559,0.1111,77,0.0130,0.1169,NOT_KEPT
hsl0148120011,hsl01481200,hsl014812,15082026_16k_production_4_seeds_4_sizes,hslarge,2026-09-21T19:46:23+00:00,0.309,0.2759,0.3333,77,0.0130,0.1169,NOT_KEPT
hsm0130720801,hsm01307208,hsm013072,15082026_16k_production_4_seeds_4_sizes,hsmedium,2026-09-21T19:46:23+00:00,0.4956,0.3456,0.8571,60,0.0333,0.0667,KEPT
hsm0130720802,hsm01307208,hsm013072,15082026_16k_production_4_seeds_4_sizes,hsmedium,2026-09-21T19:46:23+00:00,0.4956,0.3456,0.8571,60,0.0333,0.0667,KEPT
hsm0130720803,hsm01307208,hsm013072,15082026_16k_production_4_seeds_4_sizes,hsmedium,2026-09-21T19:46:23+00:00,0.4956,0.3456,0.8571,60,0.0333,0.0667,KEPT
hsm0130720806,hsm01307208,hsm013072,15082026_16k_production_4_seeds_4_sizes,hsmedium,2026-09-21T19:46:23+00:00,0.4956,0.3456,0.8571,60,0.0333,0.0667,NOT_KEPT
hsm0130720807,hsm01307208,hsm013072,15082026_16k_production_4_seeds_4_sizes,hsmedium,2026-09-21T19:46:23+00:00,0.4956,0.3456,0.8571,60,0.0333,0.0667,NOT_KEPT
hsm0130720809,hsm01307208,hsm013072,15082026_16k_production_4_seeds_4_sizes,hsmedium,2026-09-21T19:46:23+00:00,0.4956,0.3456,0.8571,60,0.0333,0.0667,NOT_KEPT
hsm0130720810,hsm01307208,hsm013072,15082026_16k_production_4_seeds_4_sizes,hsmedium,2026-09-21T19:46:23+00:00,0.4956,0.3456,0.8571,60,0.0333,0.0667,NOT_KEPT
hsm0130720811,hsm01307208,hsm013072,15082026_16k_production_4_seeds_4_sizes,hsmedium,2026-09-21T19:46:23+00:00,0.4956,0.3456,0.8571,60,0.0333,0.0667,NOT_KEPT
hsm0130720812,hsm01307208,hsm013072,15082026_16k_production_4_seeds_4_sizes,hsmedium,2026-09-21T19:46:23+00:00,0.4956,0.3456,0.8571,60,0.0333,0.0667,NOT_KEPT
hsm0130720813,hsm01307208,hsm013072,15082026_16k_production_4_seeds_4_sizes,hsmedium,2026-09-21T19:46:23+00:00,0.4956,0.3456,0.8571,60,0.0333,0.0667,NOT_KEPT
hsm0130720815,hsm01307208,hsm013072,15082026_16k_production_4_seeds_4_sizes,hsmedium,2026-09-21T19:46:23+00:00,0.4956,0.3456,0.8571,60,0.0333,0.0667,NOT_KEPT
hsm0130720816,hsm01307208,hsm013072,15082026_16k_production_4_seeds_4_sizes,hsmedium,2026-09-21T19:46:23+00:00,0.4956,0.3456,0.8571,60,0.0333,0.0667,NOT_KEPT
hsm0130720804,hsm01307208,hsm013072,15082026_16k_production_4_seeds_4_sizes,hsmedium,2026-09-21T19:46:23+00:00,0.4719,0.3155,0.7143,60,0.0333,0.0667,NOT_KEPT
hsm0130720805,hsm01307208,hsm013072,15082026_16k_production_4_seeds_4_sizes,hsmedium,2026-09-21T19:46:23+00:00,0.4633,0.3073,0.8571,60,0.0333,0.0667,NOT_KEPT
hsm0130720814,hsm01307208,hsm013072,15082026_16k_production_4_seeds_4_sizes,hsmedium,2026-09-21T19:46:23+00:00,0.4633,0.3073,0.8571,60,0.0333,0.0667,NOT_KEPT
hsm0130720808,hsm01307208,hsm013072,15082026_16k_production_4_seeds_4_sizes,hsmedium,2026-09-21T19:46:23+00:00,0.4468,0.2884,0.7143,60,0.0333,0.0667,NOT_KEPT
hsm0130720901,hsm01307209,hsm013072,15082026_16k_production_4_seeds_4_sizes,hsmedium,2026-09-21T19:46:23+00:00,0.7219,0.7666,0.7778,60,0.0333,0.0833,KEPT
hsm0130720902,hsm01307209,hsm013072,15082026_16k_production_4_seeds_4_sizes,hsmedium,2026-09-21T19:46:23+00:00,0.7219,0.7666,0.7778,60,0.0333,0.0833,KEPT
hsm0130720903,hsm01307209,hsm013072,15082026_16k_production_4_seeds_4_sizes,hsmedium,2026-09-21T19:46:23+00:00,0.7219,0.7666,0.7778,60,0.0333,0.0833,KEPT
hsm0130720904,hsm01307209,hsm013072,15082026_16k_production_4_seeds_4_sizes,hsmedium,2026-09-21T19:46:23+00:00,0.7219,0.7666,0.7778,60,0.0333,0.0833,NOT_KEPT
hsm0130720905,hsm01307209,hsm013072,15082026_16k_production_4_seeds_4_sizes,hsmedium,2026-09-21T19:46:23+00:00,0.7219,0.7666,0.7778,60,0.0333,0.0833,NOT_KEPT
hsm0130720906,hsm01307209,hsm013072,15082026_16k_production_4_seeds_4_sizes,hsmedium,2026-09-21T19:46:23+00:00,0.7219,0.7666,0.7778,60,0.0333,0.0833,NOT_KEPT
hsm0130720907,hsm01307209,hsm013072,15082026_16k_production_4_seeds_4_sizes,hsmedium,2026-09-21T19:46:23+00:00,0.7219,0.7666,0.7778,60,0.0333,0.0833,NOT_KEPT
hsm0130720908,hsm01307209,hsm013072,15082026_16k_production_4_seeds_4_sizes,hsmedium,2026-09-21T19:46:23+00:00,0.7219,0.7666,0.7778,60,0.0333,0.0833,NOT_KEPT
hsm0130720909,hsm01307209,hsm013072,15082026_16k_production_4_seeds_4_sizes,hsmedium,2026-09-21T19:46:23+00:00,0.7219,0.7666,0.7778,60,0.0333,0.0833,NOT_KEPT
hsm0130720910,hsm01307209,hsm013072,15082026_16k_production_4_seeds_4_sizes,hsmedium,2026-09-21T19:46:23+00:00,0.7219,0.7666,0.7778,60,0.0333,0.0833,NOT_KEPT
hsm0130720911,hsm01307209,hsm013072,15082026_16k_production_4_seeds_4_sizes,hsmedium,2026-09-21T19:46:23+00:00,0.7219,0.7666,0.7778,60,0.0333,0.0833,NOT_KEPT
hsm0130720912,hsm01307209,hsm013072,15082026_16k_production_4_seeds_4_sizes,hsmedium,2026-09-21T19:46:23+00:00,0.7219,0.7666,0.7778,60,0.0333,0.0833,NOT_KEPT
hsm0130720914,hsm01307209,hsm013072,15082026_16k_production_4_seeds_4_sizes,hsmedium,2026-09-21T19:46:23+00:00,0.7219,0.7666,0.7778,60,0.0333,0.0833,NOT_KEPT
hsm0130720915,hsm01307209,hsm013072,15082026_16k_production_4_seeds_4_sizes,hsmedium,2026-09-21T19:46:23+00:00,0.7219,0.7666,0.7778,60,0.0333,0.0833,NOT_KEPT
hsm0130720916,hsm01307209,hsm013072,15082026_16k_production_4_seeds_4_sizes,hsmedium,2026-09-21T19:46:23+00:00,0.7219,0.7666,0.7778,60,0.0333,0.0833,NOT_KEPT
hsm0130720913,hsm01307209,hsm013072,15082026_16k_production_4_seeds_4_sizes,hsmedium,2026-09-21T19:46:23+00:00,0.604,0.7665,0.6667,60,0.0333,0.0667,NOT_KEPT
hsm0130800003,hsm01308000,hsm013080,15082026_16k_production_4_seeds_4_sizes,hsmedium,2026-09-21T19:46:23+00:00,0.5243,0.3699,0.4444,59,0.0508,0.1017,KEPT
hsm0130800004,hsm01308000,hsm013080,15082026_16k_production_4_seeds_4_sizes,hsmedium,2026-09-21T19:46:23+00:00,0.5243,0.3699,0.4444,59,0.0508,0.1017,KEPT
hsm0130800006,hsm01308000,hsm013080,15082026_16k_production_4_seeds_4_sizes,hsmedium,2026-09-21T19:46:23+00:00,0.5243,0.3699,0.4444,59,0.0508,0.1017,KEPT
hsm0130800007,hsm01308000,hsm013080,15082026_16k_production_4_seeds_4_sizes,hsmedium,2026-09-21T19:46:23+00:00,0.5243,0.3699,0.4444,59,0.0508,0.1017,NOT_KEPT
hsm0130800008,hsm01308000,hsm013080,15082026_16k_production_4_seeds_4_sizes,hsmedium,2026-09-21T19:46:23+00:00,0.5243,0.3699,0.4444,59,0.0508,0.1017,NOT_KEPT
hsm0130800009,hsm01308000,hsm013080,15082026_16k_production_4_seeds_4_sizes,hsmedium,2026-09-21T19:46:23+00:00,0.5243,0.3699,0.4444,59,0.0508,0.1017,NOT_KEPT
hsm0130800012,hsm01308000,hsm013080,15082026_16k_production_4_seeds_4_sizes,hsmedium,2026-09-21T19:46:23+00:00,0.5243,0.3699,0.4444,59,0.0508,0.1017,NOT_KEPT
hsm0130800013,hsm01308000,hsm013080,15082026_16k_production_4_seeds_4_sizes,hsmedium,2026-09-21T19:46:23+00:00,0.5243,0.3699,0.4444,59,0.0508,0.1017,NOT_KEPT
hsm0130800014,hsm01308000,hsm013080,15082026_16k_production_4_seeds_4_sizes,hsmedium,2026-09-21T19:46:23+00:00,0.5243,0.3699,0.4444,59,0.0508,0.1017,NOT_KEPT
hsm0130800015,hsm01308000,hsm013080,15082026_16k_production_4_seeds_4_sizes,hsmedium,2026-09-21T19:46:23+00:00,0.5243,0.3699,0.4444,59,0.0508,0.1017,NOT_KEPT
hsm0130800016,hsm01308000,hsm013080,15082026_16k_production_4_seeds_4_sizes,hsmedium,2026-09-21T19:46:23+00:00,0.5243,0.3699,0.4444,59,0.0508,0.1017,NOT_KEPT
hsm0130800001,hsm01308000,hsm013080,15082026_16k_production_4_seeds_4_sizes,hsmedium,2026-09-21T19:46:23+00:00,0.5054,0.3462,0.4444,59,0.0508,0.1017,NOT_KEPT
hsm0130800002,hsm01308000,hsm013080,15082026_16k_production_4_seeds_4_sizes,hsmedium,2026-09-21T19:46:23+00:00,0.5054,0.3462,0.4444,59,0.0508,0.1017,NOT_KEPT
hsm0130800005,hsm01308000,hsm013080,15082026_16k_production_4_seeds_4_sizes,hsmedium,2026-09-21T19:46:23+00:00,0.5054,0.3462,0.4444,59,0.0508,0.1017,NOT_KEPT
hsm0130800011,hsm01308000,hsm013080,15082026_16k_production_4_seeds_4_sizes,hsmedium,2026-09-21T19:46:23+00:00,0.5054,0.3462,0.4444,59,0.0508,0.1017,NOT_KEPT
hsm0130800010,hsm01308000,hsm013080,15082026_16k_production_4_seeds_4_sizes,hsmedium,2026-09-21T19:46:23+00:00,0.4905,0.3281,0.4444,59,0.0508,0.1017,NOT_KEPT
hsm0130800511,hsm01308005,hsm013080,15082026_16k_production_4_seeds_4_sizes,hsmedium,2026-09-21T19:46:23+00:00,0.3806,0.2457,0.4444,59,0.0508,0.1017,KEPT
hsm0130800516,hsm01308005,hsm013080,15082026_16k_production_4_seeds_4_sizes,hsmedium,2026-09-21T19:46:23+00:00,0.3735,0.2388,0.4444,59,0.0508,0.1017,KEPT
hsm0130800507,hsm01308005,hsm013080,15082026_16k_production_4_seeds_4_sizes,hsmedium,2026-09-21T19:46:23+00:00,0.3637,0.2296,0.4444,59,0.0508,0.0847,KEPT
hsm0130800501,hsm01308005,hsm013080,15082026_16k_production_4_seeds_4_sizes,hsmedium,2026-09-21T19:46:23+00:00,0.3609,0.227,0.4444,59,0.0508,0.0847,NOT_KEPT
hsm0130800515,hsm01308005,hsm013080,15082026_16k_production_4_seeds_4_sizes,hsmedium,2026-09-21T19:46:23+00:00,0.3609,0.227,0.4444,59,0.0508,0.0847,NOT_KEPT
hsm0130800504,hsm01308005,hsm013080,15082026_16k_production_4_seeds_4_sizes,hsmedium,2026-09-21T19:46:23+00:00,0.357,0.2232,0.4444,59,0.0508,0.0847,NOT_KEPT
hsm0130800510,hsm01308005,hsm013080,15082026_16k_production_4_seeds_4_sizes,hsmedium,2026-09-21T19:46:23+00:00,0.3542,0.2206,0.4444,59,0.0508,0.0847,NOT_KEPT
hsm0130800503,hsm01308005,hsm013080,15082026_16k_production_4_seeds_4_sizes,hsmedium,2026-09-21T19:46:23+00:00,0.3537,0.2202,0.4444,59,0.0508,0.0847,NOT_KEPT
hsm0130800505,hsm01308005,hsm013080,15082026_16k_production_4_seeds_4_sizes,hsmedium,2026-09-21T19:46:23+00:00,0.3529,0.2194,0.4444,59,0.0508,0.0847,NOT_KEPT
hsm0130800508,hsm01308005,hsm013080,15082026_16k_production_4_seeds_4_sizes,hsmedium,2026-09-21T19:46:23+00:00,0.3473,0.2141,0.5556,59,0.0508,0.0847,NOT_KEPT
hsm0130800514,hsm01308005,hsm013080,15082026_16k_production_4_seeds_4_sizes,hsmedium,2026-09-21T19:46:23+00:00,0.3473,0.2141,0.5556,59,0.0508,0.0847,NOT_KEPT
hsm0130800502,hsm01308005,hsm013080,15082026_16k_production_4_seeds_4_sizes,hsmedium,2026-09-21T19:46:23+00:00,0.3472,0.2141,0.5556,59,0.0508,0.0847,NOT_KEPT
hsm0130800509,hsm01308005,hsm013080,15082026_16k_production_4_seeds_4_sizes,hsmedium,2026-09-21T19:46:23+00:00,0.3472,0.2141,0.5556,59,0.0508,0.0847,NOT_KEPT
hsm0130800512,hsm01308005,hsm013080,15082026_16k_production_4_seeds_4_sizes,hsmedium,2026-09-21T19:46:23+00:00,0.3453,0.2123,0.5556,59,0.0508,0.0847,NOT_KEPT
hsm0130800506,hsm01308005,hsm013080,15082026_16k_production_4_seeds_4_sizes,hsmedium,2026-09-21T19:46:23+00:00,0.3429,0.2101,0.5556,59,0.0508,0.0847,NOT_KEPT
hsm0130800513,hsm01308005,hsm013080,15082026_16k_production_4_seeds_4_sizes,hsmedium,2026-09-21T19:46:23+00:00,0.3247,0.1936,0.6667,59,0.0508,0.0847,NOT_KEPT
hsm0130801205,hsm01308012,hsm013080,15082026_16k_production_4_seeds_4_sizes,hsmedium,2026-09-21T19:46:23+00:00,0.4556,0.5176,0.7,59,0.0508,0.1186,KEPT
hsm0130801211,hsm01308012,hsm013080,15082026_16k_production_4_seeds_4_sizes,hsmedium,2026-09-21T19:46:23+00:00,0.4556,0.5176,0.7,59,0.0508,0.1186,KEPT
hsm0130801212,hsm01308012,hsm013080,15082026_16k_production_4_seeds_4_sizes,hsmedium,2026-09-21T19:46:23+00:00,0.4556,0.5176,0.7,59,0.0508,0.1186,KEPT
hsm0130801216,hsm01308012,hsm013080,15082026_16k_production_4_seeds_4_sizes,hsmedium,2026-09-21T19:46:23+00:00,0.4556,0.5176,0.7,59,0.0508,0.1186,NOT_KEPT
hsm0130801203,hsm01308012,hsm013080,15082026_16k_production_4_seeds_4_sizes,hsmedium,2026-09-21T19:46:23+00:00,0.4541,0.5263,0.7,59,0.0508,0.1186,NOT_KEPT
hsm0130801209,hsm01308012,hsm013080,15082026_16k_production_4_seeds_4_sizes,hsmedium,2026-09-21T19:46:23+00:00,0.4541,0.5263,0.7,59,0.0508,0.1186,NOT_KEPT
hsm0130801210,hsm01308012,hsm013080,15082026_16k_production_4_seeds_4_sizes,hsmedium,2026-09-21T19:46:23+00:00,0.4541,0.5263,0.7,59,0.0508,0.1186,NOT_KEPT
hsm0130801213,hsm01308012,hsm013080,15082026_16k_production_4_seeds_4_sizes,hsmedium,2026-09-21T19:46:23+00:00,0.4541,0.5263,0.7,59,0.0508,0.1186,NOT_KEPT
hsm0130801215,hsm01308012,hsm013080,15082026_16k_production_4_seeds_4_sizes,hsmedium,2026-09-21T19:46:23+00:00,0.4541,0.5263,0.7,59,0.0508,0.1186,NOT_KEPT
hsm0130801207,hsm01308012,hsm013080,15082026_16k_production_4_seeds_4_sizes,hsmedium,2026-09-21T19:46:23+00:00,0.4423,0.5263,0.6,59,0.0508,0.1186,NOT_KEPT
hsm0130801208,hsm01308012,hsm013080,15082026_16k_production_4_seeds_4_sizes,hsmedium,2026-09-21T19:46:23+00:00,0.4423,0.5263,0.6,59,0.0508,0.1186,NOT_KEPT
hsm0130801214,hsm01308012,hsm013080,15082026_16k_production_4_seeds_4_sizes,hsmedium,2026-09-21T19:46:23+00:00,0.4423,0.5263,0.6,59,0.0508,0.1186,NOT_KEPT
hsm0130801202,hsm01308012,hsm013080,15082026_16k_production_4_seeds_4_sizes,hsmedium,2026-09-21T19:46:23+00:00,0.4068,0.5159,0.7,59,0.0508,0.1017,NOT_KEPT
hsm0130801204,hsm01308012,hsm013080,15082026_16k_production_4_seeds_4_sizes,hsmedium,2026-09-21T19:46:23+00:00,0.4055,0.5249,0.7,59,0.0508,0.1017,NOT_KEPT
hsm0130801201,hsm01308012,hsm013080,15082026_16k_production_4_seeds_4_sizes,hsmedium,2026-09-21T19:46:23+00:00,0.3912,0.4151,0.6,59,0.0508,0.1186,NOT_KEPT
hsm0130801206,hsm01308012,hsm013080,15082026_16k_production_4_seeds_4_sizes,hsmedium,2026-09-21T19:46:23+00:00,0.3695,0.526,0.7,59,0.0508,0.1017,NOT_KEPT
hsx0150691604,hsx01506916,hsx015069,15082026_16k_production_4_seeds_4_sizes,hsxlarge,2026-09-21T19:46:23+00:00,0.3433,0.25,0.5333,86,0.0233,0.0581,KEPT
hsx0150691606,hsx01506916,hsx015069,15082026_16k_production_4_seeds_4_sizes,hsxlarge,2026-09-21T19:46:23+00:00,0.3433,0.25,0.5333,86,0.0233,0.0581,KEPT
hsx0150691607,hsx01506916,hsx015069,15082026_16k_production_4_seeds_4_sizes,hsxlarge,2026-09-21T19:46:23+00:00,0.3433,0.25,0.5333,86,0.0233,0.0581,KEPT
hsx0150691613,hsx01506916,hsx015069,15082026_16k_production_4_seeds_4_sizes,hsxlarge,2026-09-21T19:46:23+00:00,0.3433,0.25,0.5333,86,0.0233,0.0581,NOT_KEPT
hsx0150691614,hsx01506916,hsx015069,15082026_16k_production_4_seeds_4_sizes,hsxlarge,2026-09-21T19:46:23+00:00,0.3433,0.25,0.5333,86,0.0233,0.0581,NOT_KEPT
hsx0150691616,hsx01506916,hsx015069,15082026_16k_production_4_seeds_4_sizes,hsxlarge,2026-09-21T19:46:23+00:00,0.3433,0.25,0.5333,86,0.0233,0.0581,NOT_KEPT
hsx0150691602,hsx01506916,hsx015069,15082026_16k_production_4_seeds_4_sizes,hsxlarge,2026-09-21T19:46:23+00:00,0.3399,0.2487,0.4,86,0.0233,0.0698,NOT_KEPT
hsx0150691615,hsx01506916,hsx015069,15082026_16k_production_4_seeds_4_sizes,hsxlarge,2026-09-21T19:46:23+00:00,0.3368,0.2358,0.5333,86,0.0233,0.0581,NOT_KEPT
hsx0150691609,hsx01506916,hsx015069,15082026_16k_production_4_seeds_4_sizes,hsxlarge,2026-09-21T19:46:23+00:00,0.3367,0.2479,0.4667,86,0.0233,0.0581,NOT_KEPT
hsx0150691605,hsx01506916,hsx015069,15082026_16k_production_4_seeds_4_sizes,hsxlarge,2026-09-21T19:46:23+00:00,0.3331,0.241,0.4,86,0.0233,0.0581,NOT_KEPT
hsx0150691601,hsx01506916,hsx015069,15082026_16k_production_4_seeds_4_sizes,hsxlarge,2026-09-21T19:46:23+00:00,0.3318,0.2315,0.4,86,0.0233,0.0581,NOT_KEPT
hsx0150691611,hsx01506916,hsx015069,15082026_16k_production_4_seeds_4_sizes,hsxlarge,2026-09-21T19:46:23+00:00,0.3318,0.2315,0.4,86,0.0233,0.0581,NOT_KEPT
hsx0150691603,hsx01506916,hsx015069,15082026_16k_production_4_seeds_4_sizes,hsxlarge,2026-09-21T19:46:23+00:00,0.3182,0.2477,0.4667,86,0.0233,0.0581,NOT_KEPT
hsx0150691608,hsx01506916,hsx015069,15082026_16k_production_4_seeds_4_sizes,hsxlarge,2026-09-21T19:46:23+00:00,0.3032,0.1833,0.4,86,0.0233,0.0581,NOT_KEPT
hsx0150691612,hsx01506916,hsx015069,15082026_16k_production_4_seeds_4_sizes,hsxlarge,2026-09-21T19:46:23+00:00,0.2986,0.1818,0.4667,86,0.0233,0.0465,NOT_KEPT
hsx0150691610,hsx01506916,hsx015069,15082026_16k_production_4_seeds_4_sizes,hsxlarge,2026-09-21T19:46:23+00:00,0.2984,0.1809,0.4,86,0.0233,0.0465,NOT_KEPT
hsx0151650716,hsx01516507,hsx015165,15082026_16k_production_4_seeds_4_sizes,hsxlarge,2026-09-21T19:46:23+00:00,0.353,0.2943,0.3846,98,0.0510,0.0918,KEPT
hsx0151650710,hsx01516507,hsx015165,15082026_16k_production_4_seeds_4_sizes,hsxlarge,2026-09-21T19:46:23+00:00,0.3392,0.2898,0.4615,98,0.0408,0.0918,KEPT
hsx0151650713,hsx01516507,hsx015165,15082026_16k_production_4_seeds_4_sizes,hsxlarge,2026-09-21T19:46:23+00:00,0.3278,0.258,0.3846,98,0.0408,0.0918,KEPT
hsx0151650714,hsx01516507,hsx015165,15082026_16k_production_4_seeds_4_sizes,hsxlarge,2026-09-21T19:46:23+00:00,0.3252,0.2747,0.6154,98,0.0408,0.0918,NOT_KEPT
hsx0151650706,hsx01516507,hsx015165,15082026_16k_production_4_seeds_4_sizes,hsxlarge,2026-09-21T19:46:23+00:00,0.3238,0.2799,0.3846,98,0.0408,0.0918,NOT_KEPT
hsx0151650712,hsx01516507,hsx015165,15082026_16k_production_4_seeds_4_sizes,hsxlarge,2026-09-21T19:46:23+00:00,0.3232,0.2898,0.3846,98,0.0408,0.0918,NOT_KEPT
hsx0151650704,hsx01516507,hsx015165,15082026_16k_production_4_seeds_4_sizes,hsxlarge,2026-09-21T19:46:23+00:00,0.3224,0.2898,0.3846,98,0.0408,0.0918,NOT_KEPT
hsx0151650703,hsx01516507,hsx015165,15082026_16k_production_4_seeds_4_sizes,hsxlarge,2026-09-21T19:46:23+00:00,0.3217,0.244,0.3077,98,0.0510,0.0918,NOT_KEPT
hsx0151650702,hsx01516507,hsx015165,15082026_16k_production_4_seeds_4_sizes,hsxlarge,2026-09-21T19:46:23+00:00,0.3209,0.2747,0.4615,98,0.0408,0.0918,NOT_KEPT
hsx0151650705,hsx01516507,hsx015165,15082026_16k_production_4_seeds_4_sizes,hsxlarge,2026-09-21T19:46:23+00:00,0.3195,0.2584,0.4615,98,0.0408,0.0918,NOT_KEPT
hsx0151650708,hsx01516507,hsx015165,15082026_16k_production_4_seeds_4_sizes,hsxlarge,2026-09-21T19:46:23+00:00,0.3156,0.2492,0.4615,98,0.0408,0.0918,NOT_KEPT
hsx0151650715,hsx01516507,hsx015165,15082026_16k_production_4_seeds_4_sizes,hsxlarge,2026-09-21T19:46:23+00:00,0.3105,0.2709,0.3077,98,0.0408,0.0918,NOT_KEPT
hsx0151650701,hsx01516507,hsx015165,15082026_16k_production_4_seeds_4_sizes,hsxlarge,2026-09-21T19:46:23+00:00,0.3094,0.2703,0.4615,98,0.0408,0.0918,NOT_KEPT
hsx0151650709,hsx01516507,hsx015165,15082026_16k_production_4_seeds_4_sizes,hsxlarge,2026-09-21T19:46:23+00:00,0.3087,0.2584,0.3846,98,0.0408,0.0918,NOT_KEPT
hsx0151650711,hsx01516507,hsx015165,15082026_16k_production_4_seeds_4_sizes,hsxlarge,2026-09-21T19:46:23+00:00,0.2872,0.2215,0.5385,98,0.0408,0.0816,NOT_KEPT
hsx0151650707,hsx01516507,hsx015165,15082026_16k_production_4_seeds_4_sizes,hsxlarge,2026-09-21T19:46:23+00:00,0.2794,0.2352,0.3846,98,0.0408,0.0816,NOT_KEPT
hsx0151650905,hsx01516509,hsx015165,15082026_16k_production_4_seeds_4_sizes,hsxlarge,2026-09-21T19:46:23+00:00,0.4889,0.4243,0.5333,98,0.0408,0.1327,KEPT
hsx0151650907,hsx01516509,hsx015165,15082026_16k_production_4_seeds_4_sizes,hsxlarge,2026-09-21T19:46:23+00:00,0.4889,0.4243,0.5333,98,0.0408,0.1327,KEPT
hsx0151650915,hsx01516509,hsx015165,15082026_16k_production_4_seeds_4_sizes,hsxlarge,2026-09-21T19:46:23+00:00,0.4889,0.4243,0.5333,98,0.0408,0.1327,KEPT
hsx0151650916,hsx01516509,hsx015165,15082026_16k_production_4_seeds_4_sizes,hsxlarge,2026-09-21T19:46:23+00:00,0.4889,0.4243,0.5333,98,0.0408,0.1327,NOT_KEPT
hsx0151650913,hsx01516509,hsx015165,15082026_16k_production_4_seeds_4_sizes,hsxlarge,2026-09-21T19:46:23+00:00,0.4869,0.426,0.5333,98,0.0408,0.1327,NOT_KEPT
hsx0151650906,hsx01516509,hsx015165,15082026_16k_production_4_seeds_4_sizes,hsxlarge,2026-09-21T19:46:23+00:00,0.4777,0.4361,0.6,98,0.0408,0.1224,NOT_KEPT
hsx0151650912,hsx01516509,hsx015165,15082026_16k_production_4_seeds_4_sizes,hsxlarge,2026-09-21T19:46:23+00:00,0.4777,0.4361,0.6,98,0.0408,0.1224,NOT_KEPT
hsx0151650901,hsx01516509,hsx015165,15082026_16k_production_4_seeds_4_sizes,hsxlarge,2026-09-21T19:46:23+00:00,0.4757,0.4356,0.6,98,0.0408,0.1224,NOT_KEPT
hsx0151650902,hsx01516509,hsx015165,15082026_16k_production_4_seeds_4_sizes,hsxlarge,2026-09-21T19:46:23+00:00,0.4757,0.4356,0.6,98,0.0408,0.1224,NOT_KEPT
hsx0151650904,hsx01516509,hsx015165,15082026_16k_production_4_seeds_4_sizes,hsxlarge,2026-09-21T19:46:23+00:00,0.4757,0.4356,0.6,98,0.0408,0.1224,NOT_KEPT
hsx0151650908,hsx01516509,hsx015165,15082026_16k_production_4_seeds_4_sizes,hsxlarge,2026-09-21T19:46:23+00:00,0.4757,0.4356,0.6,98,0.0408,0.1224,NOT_KEPT
hsx0151650909,hsx01516509,hsx015165,15082026_16k_production_4_seeds_4_sizes,hsxlarge,2026-09-21T19:46:23+00:00,0.4757,0.4356,0.6,98,0.0408,0.1224,NOT_KEPT
hsx0151650910,hsx01516509,hsx015165,15082026_16k_production_4_seeds_4_sizes,hsxlarge,2026-09-21T19:46:23+00:00,0.4757,0.4356,0.6,98,0.0408,0.1224,NOT_KEPT
hsx0151650911,hsx01516509,hsx015165,15082026_16k_production_4_seeds_4_sizes,hsxlarge,2026-09-21T19:46:23+00:00,0.4757,0.4356,0.6,98,0.0408,0.1224,NOT_KEPT
hsx0151650914,hsx01516509,hsx015165,15082026_16k_production_4_seeds_4_sizes,hsxlarge,2026-09-21T19:46:23+00:00,0.4687,0.4184,0.5333,98,0.0408,0.1224,NOT_KEPT
hsx0151650903,hsx01516509,hsx015165,15082026_16k_production_4_seeds_4_sizes,hsxlarge,2026-09-21T19:46:23+00:00,0.4548,0.3848,0.6,98,0.0408,0.1224,NOT_KEPT
hsx0157540605,hsx01575406,hsx015754,15082026_16k_production_4_seeds_4_sizes,hsxlarge,2026-09-21T19:46:23+00:00,0.4656,0.3913,0.5714,92,0.0978,0.1304,KEPT
hsx0157540608,hsx01575406,hsx015754,15082026_16k_production_4_seeds_4_sizes,hsxlarge,2026-09-21T19:46:23+00:00,0.4656,0.3913,0.5714,92,0.0978,0.1304,KEPT
hsx0157540611,hsx01575406,hsx015754,15082026_16k_production_4_seeds_4_sizes,hsxlarge,2026-09-21T19:46:23+00:00,0.4656,0.3913,0.5714,92,0.0978,0.1304,KEPT
hsx0157540614,hsx01575406,hsx015754,15082026_16k_production_4_seeds_4_sizes,hsxlarge,2026-09-21T19:46:23+00:00,0.4656,0.3913,0.5714,92,0.0978,0.1304,NOT_KEPT
hsx0157540604,hsx01575406,hsx015754,15082026_16k_production_4_seeds_4_sizes,hsxlarge,2026-09-21T19:46:23+00:00,0.4553,0.3914,0.5,92,0.0978,0.1304,NOT_KEPT
hsx0157540607,hsx01575406,hsx015754,15082026_16k_production_4_seeds_4_sizes,hsxlarge,2026-09-21T19:46:23+00:00,0.4553,0.3914,0.5,92,0.0978,0.1304,NOT_KEPT
hsx0157540616,hsx01575406,hsx015754,15082026_16k_production_4_seeds_4_sizes,hsxlarge,2026-09-21T19:46:23+00:00,0.4553,0.3914,0.5,92,0.0978,0.1304,NOT_KEPT
hsx0157540615,hsx01575406,hsx015754,15082026_16k_production_4_seeds_4_sizes,hsxlarge,2026-09-21T19:46:23+00:00,0.452,0.3918,0.5,92,0.0978,0.1304,NOT_KEPT
hsx0157540613,hsx01575406,hsx015754,15082026_16k_production_4_seeds_4_sizes,hsxlarge,2026-09-21T19:46:23+00:00,0.4461,0.3522,0.5714,92,0.0978,0.1304,NOT_KEPT
hsx0157540601,hsx01575406,hsx015754,15082026_16k_production_4_seeds_4_sizes,hsxlarge,2026-09-21T19:46:23+00:00,0.4424,0.344,0.5714,92,0.0978,0.1196,NOT_KEPT
hsx0157540606,hsx01575406,hsx015754,15082026_16k_production_4_seeds_4_sizes,hsxlarge,2026-09-21T19:46:23+00:00,0.4424,0.344,0.5714,92,0.0978,0.1196,NOT_KEPT
hsx0157540602,hsx01575406,hsx015754,15082026_16k_production_4_seeds_4_sizes,hsxlarge,2026-09-21T19:46:23+00:00,0.4394,0.3352,0.5714,92,0.0978,0.1196,NOT_KEPT
hsx0157540603,hsx01575406,hsx015754,15082026_16k_production_4_seeds_4_sizes,hsxlarge,2026-09-21T19:46:23+00:00,0.4313,0.3441,0.5,92,0.0978,0.1196,NOT_KEPT
hsx0157540609,hsx01575406,hsx015754,15082026_16k_production_4_seeds_4_sizes,hsxlarge,2026-09-21T19:46:23+00:00,0.4313,0.3441,0.5,92,0.0978,0.1196,NOT_KEPT
hsx0157540610,hsx01575406,hsx015754,15082026_16k_production_4_seeds_4_sizes,hsxlarge,2026-09-21T19:46:23+00:00,0.4312,0.3405,0.5,92,0.0978,0.1196,NOT_KEPT
hsx0157540612,hsx01575406,hsx015754,15082026_16k_production_4_seeds_4_sizes,hsxlarge,2026-09-21T19:46:23+00:00,0.3994,0.2728,0.5714,92,0.0978,0.1196,NOT_KEPT
hsx0158640106,hsx01586401,hsx015864,15082026_16k_production_4_seeds_4_sizes,hsxlarge,2026-09-21T19:46:23+00:00,0.3894,0.2839,0.4545,82,0.0610,0.1098,KEPT
hsx0158640109,hsx01586401,hsx015864,15082026_16k_production_4_seeds_4_sizes,hsxlarge,2026-09-21T19:46:23+00:00,0.3894,0.2839,0.4545,82,0.0610,0.1098,KEPT
hsx0158640116,hsx01586401,hsx015864,15082026_16k_production_4_seeds_4_sizes,hsxlarge,2026-09-21T19:46:23+00:00,0.3857,0.2839,0.4545,82,0.0610,0.1098,KEPT
hsx0158640113,hsx01586401,hsx015864,15082026_16k_production_4_seeds_4_sizes,hsxlarge,2026-09-21T19:46:23+00:00,0.3826,0.2788,0.4545,82,0.0610,0.1098,NOT_KEPT
hsx0158640107,hsx01586401,hsx015864,15082026_16k_production_4_seeds_4_sizes,hsxlarge,2026-09-21T19:46:23+00:00,0.3812,0.2808,0.4545,82,0.0610,0.1098,NOT_KEPT
hsx0158640115,hsx01586401,hsx015864,15082026_16k_production_4_seeds_4_sizes,hsxlarge,2026-09-21T19:46:23+00:00,0.3812,0.2808,0.4545,82,0.0610,0.1098,NOT_KEPT
hsx0158640101,hsx01586401,hsx015864,15082026_16k_production_4_seeds_4_sizes,hsxlarge,2026-09-21T19:46:23+00:00,0.3759,0.2682,0.4545,82,0.0610,0.1098,NOT_KEPT
hsx0158640104,hsx01586401,hsx015864,15082026_16k_production_4_seeds_4_sizes,hsxlarge,2026-09-21T19:46:23+00:00,0.3759,0.2682,0.4545,82,0.0610,0.1098,NOT_KEPT
hsx0158640111,hsx01586401,hsx015864,15082026_16k_production_4_seeds_4_sizes,hsxlarge,2026-09-21T19:46:23+00:00,0.3722,0.2571,0.4545,82,0.0610,0.1098,NOT_KEPT
hsx0158640102,hsx01586401,hsx015864,15082026_16k_production_4_seeds_4_sizes,hsxlarge,2026-09-21T19:46:23+00:00,0.37,0.2591,0.4545,82,0.0610,0.1098,NOT_KEPT
hsx0158640103,hsx01586401,hsx015864,15082026_16k_production_4_seeds_4_sizes,hsxlarge,2026-09-21T19:46:23+00:00,0.3671,0.2545,0.4545,82,0.0610,0.1098,NOT_KEPT
hsx0158640110,hsx01586401,hsx015864,15082026_16k_production_4_seeds_4_sizes,hsxlarge,2026-09-21T19:46:23+00:00,0.3645,0.2556,0.4545,82,0.0610,0.1098,NOT_KEPT
hsx0158640114,hsx01586401,hsx015864,15082026_16k_production_4_seeds_4_sizes,hsxlarge,2026-09-21T19:46:23+00:00,0.3607,0.2442,0.4545,82,0.0610,0.1098,NOT_KEPT
hsx0158640112,hsx01586401,hsx015864,15082026_16k_production_4_seeds_4_sizes,hsxlarge,2026-09-21T19:46:23+00:00,0.36,0.2753,0.4545,82,0.0610,0.1098,NOT_KEPT
hsx0158640108,hsx01586401,hsx015864,15082026_16k_production_4_seeds_4_sizes,hsxlarge,2026-09-21T19:46:23+00:00,0.3342,0.2071,0.3636,82,0.0610,0.0976,NOT_KEPT
hsx0158640105,hsx01586401,hsx015864,15082026_16k_production_4_seeds_4_sizes,hsxlarge,2026-09-21T19:46:23+00:00,0.3129,0.1987,0.4545,82,0.0610,0.1098,NOT_KEPT
htl0062540101,htl00625401,htl006254,15082026_16k_production_4_seeds_4_sizes,htlarge,2026-09-21T19:46:23+00:00,0.4657,0.4019,0.7273,65,0.0923,0.0923,KEPT
htl0062540102,htl00625401,htl006254,15082026_16k_production_4_seeds_4_sizes,htlarge,2026-09-21T19:46:23+00:00,0.4657,0.4019,0.7273,65,0.0923,0.0923,KEPT
htl0062540103,htl00625401,htl006254,15082026_16k_production_4_seeds_4_sizes,htlarge,2026-09-21T19:46:23+00:00,0.4657,0.4019,0.7273,65,0.0923,0.0923,KEPT
htl0062540104,htl00625401,htl006254,15082026_16k_production_4_seeds_4_sizes,htlarge,2026-09-21T19:46:23+00:00,0.4657,0.4019,0.7273,65,0.0923,0.0923,NOT_KEPT
htl0062540105,htl00625401,htl006254,15082026_16k_production_4_seeds_4_sizes,htlarge,2026-09-21T19:46:23+00:00,0.4657,0.4019,0.7273,65,0.0923,0.0923,NOT_KEPT
htl0062540109,htl00625401,htl006254,15082026_16k_production_4_seeds_4_sizes,htlarge,2026-09-21T19:46:23+00:00,0.4657,0.4019,0.7273,65,0.0923,0.0923,NOT_KEPT
htl0062540110,htl00625401,htl006254,15082026_16k_production_4_seeds_4_sizes,htlarge,2026-09-21T19:46:23+00:00,0.4657,0.4019,0.7273,65,0.0923,0.0923,NOT_KEPT
htl0062540111,htl00625401,htl006254,15082026_16k_production_4_seeds_4_sizes,htlarge,2026-09-21T19:46:23+00:00,0.4657,0.4019,0.7273,65,0.0923,0.0923,NOT_KEPT
htl0062540112,htl00625401,htl006254,15082026_16k_production_4_seeds_4_sizes,htlarge,2026-09-21T19:46:23+00:00,0.4657,0.4019,0.7273,65,0.0923,0.0923,NOT_KEPT
htl0062540113,htl00625401,htl006254,15082026_16k_production_4_seeds_4_sizes,htlarge,2026-09-21T19:46:23+00:00,0.4657,0.4019,0.7273,65,0.0923,0.0923,NOT_KEPT
htl0062540114,htl00625401,htl006254,15082026_16k_production_4_seeds_4_sizes,htlarge,2026-09-21T19:46:23+00:00,0.4367,0.361,0.6364,65,0.0923,0.0923,NOT_KEPT
htl0062540116,htl00625401,htl006254,15082026_16k_production_4_seeds_4_sizes,htlarge,2026-09-21T19:46:23+00:00,0.4287,0.35,0.7273,65,0.0923,0.0923,NOT_KEPT
htl0062540106,htl00625401,htl006254,15082026_16k_production_4_seeds_4_sizes,htlarge,2026-09-21T19:46:23+00:00,0.3947,0.306,0.5455,65,0.0923,0.0769,NOT_KEPT
htl0062540107,htl00625401,htl006254,15082026_16k_production_4_seeds_4_sizes,htlarge,2026-09-21T19:46:23+00:00,0.3947,0.306,0.5455,65,0.0923,0.0769,NOT_KEPT
htl0062540108,htl00625401,htl006254,15082026_16k_production_4_seeds_4_sizes,htlarge,2026-09-21T19:46:23+00:00,0.3947,0.306,0.5455,65,0.0923,0.0769,NOT_KEPT
htl0062540115,htl00625401,htl006254,15082026_16k_production_4_seeds_4_sizes,htlarge,2026-09-21T19:46:23+00:00,0.3757,0.3143,0.6364,65,0.0923,0.0923,NOT_KEPT
htl0062540301,htl00625403,htl006254,15082026_16k_production_4_seeds_4_sizes,htlarge,2026-09-21T19:46:23+00:00,0.4378,0.3628,0.4545,65,0.0923,0.1077,KEPT
htl0062540302,htl00625403,htl006254,15082026_16k_production_4_seeds_4_sizes,htlarge,2026-09-21T19:46:23+00:00,0.4378,0.3628,0.4545,65,0.0923,0.1077,KEPT
htl0062540303,htl00625403,htl006254,15082026_16k_production_4_seeds_4_sizes,htlarge,2026-09-21T19:46:23+00:00,0.4378,0.3628,0.4545,65,0.0923,0.1077,KEPT
htl0062540304,htl00625403,htl006254,15082026_16k_production_4_seeds_4_sizes,htlarge,2026-09-21T19:46:23+00:00,0.4378,0.3628,0.4545,65,0.0923,0.1077,NOT_KEPT
htl0062540305,htl00625403,htl006254,15082026_16k_production_4_seeds_4_sizes,htlarge,2026-09-21T19:46:23+00:00,0.4378,0.3628,0.4545,65,0.0923,0.1077,NOT_KEPT
htl0062540307,htl00625403,htl006254,15082026_16k_production_4_seeds_4_sizes,htlarge,2026-09-21T19:46:23+00:00,0.4378,0.3628,0.4545,65,0.0923,0.1077,NOT_KEPT
htl0062540308,htl00625403,htl006254,15082026_16k_production_4_seeds_4_sizes,htlarge,2026-09-21T19:46:23+00:00,0.4378,0.3628,0.4545,65,0.0923,0.1077,NOT_KEPT
htl0062540309,htl00625403,htl006254,15082026_16k_production_4_seeds_4_sizes,htlarge,2026-09-21T19:46:23+00:00,0.4378,0.3628,0.4545,65,0.0923,0.1077,NOT_KEPT
htl0062540310,htl00625403,htl006254,15082026_16k_production_4_seeds_4_sizes,htlarge,2026-09-21T19:46:23+00:00,0.4378,0.3628,0.4545,65,0.0923,0.1077,NOT_KEPT
htl0062540312,htl00625403,htl006254,15082026_16k_production_4_seeds_4_sizes,htlarge,2026-09-21T19:46:23+00:00,0.4378,0.3628,0.4545,65,0.0923,0.1077,NOT_KEPT
htl0062540313,htl00625403,htl006254,15082026_16k_production_4_seeds_4_sizes,htlarge,2026-09-21T19:46:23+00:00,0.4378,0.3628,0.4545,65,0.0923,0.1077,NOT_KEPT
htl0062540314,htl00625403,htl006254,15082026_16k_production_4_seeds_4_sizes,htlarge,2026-09-21T19:46:23+00:00,0.4378,0.3628,0.4545,65,0.0923,0.1077,NOT_KEPT
htl0062540315,htl00625403,htl006254,15082026_16k_production_4_seeds_4_sizes,htlarge,2026-09-21T19:46:23+00:00,0.4378,0.3628,0.4545,65,0.0923,0.1077,NOT_KEPT
htl0062540316,htl00625403,htl006254,15082026_16k_production_4_seeds_4_sizes,htlarge,2026-09-21T19:46:23+00:00,0.4378,0.3628,0.4545,65,0.0923,0.1077,NOT_KEPT
htl0062540311,htl00625403,htl006254,15082026_16k_production_4_seeds_4_sizes,htlarge,2026-09-21T19:46:23+00:00,0.4242,0.3291,0.5455,65,0.0923,0.1077,NOT_KEPT
htl0062540306,htl00625403,htl006254,15082026_16k_production_4_seeds_4_sizes,htlarge,2026-09-21T19:46:23+00:00,0.4168,0.3106,0.4545,65,0.0923,0.1077,NOT_KEPT
htl0062540502,htl00625405,htl006254,15082026_16k_production_4_seeds_4_sizes,htlarge,2026-09-21T19:46:23+00:00,0.4174,0.3218,0.7,65,0.0769,0.0923,KEPT
htl0062540504,htl00625405,htl006254,15082026_16k_production_4_seeds_4_sizes,htlarge,2026-09-21T19:46:23+00:00,0.4174,0.3218,0.7,65,0.0769,0.0923,KEPT
htl0062540510,htl00625405,htl006254,15082026_16k_production_4_seeds_4_sizes,htlarge,2026-09-21T19:46:23+00:00,0.4174,0.3218,0.7,65,0.0769,0.0923,KEPT
htl0062540511,htl00625405,htl006254,15082026_16k_production_4_seeds_4_sizes,htlarge,2026-09-21T19:46:23+00:00,0.4174,0.3218,0.7,65,0.0769,0.0923,NOT_KEPT
htl0062540515,htl00625405,htl006254,15082026_16k_production_4_seeds_4_sizes,htlarge,2026-09-21T19:46:23+00:00,0.4174,0.3218,0.7,65,0.0769,0.0923,NOT_KEPT
htl0062540501,htl00625405,htl006254,15082026_16k_production_4_seeds_4_sizes,htlarge,2026-09-21T19:46:23+00:00,0.4142,0.3181,0.6,65,0.0769,0.0923,NOT_KEPT
htl0062540506,htl00625405,htl006254,15082026_16k_production_4_seeds_4_sizes,htlarge,2026-09-21T19:46:23+00:00,0.4142,0.3181,0.6,65,0.0769,0.0923,NOT_KEPT
htl0062540513,htl00625405,htl006254,15082026_16k_production_4_seeds_4_sizes,htlarge,2026-09-21T19:46:23+00:00,0.4142,0.3181,0.6,65,0.0769,0.0923,NOT_KEPT
htl0062540508,htl00625405,htl006254,15082026_16k_production_4_seeds_4_sizes,htlarge,2026-09-21T19:46:23+00:00,0.4081,0.31,0.7,65,0.0769,0.0923,NOT_KEPT
htl0062540514,htl00625405,htl006254,15082026_16k_production_4_seeds_4_sizes,htlarge,2026-09-21T19:46:23+00:00,0.4081,0.31,0.7,65,0.0769,0.0923,NOT_KEPT
htl0062540507,htl00625405,htl006254,15082026_16k_production_4_seeds_4_sizes,htlarge,2026-09-21T19:46:23+00:00,0.3998,0.2999,0.6,65,0.0769,0.0923,NOT_KEPT
htl0062540503,htl00625405,htl006254,15082026_16k_production_4_seeds_4_sizes,htlarge,2026-09-21T19:46:23+00:00,0.3926,0.2901,0.6,65,0.0769,0.0923,NOT_KEPT
htl0062540512,htl00625405,htl006254,15082026_16k_production_4_seeds_4_sizes,htlarge,2026-09-21T19:46:23+00:00,0.3889,0.2875,0.6,65,0.0769,0.0923,NOT_KEPT
htl0062540509,htl00625405,htl006254,15082026_16k_production_4_seeds_4_sizes,htlarge,2026-09-21T19:46:23+00:00,0.3883,0.2853,0.7,65,0.0769,0.0923,NOT_KEPT
htl0062540516,htl00625405,htl006254,15082026_16k_production_4_seeds_4_sizes,htlarge,2026-09-21T19:46:23+00:00,0.3792,0.3195,0.7,65,0.0769,0.0923,NOT_KEPT
htl0062540505,htl00625405,htl006254,15082026_16k_production_4_seeds_4_sizes,htlarge,2026-09-21T19:46:23+00:00,0.3611,0.2654,0.4,65,0.0769,0.0923,NOT_KEPT
htl0062970801,htl00629708,htl006297,15082026_16k_production_4_seeds_4_sizes,htlarge,2026-09-21T19:46:23+00:00,0.6822,0.5793,0.7692,68,0.0294,0.1029,KEPT
htl0062970803,htl00629708,htl006297,15082026_16k_production_4_seeds_4_sizes,htlarge,2026-09-21T19:46:23+00:00,0.6822,0.5793,0.7692,68,0.0294,0.1029,KEPT
htl0062970804,htl00629708,htl006297,15082026_16k_production_4_seeds_4_sizes,htlarge,2026-09-21T19:46:23+00:00,0.6822,0.5793,0.7692,68,0.0294,0.1029,KEPT
htl0062970806,htl00629708,htl006297,15082026_16k_production_4_seeds_4_sizes,htlarge,2026-09-21T19:46:23+00:00,0.6822,0.5793,0.7692,68,0.0294,0.1029,NOT_KEPT
htl0062970807,htl00629708,htl006297,15082026_16k_production_4_seeds_4_sizes,htlarge,2026-09-21T19:46:23+00:00,0.6822,0.5793,0.7692,68,0.0294,0.1029,NOT_KEPT
htl0062970808,htl00629708,htl006297,15082026_16k_production_4_seeds_4_sizes,htlarge,2026-09-21T19:46:23+00:00,0.6822,0.5793,0.7692,68,0.0294,0.1029,NOT_KEPT
htl0062970809,htl00629708,htl006297,15082026_16k_production_4_seeds_4_sizes,htlarge,2026-09-21T19:46:23+00:00,0.6822,0.5793,0.7692,68,0.0294,0.1029,NOT_KEPT
htl0062970810,htl00629708,htl006297,15082026_16k_production_4_seeds_4_sizes,htlarge,2026-09-21T19:46:23+00:00,0.6822,0.5793,0.7692,68,0.0294,0.1029,NOT_KEPT
htl0062970811,htl00629708,htl006297,15082026_16k_production_4_seeds_4_sizes,htlarge,2026-09-21T19:46:23+00:00,0.6822,0.5793,0.7692,68,0.0294,0.1029,NOT_KEPT
htl0062970812,htl00629708,htl006297,15082026_16k_production_4_seeds_4_sizes,htlarge,2026-09-21T19:46:23+00:00,0.6822,0.5793,0.7692,68,0.0294,0.1029,NOT_KEPT
htl0062970815,htl00629708,htl006297,15082026_16k_production_4_seeds_4_sizes,htlarge,2026-09-21T19:46:23+00:00,0.6822,0.5793,0.7692,68,0.0294,0.1029,NOT_KEPT
htl0062970816,htl00629708,htl006297,15082026_16k_production_4_seeds_4_sizes,htlarge,2026-09-21T19:46:23+00:00,0.6822,0.5793,0.7692,68,0.0294,0.1029,NOT_KEPT
htl0062970802,htl00629708,htl006297,15082026_16k_production_4_seeds_4_sizes,htlarge,2026-09-21T19:46:23+00:00,0.6601,0.5405,0.6923,68,0.0294,0.1029,NOT_KEPT
htl0062970814,htl00629708,htl006297,15082026_16k_production_4_seeds_4_sizes,htlarge,2026-09-21T19:46:23+00:00,0.6601,0.5405,0.6923,68,0.0294,0.1029,NOT_KEPT
htl0062970805,htl00629708,htl006297,15082026_16k_production_4_seeds_4_sizes,htlarge,2026-09-21T19:46:23+00:00,0.6559,0.5319,0.6923,68,0.0294,0.1029,NOT_KEPT
htl0062970813,htl00629708,htl006297,15082026_16k_production_4_seeds_4_sizes,htlarge,2026-09-21T19:46:23+00:00,0.6367,0.4998,0.6154,68,0.0294,0.1029,NOT_KEPT
htl0062971303,htl00629713,htl006297,15082026_16k_production_4_seeds_4_sizes,htlarge,2026-09-21T19:46:23+00:00,0.5996,0.4839,0.6667,68,0.0441,0.0882,KEPT
htl0062971308,htl00629713,htl006297,15082026_16k_production_4_seeds_4_sizes,htlarge,2026-09-21T19:46:23+00:00,0.5996,0.4839,0.6667,68,0.0441,0.0882,KEPT
htl0062971304,htl00629713,htl006297,15082026_16k_production_4_seeds_4_sizes,htlarge,2026-09-21T19:46:23+00:00,0.595,0.4775,0.5833,68,0.0441,0.0882,KEPT
htl0062971305,htl00629713,htl006297,15082026_16k_production_4_seeds_4_sizes,htlarge,2026-09-21T19:46:23+00:00,0.595,0.4775,0.5833,68,0.0441,0.0882,NOT_KEPT
htl0062971306,htl00629713,htl006297,15082026_16k_production_4_seeds_4_sizes,htlarge,2026-09-21T19:46:23+00:00,0.595,0.4775,0.5833,68,0.0441,0.0882,NOT_KEPT
htl0062971309,htl00629713,htl006297,15082026_16k_production_4_seeds_4_sizes,htlarge,2026-09-21T19:46:23+00:00,0.595,0.4775,0.5833,68,0.0441,0.0882,NOT_KEPT
htl0062971310,htl00629713,htl006297,15082026_16k_production_4_seeds_4_sizes,htlarge,2026-09-21T19:46:23+00:00,0.595,0.4775,0.5833,68,0.0441,0.0882,NOT_KEPT
htl0062971312,htl00629713,htl006297,15082026_16k_production_4_seeds_4_sizes,htlarge,2026-09-21T19:46:23+00:00,0.595,0.4775,0.5833,68,0.0441,0.0882,NOT_KEPT
htl0062971313,htl00629713,htl006297,15082026_16k_production_4_seeds_4_sizes,htlarge,2026-09-21T19:46:23+00:00,0.595,0.4775,0.5833,68,0.0441,0.0882,NOT_KEPT
htl0062971314,htl00629713,htl006297,15082026_16k_production_4_seeds_4_sizes,htlarge,2026-09-21T19:46:23+00:00,0.595,0.4775,0.5833,68,0.0441,0.0882,NOT_KEPT
htl0062971315,htl00629713,htl006297,15082026_16k_production_4_seeds_4_sizes,htlarge,2026-09-21T19:46:23+00:00,0.595,0.4775,0.5833,68,0.0441,0.0882,NOT_KEPT
htl0062971311,htl00629713,htl006297,15082026_16k_production_4_seeds_4_sizes,htlarge,2026-09-21T19:46:23+00:00,0.5718,0.4462,0.5,68,0.0441,0.0882,NOT_KEPT
htl0062971316,htl00629713,htl006297,15082026_16k_production_4_seeds_4_sizes,htlarge,2026-09-21T19:46:23+00:00,0.5501,0.4177,0.5833,68,0.0441,0.0882,NOT_KEPT
htl0062971302,htl00629713,htl006297,15082026_16k_production_4_seeds_4_sizes,htlarge,2026-09-21T19:46:23+00:00,0.5332,0.4826,0.5,68,0.0294,0.0882,NOT_KEPT
htl0062971307,htl00629713,htl006297,15082026_16k_production_4_seeds_4_sizes,htlarge,2026-09-21T19:46:23+00:00,0.5332,0.4826,0.5,68,0.0294,0.0882,NOT_KEPT
htl0062971301,htl00629713,htl006297,15082026_16k_production_4_seeds_4_sizes,htlarge,2026-09-21T19:46:23+00:00,0.513,0.4517,0.4167,68,0.0294,0.0882,NOT_KEPT
htl0063930002,htl00639300,htl006393,15082026_16k_production_4_seeds_4_sizes,htlarge,2026-09-21T19:46:23+00:00,0.4163,0.5268,0.4167,60,0.0667,0.0667,KEPT
htl0063930003,htl00639300,htl006393,15082026_16k_production_4_seeds_4_sizes,htlarge,2026-09-21T19:46:23+00:00,0.4163,0.5268,0.4167,60,0.0667,0.0667,KEPT
htl0063930004,htl00639300,htl006393,15082026_16k_production_4_seeds_4_sizes,htlarge,2026-09-21T19:46:23+00:00,0.4163,0.5268,0.4167,60,0.0667,0.0667,KEPT
htl0063930006,htl00639300,htl006393,15082026_16k_production_4_seeds_4_sizes,htlarge,2026-09-21T19:46:23+00:00,0.4163,0.5268,0.4167,60,0.0667,0.0667,NOT_KEPT
htl0063930009,htl00639300,htl006393,15082026_16k_production_4_seeds_4_sizes,htlarge,2026-09-21T19:46:23+00:00,0.4163,0.5268,0.4167,60,0.0667,0.0667,NOT_KEPT
htl0063930011,htl00639300,htl006393,15082026_16k_production_4_seeds_4_sizes,htlarge,2026-09-21T19:46:23+00:00,0.4163,0.5268,0.4167,60,0.0667,0.0667,NOT_KEPT
htl0063930013,htl00639300,htl006393,15082026_16k_production_4_seeds_4_sizes,htlarge,2026-09-21T19:46:23+00:00,0.4163,0.5268,0.4167,60,0.0667,0.0667,NOT_KEPT
htl0063930014,htl00639300,htl006393,15082026_16k_production_4_seeds_4_sizes,htlarge,2026-09-21T19:46:23+00:00,0.4163,0.5268,0.4167,60,0.0667,0.0667,NOT_KEPT
htl0063930016,htl00639300,htl006393,15082026_16k_production_4_seeds_4_sizes,htlarge,2026-09-21T19:46:23+00:00,0.3988,0.4888,0.4167,60,0.0667,0.0667,NOT_KEPT
htl0063930010,htl00639300,htl006393,15082026_16k_production_4_seeds_4_sizes,htlarge,2026-09-21T19:46:23+00:00,0.396,0.5136,0.5,60,0.0667,0.0667,NOT_KEPT
htl0063930001,htl00639300,htl006393,15082026_16k_production_4_seeds_4_sizes,htlarge,2026-09-21T19:46:23+00:00,0.3951,0.485,0.3333,60,0.0667,0.0667,NOT_KEPT
htl0063930012,htl00639300,htl006393,15082026_16k_production_4_seeds_4_sizes,htlarge,2026-09-21T19:46:23+00:00,0.3951,0.485,0.3333,60,0.0667,0.0667,NOT_KEPT
htl0063930008,htl00639300,htl006393,15082026_16k_production_4_seeds_4_sizes,htlarge,2026-09-21T19:46:23+00:00,0.3942,0.5264,0.4167,60,0.0667,0.0833,NOT_KEPT
htl0063930007,htl00639300,htl006393,15082026_16k_production_4_seeds_4_sizes,htlarge,2026-09-21T19:46:23+00:00,0.3765,0.4682,0.4167,60,0.0667,0.0667,NOT_KEPT
htl0063930005,htl00639300,htl006393,15082026_16k_production_4_seeds_4_sizes,htlarge,2026-09-21T19:46:23+00:00,0.3764,0.4413,0.4167,60,0.0667,0.0667,NOT_KEPT
htl0063930015,htl00639300,htl006393,15082026_16k_production_4_seeds_4_sizes,htlarge,2026-09-21T19:46:23+00:00,0.3688,0.5267,0.3333,60,0.0667,0.0667,NOT_KEPT
htl0063930403,htl00639304,htl006393,15082026_16k_production_4_seeds_4_sizes,htlarge,2026-09-21T19:46:23+00:00,0.4334,0.4734,0.4545,60,0.0500,0.0833,KEPT
htl0063930408,htl00639304,htl006393,15082026_16k_production_4_seeds_4_sizes,htlarge,2026-09-21T19:46:23+00:00,0.4334,0.4734,0.4545,60,0.0500,0.0833,KEPT
htl0063930401,htl00639304,htl006393,15082026_16k_production_4_seeds_4_sizes,htlarge,2026-09-21T19:46:23+00:00,0.4316,0.448,0.4545,60,0.0500,0.0833,KEPT
htl0063930416,htl00639304,htl006393,15082026_16k_production_4_seeds_4_sizes,htlarge,2026-09-21T19:46:23+00:00,0.4316,0.448,0.4545,60,0.0500,0.0833,NOT_KEPT
htl0063930407,htl00639304,htl006393,15082026_16k_production_4_seeds_4_sizes,htlarge,2026-09-21T19:46:23+00:00,0.4269,0.4426,0.4545,60,0.0500,0.0833,NOT_KEPT
htl0063930410,htl00639304,htl006393,15082026_16k_production_4_seeds_4_sizes,htlarge,2026-09-21T19:46:23+00:00,0.4226,0.4512,0.4545,60,0.0500,0.0833,NOT_KEPT
htl0063930412,htl00639304,htl006393,15082026_16k_production_4_seeds_4_sizes,htlarge,2026-09-21T19:46:23+00:00,0.4226,0.4512,0.4545,60,0.0500,0.0833,NOT_KEPT
htl0063930405,htl00639304,htl006393,15082026_16k_production_4_seeds_4_sizes,htlarge,2026-09-21T19:46:23+00:00,0.4214,0.4278,0.4545,60,0.0500,0.0833,NOT_KEPT
htl0063930413,htl00639304,htl006393,15082026_16k_production_4_seeds_4_sizes,htlarge,2026-09-21T19:46:23+00:00,0.4214,0.4278,0.4545,60,0.0500,0.0833,NOT_KEPT
htl0063930414,htl00639304,htl006393,15082026_16k_production_4_seeds_4_sizes,htlarge,2026-09-21T19:46:23+00:00,0.4214,0.4246,0.5455,60,0.0500,0.0833,NOT_KEPT
htl0063930404,htl00639304,htl006393,15082026_16k_production_4_seeds_4_sizes,htlarge,2026-09-21T19:46:23+00:00,0.42,0.4745,0.3636,60,0.0500,0.0833,NOT_KEPT
htl0063930402,htl00639304,htl006393,15082026_16k_production_4_seeds_4_sizes,htlarge,2026-09-21T19:46:23+00:00,0.4193,0.4288,0.4545,60,0.0500,0.0833,NOT_KEPT
htl0063930409,htl00639304,htl006393,15082026_16k_production_4_seeds_4_sizes,htlarge,2026-09-21T19:46:23+00:00,0.4193,0.4288,0.4545,60,0.0500,0.0833,NOT_KEPT
htl0063930411,htl00639304,htl006393,15082026_16k_production_4_seeds_4_sizes,htlarge,2026-09-21T19:46:23+00:00,0.4119,0.429,0.3636,60,0.0500,0.0833,NOT_KEPT
htl0063930406,htl00639304,htl006393,15082026_16k_production_4_seeds_4_sizes,htlarge,2026-09-21T19:46:23+00:00,0.4045,0.4153,0.5455,60,0.0500,0.0833,NOT_KEPT
htl0063930415,htl00639304,htl006393,15082026_16k_production_4_seeds_4_sizes,htlarge,2026-09-21T19:46:23+00:00,0.4016,0.4032,0.4545,60,0.0500,0.0833,NOT_KEPT
htl0063930902,htl00639309,htl006393,15082026_16k_production_4_seeds_4_sizes,htlarge,2026-09-21T19:46:23+00:00,0.515,0.6101,0.7273,60,0.0667,0.0833,KEPT
htl0063930903,htl00639309,htl006393,15082026_16k_production_4_seeds_4_sizes,htlarge,2026-09-21T19:46:23+00:00,0.515,0.6101,0.7273,60,0.0667,0.0833,KEPT
htl0063930904,htl00639309,htl006393,15082026_16k_production_4_seeds_4_sizes,htlarge,2026-09-21T19:46:23+00:00,0.515,0.6101,0.7273,60,0.0667,0.0833,KEPT
htl0063930905,htl00639309,htl006393,15082026_16k_production_4_seeds_4_sizes,htlarge,2026-09-21T19:46:23+00:00,0.515,0.6101,0.7273,60,0.0667,0.0833,NOT_KEPT
htl0063930906,htl00639309,htl006393,15082026_16k_production_4_seeds_4_sizes,htlarge,2026-09-21T19:46:23+00:00,0.515,0.6101,0.7273,60,0.0667,0.0833,NOT_KEPT
htl0063930908,htl00639309,htl006393,15082026_16k_production_4_seeds_4_sizes,htlarge,2026-09-21T19:46:23+00:00,0.515,0.6101,0.7273,60,0.0667,0.0833,NOT_KEPT
htl0063930909,htl00639309,htl006393,15082026_16k_production_4_seeds_4_sizes,htlarge,2026-09-21T19:46:23+00:00,0.515,0.6101,0.7273,60,0.0667,0.0833,NOT_KEPT
htl0063930910,htl00639309,htl006393,15082026_16k_production_4_seeds_4_sizes,htlarge,2026-09-21T19:46:23+00:00,0.515,0.6101,0.7273,60,0.0667,0.0833,NOT_KEPT
htl0063930911,htl00639309,htl006393,15082026_16k_production_4_seeds_4_sizes,htlarge,2026-09-21T19:46:23+00:00,0.515,0.6101,0.7273,60,0.0667,0.0833,NOT_KEPT
htl0063930912,htl00639309,htl006393,15082026_16k_production_4_seeds_4_sizes,htlarge,2026-09-21T19:46:23+00:00,0.515,0.6101,0.7273,60,0.0667,0.0833,NOT_KEPT
htl0063930913,htl00639309,htl006393,15082026_16k_production_4_seeds_4_sizes,htlarge,2026-09-21T19:46:23+00:00,0.515,0.6101,0.7273,60,0.0667,0.0833,NOT_KEPT
htl0063930914,htl00639309,htl006393,15082026_16k_production_4_seeds_4_sizes,htlarge,2026-09-21T19:46:23+00:00,0.515,0.6101,0.7273,60,0.0667,0.0833,NOT_KEPT
htl0063930916,htl00639309,htl006393,15082026_16k_production_4_seeds_4_sizes,htlarge,2026-09-21T19:46:23+00:00,0.515,0.6101,0.7273,60,0.0667,0.0833,NOT_KEPT
htl0063930907,htl00639309,htl006393,15082026_16k_production_4_seeds_4_sizes,htlarge,2026-09-21T19:46:23+00:00,0.4879,0.6199,0.6364,60,0.0667,0.0833,NOT_KEPT
htl0063930915,htl00639309,htl006393,15082026_16k_production_4_seeds_4_sizes,htlarge,2026-09-21T19:46:23+00:00,0.4879,0.6199,0.6364,60,0.0667,0.0833,NOT_KEPT
htl0063930901,htl00639309,htl006393,15082026_16k_production_4_seeds_4_sizes,htlarge,2026-09-21T19:46:23+00:00,0.4843,0.5948,0.8182,60,0.0667,0.0833,NOT_KEPT
htl0066000708,htl00660007,htl006600,15082026_16k_production_4_seeds_4_sizes,htlarge,2026-09-21T19:46:23+00:00,0.4137,0.3659,0.5,67,0.0448,0.0746,KEPT
htl0066000710,htl00660007,htl006600,15082026_16k_production_4_seeds_4_sizes,htlarge,2026-09-21T19:46:23+00:00,0.4137,0.3659,0.5,67,0.0448,0.0746,KEPT
htl0066000711,htl00660007,htl006600,15082026_16k_production_4_seeds_4_sizes,htlarge,2026-09-21T19:46:23+00:00,0.4137,0.3659,0.5,67,0.0448,0.0746,KEPT
htl0066000714,htl00660007,htl006600,15082026_16k_production_4_seeds_4_sizes,htlarge,2026-09-21T19:46:23+00:00,0.4137,0.3659,0.5,67,0.0448,0.0746,NOT_KEPT
htl0066000707,htl00660007,htl006600,15082026_16k_production_4_seeds_4_sizes,htlarge,2026-09-21T19:46:23+00:00,0.4103,0.366,0.4286,67,0.0448,0.0746,NOT_KEPT
htl0066000709,htl00660007,htl006600,15082026_16k_production_4_seeds_4_sizes,htlarge,2026-09-21T19:46:23+00:00,0.4018,0.3447,0.4286,67,0.0448,0.0746,NOT_KEPT
htl0066000713,htl00660007,htl006600,15082026_16k_production_4_seeds_4_sizes,htlarge,2026-09-21T19:46:23+00:00,0.4018,0.3447,0.4286,67,0.0448,0.0746,NOT_KEPT
htl0066000701,htl00660007,htl006600,15082026_16k_production_4_seeds_4_sizes,htlarge,2026-09-21T19:46:23+00:00,0.3902,0.3356,0.3571,67,0.0448,0.0746,NOT_KEPT
htl0066000705,htl00660007,htl006600,15082026_16k_production_4_seeds_4_sizes,htlarge,2026-09-21T19:46:23+00:00,0.3882,0.3344,0.5,67,0.0448,0.0746,NOT_KEPT
htl0066000712,htl00660007,htl006600,15082026_16k_production_4_seeds_4_sizes,htlarge,2026-09-21T19:46:23+00:00,0.3837,0.3398,0.5714,67,0.0448,0.0746,NOT_KEPT
htl0066000715,htl00660007,htl006600,15082026_16k_production_4_seeds_4_sizes,htlarge,2026-09-21T19:46:23+00:00,0.3801,0.305,0.5714,67,0.0299,0.0746,NOT_KEPT
htl0066000706,htl00660007,htl006600,15082026_16k_production_4_seeds_4_sizes,htlarge,2026-09-21T19:46:23+00:00,0.359,0.285,0.5714,67,0.0299,0.0746,NOT_KEPT
htl0066000716,htl00660007,htl006600,15082026_16k_production_4_seeds_4_sizes,htlarge,2026-09-21T19:46:23+00:00,0.3556,0.2932,0.4286,67,0.0448,0.0746,NOT_KEPT
htl0066000702,htl00660007,htl006600,15082026_16k_production_4_seeds_4_sizes,htlarge,2026-09-21T19:46:23+00:00,0.3537,0.2897,0.5714,67,0.0299,0.0746,NOT_KEPT
htl0066000704,htl00660007,htl006600,15082026_16k_production_4_seeds_4_sizes,htlarge,2026-09-21T19:46:23+00:00,0.353,0.2939,0.6429,67,0.0299,0.0746,NOT_KEPT
htl0066000703,htl00660007,htl006600,15082026_16k_production_4_seeds_4_sizes,htlarge,2026-09-21T19:46:23+00:00,0.3458,0.3464,0.4286,67,0.0448,0.0597,NOT_KEPT
htl0066001001,htl00660010,htl006600,15082026_16k_production_4_seeds_4_sizes,htlarge,2026-09-21T19:46:23+00:00,0.4521,0.4342,0.5333,67,0.0149,0.0746,KEPT
htl0066001003,htl00660010,htl006600,15082026_16k_production_4_seeds_4_sizes,htlarge,2026-09-21T19:46:23+00:00,0.4521,0.4342,0.5333,67,0.0149,0.0746,KEPT
htl0066001004,htl00660010,htl006600,15082026_16k_production_4_seeds_4_sizes,htlarge,2026-09-21T19:46:23+00:00,0.4521,0.4342,0.5333,67,0.0149,0.0746,KEPT
htl0066001005,htl00660010,htl006600,15082026_16k_production_4_seeds_4_sizes,htlarge,2026-09-21T19:46:23+00:00,0.4521,0.4342,0.5333,67,0.0149,0.0746,NOT_KEPT
htl0066001008,htl00660010,htl006600,15082026_16k_production_4_seeds_4_sizes,htlarge,2026-09-21T19:46:23+00:00,0.4521,0.4342,0.5333,67,0.0149,0.0746,NOT_KEPT
htl0066001009,htl00660010,htl006600,15082026_16k_production_4_seeds_4_sizes,htlarge,2026-09-21T19:46:23+00:00,0.4521,0.4342,0.5333,67,0.0149,0.0746,NOT_KEPT
htl0066001010,htl00660010,htl006600,15082026_16k_production_4_seeds_4_sizes,htlarge,2026-09-21T19:46:23+00:00,0.4521,0.4342,0.5333,67,0.0149,0.0746,NOT_KEPT
htl0066001011,htl00660010,htl006600,15082026_16k_production_4_seeds_4_sizes,htlarge,2026-09-21T19:46:23+00:00,0.4521,0.4342,0.5333,67,0.0149,0.0746,NOT_KEPT
htl0066001012,htl00660010,htl006600,15082026_16k_production_4_seeds_4_sizes,htlarge,2026-09-21T19:46:23+00:00,0.4521,0.4342,0.5333,67,0.0149,0.0746,NOT_KEPT
htl0066001015,htl00660010,htl006600,15082026_16k_production_4_seeds_4_sizes,htlarge,2026-09-21T19:46:23+00:00,0.4521,0.4342,0.5333,67,0.0149,0.0746,NOT_KEPT
htl0066001016,htl00660010,htl006600,15082026_16k_production_4_seeds_4_sizes,htlarge,2026-09-21T19:46:23+00:00,0.4521,0.4342,0.5333,67,0.0149,0.0746,NOT_KEPT
htl0066001014,htl00660010,htl006600,15082026_16k_production_4_seeds_4_sizes,htlarge,2026-09-21T19:46:23+00:00,0.4265,0.3783,0.5333,67,0.0149,0.0746,NOT_KEPT
htl0066001007,htl00660010,htl006600,15082026_16k_production_4_seeds_4_sizes,htlarge,2026-09-21T19:46:23+00:00,0.4134,0.4353,0.5333,67,0.0149,0.0597,NOT_KEPT
htl0066001013,htl00660010,htl006600,15082026_16k_production_4_seeds_4_sizes,htlarge,2026-09-21T19:46:23+00:00,0.4104,0.4341,0.5333,67,0.0149,0.0597,NOT_KEPT
htl0066001006,htl00660010,htl006600,15082026_16k_production_4_seeds_4_sizes,htlarge,2026-09-21T19:46:23+00:00,0.4089,0.3506,0.5333,67,0.0149,0.0746,NOT_KEPT
htl0066001002,htl00660010,htl006600,15082026_16k_production_4_seeds_4_sizes,htlarge,2026-09-21T19:46:23+00:00,0.3956,0.3753,0.4,67,0.0149,0.0746,NOT_KEPT
htl0066001203,htl00660012,htl006600,15082026_16k_production_4_seeds_4_sizes,htlarge,2026-09-21T19:46:23+00:00,0.432,0.4399,0.5,67,0.0149,0.0597,KEPT
htl0066001204,htl00660012,htl006600,15082026_16k_production_4_seeds_4_sizes,htlarge,2026-09-21T19:46:23+00:00,0.432,0.4399,0.5,67,0.0149,0.0597,KEPT
htl0066001208,htl00660012,htl006600,15082026_16k_production_4_seeds_4_sizes,htlarge,2026-09-21T19:46:23+00:00,0.432,0.4399,0.5,67,0.0149,0.0597,KEPT
htl0066001212,htl00660012,htl006600,15082026_16k_production_4_seeds_4_sizes,htlarge,2026-09-21T19:46:23+00:00,0.432,0.4399,0.5,67,0.0149,0.0597,NOT_KEPT
htl0066001202,htl00660012,htl006600,15082026_16k_production_4_seeds_4_sizes,htlarge,2026-09-21T19:46:23+00:00,0.4227,0.425,0.5833,67,0.0149,0.0597,NOT_KEPT
htl0066001207,htl00660012,htl006600,15082026_16k_production_4_seeds_4_sizes,htlarge,2026-09-21T19:46:23+00:00,0.4227,0.425,0.5833,67,0.0149,0.0597,NOT_KEPT
htl0066001209,htl00660012,htl006600,15082026_16k_production_4_seeds_4_sizes,htlarge,2026-09-21T19:46:23+00:00,0.4227,0.425,0.5833,67,0.0149,0.0597,NOT_KEPT
htl0066001210,htl00660012,htl006600,15082026_16k_production_4_seeds_4_sizes,htlarge,2026-09-21T19:46:23+00:00,0.4213,0.427,0.5,67,0.0149,0.0597,NOT_KEPT
htl0066001201,htl00660012,htl006600,15082026_16k_production_4_seeds_4_sizes,htlarge,2026-09-21T19:46:23+00:00,0.4178,0.4404,0.5,67,0.0149,0.0597,NOT_KEPT
htl0066001205,htl00660012,htl006600,15082026_16k_production_4_seeds_4_sizes,htlarge,2026-09-21T19:46:23+00:00,0.4169,0.4403,0.5,67,0.0149,0.0597,NOT_KEPT
htl0066001206,htl00660012,htl006600,15082026_16k_production_4_seeds_4_sizes,htlarge,2026-09-21T19:46:23+00:00,0.4143,0.4102,0.5,67,0.0149,0.0597,NOT_KEPT
htl0066001215,htl00660012,htl006600,15082026_16k_production_4_seeds_4_sizes,htlarge,2026-09-21T19:46:23+00:00,0.4117,0.4274,0.5,67,0.0149,0.0597,NOT_KEPT
htl0066001214,htl00660012,htl006600,15082026_16k_production_4_seeds_4_sizes,htlarge,2026-09-21T19:46:23+00:00,0.4115,0.4406,0.5833,67,0.0149,0.0597,NOT_KEPT
htl0066001211,htl00660012,htl006600,15082026_16k_production_4_seeds_4_sizes,htlarge,2026-09-21T19:46:23+00:00,0.4083,0.4256,0.5833,67,0.0149,0.0597,NOT_KEPT
htl0066001213,htl00660012,htl006600,15082026_16k_production_4_seeds_4_sizes,htlarge,2026-09-21T19:46:23+00:00,0.4083,0.4256,0.5833,67,0.0149,0.0597,NOT_KEPT
htl0066001216,htl00660012,htl006600,15082026_16k_production_4_seeds_4_sizes,htlarge,2026-09-21T19:46:23+00:00,0.3935,0.3918,0.5,67,0.0149,0.0597,NOT_KEPT
htl0068340006,htl00683400,htl006834,15082026_16k_production_4_seeds_4_sizes,htlarge,2026-09-21T19:46:23+00:00,0.4513,0.3423,0.3077,67,0.0149,0.0597,KEPT
htl0068340010,htl00683400,htl006834,15082026_16k_production_4_seeds_4_sizes,htlarge,2026-09-21T19:46:23+00:00,0.4513,0.3423,0.3077,67,0.0149,0.0597,KEPT
htl0068340001,htl00683400,htl006834,15082026_16k_production_4_seeds_4_sizes,htlarge,2026-09-21T19:46:23+00:00,0.4483,0.3375,0.3077,67,0.0149,0.0597,KEPT
htl0068340008,htl00683400,htl006834,15082026_16k_production_4_seeds_4_sizes,htlarge,2026-09-21T19:46:23+00:00,0.4483,0.3375,0.3077,67,0.0149,0.0597,NOT_KEPT
htl0068340009,htl00683400,htl006834,15082026_16k_production_4_seeds_4_sizes,htlarge,2026-09-21T19:46:23+00:00,0.4483,0.3375,0.3077,67,0.0149,0.0597,NOT_KEPT
htl0068340011,htl00683400,htl006834,15082026_16k_production_4_seeds_4_sizes,htlarge,2026-09-21T19:46:23+00:00,0.4483,0.3375,0.3077,67,0.0149,0.0597,NOT_KEPT
htl0068340012,htl00683400,htl006834,15082026_16k_production_4_seeds_4_sizes,htlarge,2026-09-21T19:46:23+00:00,0.4432,0.3302,0.3846,67,0.0149,0.0597,NOT_KEPT
htl0068340002,htl00683400,htl006834,15082026_16k_production_4_seeds_4_sizes,htlarge,2026-09-21T19:46:23+00:00,0.4368,0.3205,0.3846,67,0.0149,0.0597,NOT_KEPT
htl0068340003,htl00683400,htl006834,15082026_16k_production_4_seeds_4_sizes,htlarge,2026-09-21T19:46:23+00:00,0.4368,0.3205,0.3846,67,0.0149,0.0597,NOT_KEPT
htl0068340004,htl00683400,htl006834,15082026_16k_production_4_seeds_4_sizes,htlarge,2026-09-21T19:46:23+00:00,0.4353,0.3183,0.3846,67,0.0149,0.0597,NOT_KEPT
htl0068340016,htl00683400,htl006834,15082026_16k_production_4_seeds_4_sizes,htlarge,2026-09-21T19:46:23+00:00,0.4305,0.3309,0.3846,67,0.0149,0.0597,NOT_KEPT
htl0068340007,htl00683400,htl006834,15082026_16k_production_4_seeds_4_sizes,htlarge,2026-09-21T19:46:23+00:00,0.4257,0.3298,0.3846,67,0.0149,0.0597,NOT_KEPT
htl0068340005,htl00683400,htl006834,15082026_16k_production_4_seeds_4_sizes,htlarge,2026-09-21T19:46:23+00:00,0.4247,0.3028,0.4615,67,0.0149,0.0597,NOT_KEPT
htl0068340013,htl00683400,htl006834,15082026_16k_production_4_seeds_4_sizes,htlarge,2026-09-21T19:46:23+00:00,0.4216,0.2972,0.4615,67,0.0149,0.0597,NOT_KEPT
htl0068340015,htl00683400,htl006834,15082026_16k_production_4_seeds_4_sizes,htlarge,2026-09-21T19:46:23+00:00,0.4194,0.3091,0.3846,67,0.0149,0.0597,NOT_KEPT
htl0068340014,htl00683400,htl006834,15082026_16k_production_4_seeds_4_sizes,htlarge,2026-09-21T19:46:23+00:00,0.4078,0.3163,0.3077,67,0.0149,0.0597,NOT_KEPT
htl0069690208,htl00696902,htl006969,15082026_16k_production_4_seeds_4_sizes,htlarge,2026-09-21T19:46:23+00:00,0.3952,0.3583,0.3636,68,0.0882,0.0588,KEPT
htl0069690202,htl00696902,htl006969,15082026_16k_production_4_seeds_4_sizes,htlarge,2026-09-21T19:46:23+00:00,0.3842,0.3914,0.3636,68,0.0882,0.0588,KEPT
htl0069690210,htl00696902,htl006969,15082026_16k_production_4_seeds_4_sizes,htlarge,2026-09-21T19:46:23+00:00,0.3842,0.3914,0.3636,68,0.0882,0.0588,KEPT
htl0069690201,htl00696902,htl006969,15082026_16k_production_4_seeds_4_sizes,htlarge,2026-09-21T19:46:23+00:00,0.3811,0.3869,0.4545,68,0.0882,0.0588,NOT_KEPT
htl0069690205,htl00696902,htl006969,15082026_16k_production_4_seeds_4_sizes,htlarge,2026-09-21T19:46:23+00:00,0.3811,0.3869,0.4545,68,0.0882,0.0588,NOT_KEPT
htl0069690209,htl00696902,htl006969,15082026_16k_production_4_seeds_4_sizes,htlarge,2026-09-21T19:46:23+00:00,0.3811,0.353,0.4545,68,0.0882,0.0588,NOT_KEPT
htl0069690211,htl00696902,htl006969,15082026_16k_production_4_seeds_4_sizes,htlarge,2026-09-21T19:46:23+00:00,0.3811,0.3869,0.4545,68,0.0882,0.0588,NOT_KEPT
htl0069690212,htl00696902,htl006969,15082026_16k_production_4_seeds_4_sizes,htlarge,2026-09-21T19:46:23+00:00,0.3811,0.3869,0.4545,68,0.0882,0.0588,NOT_KEPT
htl0069690214,htl00696902,htl006969,15082026_16k_production_4_seeds_4_sizes,htlarge,2026-09-21T19:46:23+00:00,0.3811,0.3869,0.4545,68,0.0882,0.0588,NOT_KEPT
htl0069690215,htl00696902,htl006969,15082026_16k_production_4_seeds_4_sizes,htlarge,2026-09-21T19:46:23+00:00,0.3811,0.3869,0.4545,68,0.0882,0.0588,NOT_KEPT
htl0069690216,htl00696902,htl006969,15082026_16k_production_4_seeds_4_sizes,htlarge,2026-09-21T19:46:23+00:00,0.3811,0.3869,0.4545,68,0.0882,0.0588,NOT_KEPT
htl0069690207,htl00696902,htl006969,15082026_16k_production_4_seeds_4_sizes,htlarge,2026-09-21T19:46:23+00:00,0.3694,0.3914,0.3636,68,0.0882,0.0588,NOT_KEPT
htl0069690203,htl00696902,htl006969,15082026_16k_production_4_seeds_4_sizes,htlarge,2026-09-21T19:46:23+00:00,0.3681,0.3629,0.4545,68,0.0882,0.0588,NOT_KEPT
htl0069690213,htl00696902,htl006969,15082026_16k_production_4_seeds_4_sizes,htlarge,2026-09-21T19:46:23+00:00,0.3567,0.3561,0.3636,68,0.0882,0.0588,NOT_KEPT
htl0069690204,htl00696902,htl006969,15082026_16k_production_4_seeds_4_sizes,htlarge,2026-09-21T19:46:23+00:00,0.3547,0.3899,0.3636,68,0.0882,0.0588,NOT_KEPT
htl0069690206,htl00696902,htl006969,15082026_16k_production_4_seeds_4_sizes,htlarge,2026-09-21T19:46:23+00:00,0.351,0.3869,0.4545,68,0.0882,0.0588,NOT_KEPT
htl0069700811,htl00697008,htl006970,15082026_16k_production_4_seeds_4_sizes,htlarge,2026-09-21T19:46:23+00:00,0.4387,0.3803,0.5333,68,0.0588,0.0882,KEPT
htl0069700801,htl00697008,htl006970,15082026_16k_production_4_seeds_4_sizes,htlarge,2026-09-21T19:46:23+00:00,0.4383,0.3815,0.5333,68,0.0588,0.0735,KEPT
htl0069700806,htl00697008,htl006970,15082026_16k_production_4_seeds_4_sizes,htlarge,2026-09-21T19:46:23+00:00,0.4383,0.3815,0.5333,68,0.0588,0.0735,KEPT
htl0069700809,htl00697008,htl006970,15082026_16k_production_4_seeds_4_sizes,htlarge,2026-09-21T19:46:23+00:00,0.4225,0.3824,0.4667,68,0.0588,0.0588,NOT_KEPT
htl0069700813,htl00697008,htl006970,15082026_16k_production_4_seeds_4_sizes,htlarge,2026-09-21T19:46:23+00:00,0.4225,0.3824,0.4667,68,0.0588,0.0588,NOT_KEPT
htl0069700814,htl00697008,htl006970,15082026_16k_production_4_seeds_4_sizes,htlarge,2026-09-21T19:46:23+00:00,0.4225,0.3824,0.4667,68,0.0588,0.0588,NOT_KEPT
htl0069700810,htl00697008,htl006970,15082026_16k_production_4_seeds_4_sizes,htlarge,2026-09-21T19:46:23+00:00,0.4209,0.3804,0.4667,68,0.0588,0.0735,NOT_KEPT
htl0069700815,htl00697008,htl006970,15082026_16k_production_4_seeds_4_sizes,htlarge,2026-09-21T19:46:23+00:00,0.4196,0.3547,0.5333,68,0.0588,0.0735,NOT_KEPT
htl0069700803,htl00697008,htl006970,15082026_16k_production_4_seeds_4_sizes,htlarge,2026-09-21T19:46:23+00:00,0.4192,0.378,0.4667,68,0.0588,0.0588,NOT_KEPT
htl0069700804,htl00697008,htl006970,15082026_16k_production_4_seeds_4_sizes,htlarge,2026-09-21T19:46:23+00:00,0.4192,0.378,0.4667,68,0.0588,0.0588,NOT_KEPT
htl0069700807,htl00697008,htl006970,15082026_16k_production_4_seeds_4_sizes,htlarge,2026-09-21T19:46:23+00:00,0.4192,0.378,0.4667,68,0.0588,0.0588,NOT_KEPT
htl0069700808,htl00697008,htl006970,15082026_16k_production_4_seeds_4_sizes,htlarge,2026-09-21T19:46:23+00:00,0.4192,0.378,0.4667,68,0.0588,0.0588,NOT_KEPT
htl0069700812,htl00697008,htl006970,15082026_16k_production_4_seeds_4_sizes,htlarge,2026-09-21T19:46:23+00:00,0.4192,0.378,0.4667,68,0.0588,0.0588,NOT_KEPT
htl0069700805,htl00697008,htl006970,15082026_16k_production_4_seeds_4_sizes,htlarge,2026-09-21T19:46:23+00:00,0.4156,0.3686,0.4667,68,0.0588,0.0588,NOT_KEPT
htl0069700802,htl00697008,htl006970,15082026_16k_production_4_seeds_4_sizes,htlarge,2026-09-21T19:46:23+00:00,0.4124,0.3643,0.4667,68,0.0588,0.0588,NOT_KEPT
htl0069700816,htl00697008,htl006970,15082026_16k_production_4_seeds_4_sizes,htlarge,2026-09-21T19:46:23+00:00,0.4112,0.367,0.4667,68,0.0588,0.0588,NOT_KEPT
htm0053190415,htm00531904,htm005319,15082026_16k_production_4_seeds_4_sizes,htmedium,2026-09-21T19:46:23+00:00,0.4898,0.4748,0.5625,55,0.0364,0.0727,KEPT
htm0053190402,htm00531904,htm005319,15082026_16k_production_4_seeds_4_sizes,htmedium,2026-09-21T19:46:23+00:00,0.4881,0.472,0.5625,55,0.0364,0.0727,KEPT
htm0053190408,htm00531904,htm005319,15082026_16k_production_4_seeds_4_sizes,htmedium,2026-09-21T19:46:23+00:00,0.4881,0.472,0.5625,55,0.0364,0.0727,KEPT
htm0053190410,htm00531904,htm005319,15082026_16k_production_4_seeds_4_sizes,htmedium,2026-09-21T19:46:23+00:00,0.4881,0.472,0.5625,55,0.0364,0.0727,NOT_KEPT
htm0053190411,htm00531904,htm005319,15082026_16k_production_4_seeds_4_sizes,htmedium,2026-09-21T19:46:23+00:00,0.4881,0.472,0.5625,55,0.0364,0.0727,NOT_KEPT
htm0053190412,htm00531904,htm005319,15082026_16k_production_4_seeds_4_sizes,htmedium,2026-09-21T19:46:23+00:00,0.4881,0.472,0.5625,55,0.0364,0.0727,NOT_KEPT
htm0053190413,htm00531904,htm005319,15082026_16k_production_4_seeds_4_sizes,htmedium,2026-09-21T19:46:23+00:00,0.4881,0.472,0.5625,55,0.0364,0.0727,NOT_KEPT
htm0053190401,htm00531904,htm005319,15082026_16k_production_4_seeds_4_sizes,htmedium,2026-09-21T19:46:23+00:00,0.4854,0.4681,0.5,55,0.0364,0.0727,NOT_KEPT
htm0053190405,htm00531904,htm005319,15082026_16k_production_4_seeds_4_sizes,htmedium,2026-09-21T19:46:23+00:00,0.4854,0.4681,0.5,55,0.0364,0.0727,NOT_KEPT
htm0053190414,htm00531904,htm005319,15082026_16k_production_4_seeds_4_sizes,htmedium,2026-09-21T19:46:23+00:00,0.4854,0.4681,0.5,55,0.0364,0.0727,NOT_KEPT
htm0053190416,htm00531904,htm005319,15082026_16k_production_4_seeds_4_sizes,htmedium,2026-09-21T19:46:23+00:00,0.4792,0.4747,0.5,55,0.0364,0.0727,NOT_KEPT
htm0053190404,htm00531904,htm005319,15082026_16k_production_4_seeds_4_sizes,htmedium,2026-09-21T19:46:23+00:00,0.4772,0.4713,0.5,55,0.0364,0.0727,NOT_KEPT
htm0053190406,htm00531904,htm005319,15082026_16k_production_4_seeds_4_sizes,htmedium,2026-09-21T19:46:23+00:00,0.4772,0.4713,0.5,55,0.0364,0.0727,NOT_KEPT
htm0053190403,htm00531904,htm005319,15082026_16k_production_4_seeds_4_sizes,htmedium,2026-09-21T19:46:23+00:00,0.4724,0.4729,0.5,55,0.0364,0.0727,NOT_KEPT
htm0053190409,htm00531904,htm005319,15082026_16k_production_4_seeds_4_sizes,htmedium,2026-09-21T19:46:23+00:00,0.4713,0.462,0.4375,55,0.0364,0.0727,NOT_KEPT
htm0053190407,htm00531904,htm005319,15082026_16k_production_4_seeds_4_sizes,htmedium,2026-09-21T19:46:23+00:00,0.4695,0.4679,0.5,55,0.0364,0.0727,NOT_KEPT
htm0053190504,htm00531905,htm005319,15082026_16k_production_4_seeds_4_sizes,htmedium,2026-09-21T19:46:23+00:00,0.3679,0.3175,0.7143,55,0.0545,0.1091,KEPT
htm0053190506,htm00531905,htm005319,15082026_16k_production_4_seeds_4_sizes,htmedium,2026-09-21T19:46:23+00:00,0.3667,0.3156,0.6429,55,0.0545,0.1091,KEPT
htm0053190515,htm00531905,htm005319,15082026_16k_production_4_seeds_4_sizes,htmedium,2026-09-21T19:46:23+00:00,0.3667,0.3156,0.6429,55,0.0545,0.1091,KEPT
htm0053190507,htm00531905,htm005319,15082026_16k_production_4_seeds_4_sizes,htmedium,2026-09-21T19:46:23+00:00,0.3648,0.3438,0.7857,55,0.0545,0.0909,NOT_KEPT
htm0053190511,htm00531905,htm005319,15082026_16k_production_4_seeds_4_sizes,htmedium,2026-09-21T19:46:23+00:00,0.3648,0.3438,0.7857,55,0.0545,0.0909,NOT_KEPT
htm0053190513,htm00531905,htm005319,15082026_16k_production_4_seeds_4_sizes,htmedium,2026-09-21T19:46:23+00:00,0.3648,0.3438,0.7857,55,0.0545,0.0909,NOT_KEPT
htm0053190516,htm00531905,htm005319,15082026_16k_production_4_seeds_4_sizes,htmedium,2026-09-21T19:46:23+00:00,0.3648,0.3438,0.7857,55,0.0545,0.0909,NOT_KEPT
htm0053190505,htm00531905,htm005319,15082026_16k_production_4_seeds_4_sizes,htmedium,2026-09-21T19:46:23+00:00,0.3569,0.301,0.7143,55,0.0545,0.1091,NOT_KEPT
htm0053190512,htm00531905,htm005319,15082026_16k_production_4_seeds_4_sizes,htmedium,2026-09-21T19:46:23+00:00,0.3554,0.2962,0.6429,55,0.0545,0.1091,NOT_KEPT
htm0053190514,htm00531905,htm005319,15082026_16k_production_4_seeds_4_sizes,htmedium,2026-09-21T19:46:23+00:00,0.3538,0.3417,0.7143,55,0.0545,0.0909,NOT_KEPT
htm0053190508,htm00531905,htm005319,15082026_16k_production_4_seeds_4_sizes,htmedium,2026-09-21T19:46:23+00:00,0.353,0.3404,0.7143,55,0.0545,0.0909,NOT_KEPT
htm0053190501,htm00531905,htm005319,15082026_16k_production_4_seeds_4_sizes,htmedium,2026-09-21T19:46:23+00:00,0.3523,0.3207,0.7143,55,0.0545,0.0909,NOT_KEPT
htm0053190502,htm00531905,htm005319,15082026_16k_production_4_seeds_4_sizes,htmedium,2026-09-21T19:46:23+00:00,0.3471,0.34,0.7143,55,0.0545,0.0909,NOT_KEPT
htm0053190503,htm00531905,htm005319,15082026_16k_production_4_seeds_4_sizes,htmedium,2026-09-21T19:46:23+00:00,0.3388,0.3107,0.7143,55,0.0545,0.0909,NOT_KEPT
htm0053190509,htm00531905,htm005319,15082026_16k_production_4_seeds_4_sizes,htmedium,2026-09-21T19:46:23+00:00,0.3384,0.2881,0.5714,55,0.0545,0.1091,NOT_KEPT
htm0053190510,htm00531905,htm005319,15082026_16k_production_4_seeds_4_sizes,htmedium,2026-09-21T19:46:23+00:00,0.3324,0.3161,0.5714,55,0.0545,0.0909,NOT_KEPT
htm0053191105,htm00531911,htm005319,15082026_16k_production_4_seeds_4_sizes,htmedium,2026-09-21T19:46:23+00:00,0.5679,0.4996,0.7143,55,0.0545,0.0727,KEPT
htm0053191108,htm00531911,htm005319,15082026_16k_production_4_seeds_4_sizes,htmedium,2026-09-21T19:46:23+00:00,0.5679,0.4996,0.7143,55,0.0545,0.0727,KEPT
htm0053191109,htm00531911,htm005319,15082026_16k_production_4_seeds_4_sizes,htmedium,2026-09-21T19:46:23+00:00,0.5679,0.4996,0.7143,55,0.0545,0.0727,KEPT
htm0053191101,htm00531911,htm005319,15082026_16k_production_4_seeds_4_sizes,htmedium,2026-09-21T19:46:23+00:00,0.546,0.4728,0.7143,55,0.0364,0.0727,NOT_KEPT
htm0053191103,htm00531911,htm005319,15082026_16k_production_4_seeds_4_sizes,htmedium,2026-09-21T19:46:23+00:00,0.546,0.4728,0.7143,55,0.0364,0.0727,NOT_KEPT
htm0053191104,htm00531911,htm005319,15082026_16k_production_4_seeds_4_sizes,htmedium,2026-09-21T19:46:23+00:00,0.546,0.4728,0.7143,55,0.0364,0.0727,NOT_KEPT
htm0053191110,htm00531911,htm005319,15082026_16k_production_4_seeds_4_sizes,htmedium,2026-09-21T19:46:23+00:00,0.546,0.4728,0.7143,55,0.0364,0.0727,NOT_KEPT
htm0053191111,htm00531911,htm005319,15082026_16k_production_4_seeds_4_sizes,htmedium,2026-09-21T19:46:23+00:00,0.546,0.4728,0.7143,55,0.0364,0.0727,NOT_KEPT
htm0053191112,htm00531911,htm005319,15082026_16k_production_4_seeds_4_sizes,htmedium,2026-09-21T19:46:23+00:00,0.546,0.4728,0.7143,55,0.0364,0.0727,NOT_KEPT
htm0053191113,htm00531911,htm005319,15082026_16k_production_4_seeds_4_sizes,htmedium,2026-09-21T19:46:23+00:00,0.546,0.4728,0.7143,55,0.0364,0.0727,NOT_KEPT
htm0053191115,htm00531911,htm005319,15082026_16k_production_4_seeds_4_sizes,htmedium,2026-09-21T19:46:23+00:00,0.546,0.4728,0.7143,55,0.0364,0.0727,NOT_KEPT
htm0053191116,htm00531911,htm005319,15082026_16k_production_4_seeds_4_sizes,htmedium,2026-09-21T19:46:23+00:00,0.5348,0.4592,0.7143,55,0.0364,0.0727,NOT_KEPT
htm0053191107,htm00531911,htm005319,15082026_16k_production_4_seeds_4_sizes,htmedium,2026-09-21T19:46:23+00:00,0.5153,0.4359,0.7143,55,0.0364,0.0727,NOT_KEPT
htm0053191114,htm00531911,htm005319,15082026_16k_production_4_seeds_4_sizes,htmedium,2026-09-21T19:46:23+00:00,0.513,0.4333,0.7143,55,0.0364,0.0727,NOT_KEPT
htm0053191106,htm00531911,htm005319,15082026_16k_production_4_seeds_4_sizes,htmedium,2026-09-21T19:46:23+00:00,0.5117,0.4675,0.6429,55,0.0364,0.0727,NOT_KEPT
htm0053191102,htm00531911,htm005319,15082026_16k_production_4_seeds_4_sizes,htmedium,2026-09-21T19:46:23+00:00,0.4873,0.4031,0.8571,55,0.0364,0.0727,NOT_KEPT
htm0053920402,htm00539204,htm005392,15082026_16k_production_4_seeds_4_sizes,htmedium,2026-09-21T19:46:23+00:00,0.4971,0.3907,0.625,55,0.0182,0.1273,KEPT
htm0053920405,htm00539204,htm005392,15082026_16k_production_4_seeds_4_sizes,htmedium,2026-09-21T19:46:23+00:00,0.4971,0.3907,0.625,55,0.0182,0.1273,KEPT
htm0053920406,htm00539204,htm005392,15082026_16k_production_4_seeds_4_sizes,htmedium,2026-09-21T19:46:23+00:00,0.4971,0.3907,0.625,55,0.0182,0.1273,KEPT
htm0053920412,htm00539204,htm005392,15082026_16k_production_4_seeds_4_sizes,htmedium,2026-09-21T19:46:23+00:00,0.4971,0.3907,0.625,55,0.0182,0.1273,NOT_KEPT
htm0053920415,htm00539204,htm005392,15082026_16k_production_4_seeds_4_sizes,htmedium,2026-09-21T19:46:23+00:00,0.4971,0.3907,0.625,55,0.0182,0.1273,NOT_KEPT
htm0053920416,htm00539204,htm005392,15082026_16k_production_4_seeds_4_sizes,htmedium,2026-09-21T19:46:23+00:00,0.4971,0.3907,0.625,55,0.0182,0.1273,NOT_KEPT
htm0053920403,htm00539204,htm005392,15082026_16k_production_4_seeds_4_sizes,htmedium,2026-09-21T19:46:23+00:00,0.4939,0.3924,0.6875,55,0.0182,0.1273,NOT_KEPT
htm0053920410,htm00539204,htm005392,15082026_16k_production_4_seeds_4_sizes,htmedium,2026-09-21T19:46:23+00:00,0.4939,0.3924,0.6875,55,0.0182,0.1273,NOT_KEPT
htm0053920408,htm00539204,htm005392,15082026_16k_production_4_seeds_4_sizes,htmedium,2026-09-21T19:46:23+00:00,0.4911,0.382,0.625,55,0.0182,0.1273,NOT_KEPT
htm0053920411,htm00539204,htm005392,15082026_16k_production_4_seeds_4_sizes,htmedium,2026-09-21T19:46:23+00:00,0.4911,0.382,0.625,55,0.0182,0.1273,NOT_KEPT
htm0053920413,htm00539204,htm005392,15082026_16k_production_4_seeds_4_sizes,htmedium,2026-09-21T19:46:23+00:00,0.4911,0.382,0.625,55,0.0182,0.1273,NOT_KEPT
htm0053920414,htm00539204,htm005392,15082026_16k_production_4_seeds_4_sizes,htmedium,2026-09-21T19:46:23+00:00,0.4911,0.382,0.625,55,0.0182,0.1273,NOT_KEPT
htm0053920401,htm00539204,htm005392,15082026_16k_production_4_seeds_4_sizes,htmedium,2026-09-21T19:46:23+00:00,0.4877,0.3835,0.6875,55,0.0182,0.1273,NOT_KEPT
htm0053920409,htm00539204,htm005392,15082026_16k_production_4_seeds_4_sizes,htmedium,2026-09-21T19:46:23+00:00,0.4826,0.3745,0.625,55,0.0182,0.1273,NOT_KEPT
htm0053920407,htm00539204,htm005392,15082026_16k_production_4_seeds_4_sizes,htmedium,2026-09-21T19:46:23+00:00,0.4795,0.3635,0.6875,55,0.0182,0.1273,NOT_KEPT
htm0053920404,htm00539204,htm005392,15082026_16k_production_4_seeds_4_sizes,htmedium,2026-09-21T19:46:23+00:00,0.4705,0.373,0.5625,55,0.0182,0.1273,NOT_KEPT
htm0053920503,htm00539205,htm005392,15082026_16k_production_4_seeds_4_sizes,htmedium,2026-09-21T19:46:23+00:00,0.5142,0.3678,0.5714,55,0.0182,0.1091,KEPT
htm0053920506,htm00539205,htm005392,15082026_16k_production_4_seeds_4_sizes,htmedium,2026-09-21T19:46:23+00:00,0.5142,0.3678,0.5714,55,0.0182,0.1091,KEPT
htm0053920507,htm00539205,htm005392,15082026_16k_production_4_seeds_4_sizes,htmedium,2026-09-21T19:46:23+00:00,0.5142,0.3678,0.5714,55,0.0182,0.1091,KEPT
htm0053920509,htm00539205,htm005392,15082026_16k_production_4_seeds_4_sizes,htmedium,2026-09-21T19:46:23+00:00,0.5142,0.3678,0.5714,55,0.0182,0.1091,NOT_KEPT
htm0053920510,htm00539205,htm005392,15082026_16k_production_4_seeds_4_sizes,htmedium,2026-09-21T19:46:23+00:00,0.5142,0.3678,0.5714,55,0.0182,0.1091,NOT_KEPT
htm0053920514,htm00539205,htm005392,15082026_16k_production_4_seeds_4_sizes,htmedium,2026-09-21T19:46:23+00:00,0.5142,0.3678,0.5714,55,0.0182,0.1091,NOT_KEPT
htm0053920515,htm00539205,htm005392,15082026_16k_production_4_seeds_4_sizes,htmedium,2026-09-21T19:46:23+00:00,0.5142,0.3678,0.5714,55,0.0182,0.1091,NOT_KEPT
htm0053920516,htm00539205,htm005392,15082026_16k_production_4_seeds_4_sizes,htmedium,2026-09-21T19:46:23+00:00,0.5142,0.3678,0.5714,55,0.0182,0.1091,NOT_KEPT
htm0053920501,htm00539205,htm005392,15082026_16k_production_4_seeds_4_sizes,htmedium,2026-09-21T19:46:23+00:00,0.5073,0.3636,0.6429,55,0.0182,0.1091,NOT_KEPT
htm0053920504,htm00539205,htm005392,15082026_16k_production_4_seeds_4_sizes,htmedium,2026-09-21T19:46:23+00:00,0.5073,0.3636,0.6429,55,0.0182,0.1091,NOT_KEPT
htm0053920505,htm00539205,htm005392,15082026_16k_production_4_seeds_4_sizes,htmedium,2026-09-21T19:46:23+00:00,0.5073,0.3636,0.6429,55,0.0182,0.1091,NOT_KEPT
htm0053920508,htm00539205,htm005392,15082026_16k_production_4_seeds_4_sizes,htmedium,2026-09-21T19:46:23+00:00,0.5073,0.3636,0.6429,55,0.0182,0.1091,NOT_KEPT
htm0053920511,htm00539205,htm005392,15082026_16k_production_4_seeds_4_sizes,htmedium,2026-09-21T19:46:23+00:00,0.5073,0.3636,0.6429,55,0.0182,0.1091,NOT_KEPT
htm0053920502,htm00539205,htm005392,15082026_16k_production_4_seeds_4_sizes,htmedium,2026-09-21T19:46:23+00:00,0.5008,0.3465,0.5714,55,0.0182,0.1091,NOT_KEPT
htm0053920512,htm00539205,htm005392,15082026_16k_production_4_seeds_4_sizes,htmedium,2026-09-21T19:46:23+00:00,0.4938,0.3607,0.5,55,0.0182,0.1091,NOT_KEPT
htm0053920513,htm00539205,htm005392,15082026_16k_production_4_seeds_4_sizes,htmedium,2026-09-21T19:46:23+00:00,0.4886,0.3264,0.5,55,0.0182,0.1091,NOT_KEPT
htm0056480012,htm00564800,htm005648,15082026_16k_production_4_seeds_4_sizes,htmedium,2026-09-21T19:46:23+00:00,0.3867,0.3465,0.5556,60,0.0667,0.1167,KEPT
htm0056480005,htm00564800,htm005648,15082026_16k_production_4_seeds_4_sizes,htmedium,2026-09-21T19:46:23+00:00,0.3743,0.3484,0.5556,60,0.0500,0.1167,KEPT
htm0056480008,htm00564800,htm005648,15082026_16k_production_4_seeds_4_sizes,htmedium,2026-09-21T19:46:23+00:00,0.3743,0.3484,0.5556,60,0.0500,0.1167,KEPT
htm0056480009,htm00564800,htm005648,15082026_16k_production_4_seeds_4_sizes,htmedium,2026-09-21T19:46:23+00:00,0.3743,0.3484,0.5556,60,0.0500,0.1167,NOT_KEPT
htm0056480014,htm00564800,htm005648,15082026_16k_production_4_seeds_4_sizes,htmedium,2026-09-21T19:46:23+00:00,0.3736,0.2988,0.5,60,0.0667,0.1167,NOT_KEPT
htm0056480015,htm00564800,htm005648,15082026_16k_production_4_seeds_4_sizes,htmedium,2026-09-21T19:46:23+00:00,0.3696,0.3257,0.5,60,0.0500,0.1167,NOT_KEPT
htm0056480010,htm00564800,htm005648,15082026_16k_production_4_seeds_4_sizes,htmedium,2026-09-21T19:46:23+00:00,0.3664,0.3298,0.5556,60,0.0500,0.1167,NOT_KEPT
htm0056480016,htm00564800,htm005648,15082026_16k_production_4_seeds_4_sizes,htmedium,2026-09-21T19:46:23+00:00,0.3654,0.3472,0.5556,60,0.0333,0.1167,NOT_KEPT
htm0056480001,htm00564800,htm005648,15082026_16k_production_4_seeds_4_sizes,htmedium,2026-09-21T19:46:23+00:00,0.3648,0.306,0.5556,60,0.0333,0.1167,NOT_KEPT
htm0056480002,htm00564800,htm005648,15082026_16k_production_4_seeds_4_sizes,htmedium,2026-09-21T19:46:23+00:00,0.3547,0.2952,0.5,60,0.0500,0.1167,NOT_KEPT
htm0056480013,htm00564800,htm005648,15082026_16k_production_4_seeds_4_sizes,htmedium,2026-09-21T19:46:23+00:00,0.3527,0.3493,0.5,60,0.0333,0.1167,NOT_KEPT
htm0056480011,htm00564800,htm005648,15082026_16k_production_4_seeds_4_sizes,htmedium,2026-09-21T19:46:23+00:00,0.3522,0.3057,0.5556,60,0.0667,0.1167,NOT_KEPT
htm0056480003,htm00564800,htm005648,15082026_16k_production_4_seeds_4_sizes,htmedium,2026-09-21T19:46:23+00:00,0.343,0.3479,0.6667,60,0.0500,0.1167,NOT_KEPT
htm0056480004,htm00564800,htm005648,15082026_16k_production_4_seeds_4_sizes,htmedium,2026-09-21T19:46:23+00:00,0.3426,0.3267,0.4444,60,0.0333,0.1167,NOT_KEPT
htm0056480007,htm00564800,htm005648,15082026_16k_production_4_seeds_4_sizes,htmedium,2026-09-21T19:46:23+00:00,0.3408,0.3375,0.6111,60,0.0500,0.1167,NOT_KEPT
htm0056480006,htm00564800,htm005648,15082026_16k_production_4_seeds_4_sizes,htmedium,2026-09-21T19:46:23+00:00,0.334,0.3072,0.5556,60,0.0333,0.1167,NOT_KEPT
htm0056480109,htm00564801,htm005648,15082026_16k_production_4_seeds_4_sizes,htmedium,2026-09-21T19:46:23+00:00,0.417,0.3801,0.5,60,0.0500,0.1333,KEPT
htm0056480110,htm00564801,htm005648,15082026_16k_production_4_seeds_4_sizes,htmedium,2026-09-21T19:46:23+00:00,0.4043,0.3533,0.4375,60,0.0500,0.1333,KEPT
htm0056480104,htm00564801,htm005648,15082026_16k_production_4_seeds_4_sizes,htmedium,2026-09-21T19:46:23+00:00,0.3921,0.429,0.5,60,0.0500,0.1333,KEPT
htm0056480103,htm00564801,htm005648,15082026_16k_production_4_seeds_4_sizes,htmedium,2026-09-21T19:46:23+00:00,0.391,0.4129,0.375,60,0.0500,0.1333,NOT_KEPT
htm0056480116,htm00564801,htm005648,15082026_16k_production_4_seeds_4_sizes,htmedium,2026-09-21T19:46:23+00:00,0.388,0.4083,0.4375,60,0.0500,0.1333,NOT_KEPT
htm0056480108,htm00564801,htm005648,15082026_16k_production_4_seeds_4_sizes,htmedium,2026-09-21T19:46:23+00:00,0.3855,0.4333,0.4375,60,0.0500,0.1333,NOT_KEPT
htm0056480113,htm00564801,htm005648,15082026_16k_production_4_seeds_4_sizes,htmedium,2026-09-21T19:46:23+00:00,0.3855,0.4333,0.4375,60,0.0500,0.1333,NOT_KEPT
htm0056480106,htm00564801,htm005648,15082026_16k_production_4_seeds_4_sizes,htmedium,2026-09-21T19:46:23+00:00,0.3807,0.4155,0.4375,60,0.0500,0.1333,NOT_KEPT
htm0056480107,htm00564801,htm005648,15082026_16k_production_4_seeds_4_sizes,htmedium,2026-09-21T19:46:23+00:00,0.3771,0.4332,0.375,60,0.0500,0.1333,NOT_KEPT
htm0056480115,htm00564801,htm005648,15082026_16k_production_4_seeds_4_sizes,htmedium,2026-09-21T19:46:23+00:00,0.3764,0.4073,0.5,60,0.0500,0.1333,NOT_KEPT
htm0056480112,htm00564801,htm005648,15082026_16k_production_4_seeds_4_sizes,htmedium,2026-09-21T19:46:23+00:00,0.3734,0.4028,0.375,60,0.0500,0.1333,NOT_KEPT
htm0056480102,htm00564801,htm005648,15082026_16k_production_4_seeds_4_sizes,htmedium,2026-09-21T19:46:23+00:00,0.3716,0.404,0.4375,60,0.0500,0.1333,NOT_KEPT
htm0056480114,htm00564801,htm005648,15082026_16k_production_4_seeds_4_sizes,htmedium,2026-09-21T19:46:23+00:00,0.3712,0.3971,0.4375,60,0.0500,0.1333,NOT_KEPT
htm0056480101,htm00564801,htm005648,15082026_16k_production_4_seeds_4_sizes,htmedium,2026-09-21T19:46:23+00:00,0.3706,0.4022,0.5,60,0.0500,0.1333,NOT_KEPT
htm0056480105,htm00564801,htm005648,15082026_16k_production_4_seeds_4_sizes,htmedium,2026-09-21T19:46:23+00:00,0.3639,0.3871,0.5,60,0.0500,0.1333,NOT_KEPT
htm0056480111,htm00564801,htm005648,15082026_16k_production_4_seeds_4_sizes,htmedium,2026-09-21T19:46:23+00:00,0.3394,0.4132,0.5,60,0.0333,0.1333,NOT_KEPT
htx0070450503,htx00704505,htx007045,15082026_16k_production_4_seeds_4_sizes,htxlarge,2026-09-21T19:46:23+00:00,0.534,0.4959,0.6923,86,0.1047,0.1279,KEPT
htx0070450507,htx00704505,htx007045,15082026_16k_production_4_seeds_4_sizes,htxlarge,2026-09-21T19:46:23+00:00,0.534,0.4959,0.6923,86,0.1047,0.1279,KEPT
htx0070450508,htx00704505,htx007045,15082026_16k_production_4_seeds_4_sizes,htxlarge,2026-09-21T19:46:23+00:00,0.534,0.4959,0.6923,86,0.1047,0.1279,KEPT
htx0070450511,htx00704505,htx007045,15082026_16k_production_4_seeds_4_sizes,htxlarge,2026-09-21T19:46:23+00:00,0.534,0.4959,0.6923,86,0.1047,0.1279,NOT_KEPT
htx0070450505,htx00704505,htx007045,15082026_16k_production_4_seeds_4_sizes,htxlarge,2026-09-21T19:46:23+00:00,0.5332,0.4951,0.7308,86,0.1047,0.1279,NOT_KEPT
htx0070450516,htx00704505,htx007045,15082026_16k_production_4_seeds_4_sizes,htxlarge,2026-09-21T19:46:23+00:00,0.5332,0.4951,0.7308,86,0.1047,0.1279,NOT_KEPT
htx0070450512,htx00704505,htx007045,15082026_16k_production_4_seeds_4_sizes,htxlarge,2026-09-21T19:46:23+00:00,0.5306,0.4908,0.6923,86,0.1047,0.1279,NOT_KEPT
htx0070450501,htx00704505,htx007045,15082026_16k_production_4_seeds_4_sizes,htxlarge,2026-09-21T19:46:23+00:00,0.527,0.4864,0.7308,86,0.1047,0.1279,NOT_KEPT
htx0070450504,htx00704505,htx007045,15082026_16k_production_4_seeds_4_sizes,htxlarge,2026-09-21T19:46:23+00:00,0.527,0.4864,0.7308,86,0.1047,0.1279,NOT_KEPT
htx0070450509,htx00704505,htx007045,15082026_16k_production_4_seeds_4_sizes,htxlarge,2026-09-21T19:46:23+00:00,0.527,0.4864,0.7308,86,0.1047,0.1279,NOT_KEPT
htx0070450513,htx00704505,htx007045,15082026_16k_production_4_seeds_4_sizes,htxlarge,2026-09-21T19:46:23+00:00,0.5244,0.4832,0.7308,86,0.1047,0.1279,NOT_KEPT
htx0070450514,htx00704505,htx007045,15082026_16k_production_4_seeds_4_sizes,htxlarge,2026-09-21T19:46:23+00:00,0.5237,0.4823,0.7692,86,0.1047,0.1279,NOT_KEPT
htx0070450502,htx00704505,htx007045,15082026_16k_production_4_seeds_4_sizes,htxlarge,2026-09-21T19:46:23+00:00,0.5193,0.496,0.7308,86,0.1047,0.1279,NOT_KEPT
htx0070450515,htx00704505,htx007045,15082026_16k_production_4_seeds_4_sizes,htxlarge,2026-09-21T19:46:23+00:00,0.5185,0.4951,0.7692,86,0.1047,0.1279,NOT_KEPT
htx0070450506,htx00704505,htx007045,15082026_16k_production_4_seeds_4_sizes,htxlarge,2026-09-21T19:46:23+00:00,0.5075,0.4797,0.7308,86,0.1047,0.1279,NOT_KEPT
htx0070450510,htx00704505,htx007045,15082026_16k_production_4_seeds_4_sizes,htxlarge,2026-09-21T19:46:23+00:00,0.4955,0.4924,0.7692,86,0.1047,0.1163,NOT_KEPT
htx0070450803,htx00704508,htx007045,15082026_16k_production_4_seeds_4_sizes,htxlarge,2026-09-21T19:46:23+00:00,0.4897,0.5308,0.6957,86,0.1047,0.1163,KEPT
htx0070450808,htx00704508,htx007045,15082026_16k_production_4_seeds_4_sizes,htxlarge,2026-09-21T19:46:23+00:00,0.4864,0.5288,0.6522,86,0.1047,0.1163,KEPT
htx0070450813,htx00704508,htx007045,15082026_16k_production_4_seeds_4_sizes,htxlarge,2026-09-21T19:46:23+00:00,0.4864,0.5288,0.6522,86,0.1047,0.1163,KEPT
htx0070450814,htx00704508,htx007045,15082026_16k_production_4_seeds_4_sizes,htxlarge,2026-09-21T19:46:23+00:00,0.4836,0.5162,0.7391,86,0.1047,0.1163,NOT_KEPT
htx0070450802,htx00704508,htx007045,15082026_16k_production_4_seeds_4_sizes,htxlarge,2026-09-21T19:46:23+00:00,0.4815,0.5139,0.6957,86,0.1047,0.1163,NOT_KEPT
htx0070450812,htx00704508,htx007045,15082026_16k_production_4_seeds_4_sizes,htxlarge,2026-09-21T19:46:23+00:00,0.4815,0.5139,0.6957,86,0.1047,0.1163,NOT_KEPT
htx0070450816,htx00704508,htx007045,15082026_16k_production_4_seeds_4_sizes,htxlarge,2026-09-21T19:46:23+00:00,0.4815,0.5139,0.6957,86,0.1047,0.1163,NOT_KEPT
htx0070450810,htx00704508,htx007045,15082026_16k_production_4_seeds_4_sizes,htxlarge,2026-09-21T19:46:23+00:00,0.4729,0.5212,0.7391,86,0.1047,0.1163,NOT_KEPT
htx0070450801,htx00704508,htx007045,15082026_16k_production_4_seeds_4_sizes,htxlarge,2026-09-21T19:46:23+00:00,0.4714,0.511,0.6522,86,0.1047,0.1163,NOT_KEPT
htx0070450811,htx00704508,htx007045,15082026_16k_production_4_seeds_4_sizes,htxlarge,2026-09-21T19:46:23+00:00,0.4714,0.511,0.6522,86,0.1047,0.1163,NOT_KEPT
htx0070450807,htx00704508,htx007045,15082026_16k_production_4_seeds_4_sizes,htxlarge,2026-09-21T19:46:23+00:00,0.4673,0.5073,0.5652,86,0.1047,0.1279,NOT_KEPT
htx0070450815,htx00704508,htx007045,15082026_16k_production_4_seeds_4_sizes,htxlarge,2026-09-21T19:46:23+00:00,0.4663,0.5091,0.6957,86,0.1047,0.1279,NOT_KEPT
htx0070450804,htx00704508,htx007045,15082026_16k_production_4_seeds_4_sizes,htxlarge,2026-09-21T19:46:23+00:00,0.4642,0.5048,0.7391,86,0.1047,0.1163,NOT_KEPT
htx0070450809,htx00704508,htx007045,15082026_16k_production_4_seeds_4_sizes,htxlarge,2026-09-21T19:46:23+00:00,0.4642,0.5048,0.7391,86,0.1047,0.1163,NOT_KEPT
htx0070450805,htx00704508,htx007045,15082026_16k_production_4_seeds_4_sizes,htxlarge,2026-09-21T19:46:23+00:00,0.4561,0.5064,0.6522,86,0.1047,0.1279,NOT_KEPT
htx0070450806,htx00704508,htx007045,15082026_16k_production_4_seeds_4_sizes,htxlarge,2026-09-21T19:46:23+00:00,0.4496,0.4966,0.6957,86,0.1047,0.1163,NOT_KEPT
htx0070660105,htx00706601,htx007066,15082026_16k_production_4_seeds_4_sizes,htxlarge,2026-09-21T19:46:23+00:00,0.537,0.522,0.7,79,0.1266,0.0886,KEPT
htx0070660106,htx00706601,htx007066,15082026_16k_production_4_seeds_4_sizes,htxlarge,2026-09-21T19:46:23+00:00,0.537,0.522,0.7,79,0.1266,0.0886,KEPT
htx0070660104,htx00706601,htx007066,15082026_16k_production_4_seeds_4_sizes,htxlarge,2026-09-21T19:46:23+00:00,0.5307,0.5134,0.65,79,0.1266,0.0886,KEPT
htx0070660108,htx00706601,htx007066,15082026_16k_production_4_seeds_4_sizes,htxlarge,2026-09-21T19:46:23+00:00,0.5307,0.5134,0.65,79,0.1266,0.0886,NOT_KEPT
htx0070660111,htx00706601,htx007066,15082026_16k_production_4_seeds_4_sizes,htxlarge,2026-09-21T19:46:23+00:00,0.5247,0.5061,0.65,79,0.1266,0.0886,NOT_KEPT
htx0070660110,htx00706601,htx007066,15082026_16k_production_4_seeds_4_sizes,htxlarge,2026-09-21T19:46:23+00:00,0.5102,0.4878,0.7,79,0.1139,0.0886,NOT_KEPT
htx0070660112,htx00706601,htx007066,15082026_16k_production_4_seeds_4_sizes,htxlarge,2026-09-21T19:46:23+00:00,0.5102,0.4878,0.7,79,0.1139,0.0886,NOT_KEPT
htx0070660114,htx00706601,htx007066,15082026_16k_production_4_seeds_4_sizes,htxlarge,2026-09-21T19:46:23+00:00,0.5102,0.4878,0.7,79,0.1139,0.0886,NOT_KEPT
htx0070660101,htx00706601,htx007066,15082026_16k_production_4_seeds_4_sizes,htxlarge,2026-09-21T19:46:23+00:00,0.5079,0.4846,0.7,79,0.1139,0.0886,NOT_KEPT
htx0070660102,htx00706601,htx007066,15082026_16k_production_4_seeds_4_sizes,htxlarge,2026-09-21T19:46:23+00:00,0.5023,0.475,0.75,79,0.1139,0.0886,NOT_KEPT
htx0070660115,htx00706601,htx007066,15082026_16k_production_4_seeds_4_sizes,htxlarge,2026-09-21T19:46:23+00:00,0.5016,0.4763,0.65,79,0.1139,0.0886,NOT_KEPT
htx0070660107,htx00706601,htx007066,15082026_16k_production_4_seeds_4_sizes,htxlarge,2026-09-21T19:46:23+00:00,0.4978,0.4718,0.65,79,0.1139,0.0886,NOT_KEPT
htx0070660116,htx00706601,htx007066,15082026_16k_production_4_seeds_4_sizes,htxlarge,2026-09-21T19:46:23+00:00,0.4946,0.4677,0.6,79,0.1139,0.0886,NOT_KEPT
htx0070660109,htx00706601,htx007066,15082026_16k_production_4_seeds_4_sizes,htxlarge,2026-09-21T19:46:23+00:00,0.4888,0.4603,0.65,79,0.1139,0.0886,NOT_KEPT
htx0070660113,htx00706601,htx007066,15082026_16k_production_4_seeds_4_sizes,htxlarge,2026-09-21T19:46:23+00:00,0.4804,0.4716,0.7,79,0.1139,0.0886,NOT_KEPT
htx0070660103,htx00706601,htx007066,15082026_16k_production_4_seeds_4_sizes,htxlarge,2026-09-21T19:46:23+00:00,0.4783,0.4435,0.6,79,0.1139,0.0886,NOT_KEPT
htx0070660908,htx00706609,htx007066,15082026_16k_production_4_seeds_4_sizes,htxlarge,2026-09-21T19:46:23+00:00,0.55,0.4821,0.6818,79,0.1013,0.0759,KEPT
htx0070660903,htx00706609,htx007066,15082026_16k_production_4_seeds_4_sizes,htxlarge,2026-09-21T19:46:23+00:00,0.5497,0.4685,0.5909,79,0.1013,0.0759,KEPT
htx0070660907,htx00706609,htx007066,15082026_16k_production_4_seeds_4_sizes,htxlarge,2026-09-21T19:46:23+00:00,0.5497,0.4685,0.5909,79,0.1013,0.0759,KEPT
htx0070660910,htx00706609,htx007066,15082026_16k_production_4_seeds_4_sizes,htxlarge,2026-09-21T19:46:23+00:00,0.5497,0.4685,0.5909,79,0.1013,0.0759,NOT_KEPT
htx0070660914,htx00706609,htx007066,15082026_16k_production_4_seeds_4_sizes,htxlarge,2026-09-21T19:46:23+00:00,0.5489,0.4702,0.6364,79,0.1013,0.0759,NOT_KEPT
htx0070660901,htx00706609,htx007066,15082026_16k_production_4_seeds_4_sizes,htxlarge,2026-09-21T19:46:23+00:00,0.5424,0.4618,0.5909,79,0.1013,0.0759,NOT_KEPT
htx0070660904,htx00706609,htx007066,15082026_16k_production_4_seeds_4_sizes,htxlarge,2026-09-21T19:46:23+00:00,0.5384,0.4574,0.6818,79,0.1013,0.0759,NOT_KEPT
htx0070660915,htx00706609,htx007066,15082026_16k_production_4_seeds_4_sizes,htxlarge,2026-09-21T19:46:23+00:00,0.5373,0.4548,0.5909,79,0.1013,0.0759,NOT_KEPT
htx0070660905,htx00706609,htx007066,15082026_16k_production_4_seeds_4_sizes,htxlarge,2026-09-21T19:46:23+00:00,0.535,0.4631,0.5909,79,0.1013,0.0759,NOT_KEPT
htx0070660902,htx00706609,htx007066,15082026_16k_production_4_seeds_4_sizes,htxlarge,2026-09-21T19:46:23+00:00,0.5299,0.4541,0.6818,79,0.1013,0.0759,NOT_KEPT
htx0070660916,htx00706609,htx007066,15082026_16k_production_4_seeds_4_sizes,htxlarge,2026-09-21T19:46:23+00:00,0.5292,0.4482,0.5909,79,0.1013,0.0759,NOT_KEPT
htx0070660909,htx00706609,htx007066,15082026_16k_production_4_seeds_4_sizes,htxlarge,2026-09-21T19:46:23+00:00,0.5239,0.4336,0.5909,79,0.1013,0.0759,NOT_KEPT
htx0070660906,htx00706609,htx007066,15082026_16k_production_4_seeds_4_sizes,htxlarge,2026-09-21T19:46:23+00:00,0.5204,0.4401,0.6818,79,0.0886,0.0759,NOT_KEPT
htx0070660911,htx00706609,htx007066,15082026_16k_production_4_seeds_4_sizes,htxlarge,2026-09-21T19:46:23+00:00,0.5178,0.4269,0.6364,79,0.0886,0.0759,NOT_KEPT
htx0070660912,htx00706609,htx007066,15082026_16k_production_4_seeds_4_sizes,htxlarge,2026-09-21T19:46:23+00:00,0.5076,0.4235,0.6364,79,0.0886,0.0759,NOT_KEPT
htx0070660913,htx00706609,htx007066,15082026_16k_production_4_seeds_4_sizes,htxlarge,2026-09-21T19:46:23+00:00,0.4891,0.4006,0.5909,79,0.0886,0.0759,NOT_KEPT
htx0071680204,htx00716802,htx007168,15082026_16k_production_4_seeds_4_sizes,htxlarge,2026-09-21T19:46:23+00:00,0.4947,0.6177,0.619,78,0.0641,0.1026,KEPT
htx0071680207,htx00716802,htx007168,15082026_16k_production_4_seeds_4_sizes,htxlarge,2026-09-21T19:46:23+00:00,0.4947,0.6177,0.619,78,0.0641,0.1026,KEPT
htx0071680208,htx00716802,htx007168,15082026_16k_production_4_seeds_4_sizes,htxlarge,2026-09-21T19:46:23+00:00,0.4947,0.6177,0.619,78,0.0641,0.1026,KEPT
htx0071680214,htx00716802,htx007168,15082026_16k_production_4_seeds_4_sizes,htxlarge,2026-09-21T19:46:23+00:00,0.4947,0.6177,0.619,78,0.0641,0.1026,NOT_KEPT
htx0071680215,htx00716802,htx007168,15082026_16k_production_4_seeds_4_sizes,htxlarge,2026-09-21T19:46:23+00:00,0.4947,0.6177,0.619,78,0.0641,0.1026,NOT_KEPT
htx0071680201,htx00716802,htx007168,15082026_16k_production_4_seeds_4_sizes,htxlarge,2026-09-21T19:46:23+00:00,0.4819,0.5861,0.619,78,0.0641,0.1026,NOT_KEPT
htx0071680211,htx00716802,htx007168,15082026_16k_production_4_seeds_4_sizes,htxlarge,2026-09-21T19:46:23+00:00,0.4819,0.5861,0.619,78,0.0641,0.1026,NOT_KEPT
htx0071680202,htx00716802,htx007168,15082026_16k_production_4_seeds_4_sizes,htxlarge,2026-09-21T19:46:23+00:00,0.4778,0.5989,0.5714,78,0.0641,0.1026,NOT_KEPT
htx0071680213,htx00716802,htx007168,15082026_16k_production_4_seeds_4_sizes,htxlarge,2026-09-21T19:46:23+00:00,0.471,0.5677,0.5714,78,0.0513,0.1026,NOT_KEPT
htx0071680205,htx00716802,htx007168,15082026_16k_production_4_seeds_4_sizes,htxlarge,2026-09-21T19:46:23+00:00,0.4677,0.5747,0.619,78,0.0641,0.1026,NOT_KEPT
htx0071680210,htx00716802,htx007168,15082026_16k_production_4_seeds_4_sizes,htxlarge,2026-09-21T19:46:23+00:00,0.4617,0.5461,0.5714,78,0.0641,0.1026,NOT_KEPT
htx0071680203,htx00716802,htx007168,15082026_16k_production_4_seeds_4_sizes,htxlarge,2026-09-21T19:46:23+00:00,0.4579,0.5503,0.5238,78,0.0513,0.1026,NOT_KEPT
htx0071680206,htx00716802,htx007168,15082026_16k_production_4_seeds_4_sizes,htxlarge,2026-09-21T19:46:23+00:00,0.4527,0.5328,0.4762,78,0.0513,0.1026,NOT_KEPT
htx0071680212,htx00716802,htx007168,15082026_16k_production_4_seeds_4_sizes,htxlarge,2026-09-21T19:46:23+00:00,0.4509,0.5259,0.5238,78,0.0513,0.1026,NOT_KEPT
htx0071680209,htx00716802,htx007168,15082026_16k_production_4_seeds_4_sizes,htxlarge,2026-09-21T19:46:23+00:00,0.4448,0.5236,0.4762,78,0.0513,0.1026,NOT_KEPT
htx0071680216,htx00716802,htx007168,15082026_16k_production_4_seeds_4_sizes,htxlarge,2026-09-21T19:46:23+00:00,0.4431,0.5671,0.6667,78,0.0641,0.1026,NOT_KEPT
htx0071681316,htx00716813,htx007168,15082026_16k_production_4_seeds_4_sizes,htxlarge,2026-09-21T19:46:23+00:00,0.4294,0.4224,0.4783,78,0.0513,0.0769,KEPT
htx0071681305,htx00716813,htx007168,15082026_16k_production_4_seeds_4_sizes,htxlarge,2026-09-21T19:46:23+00:00,0.4286,0.4171,0.3913,78,0.0513,0.0769,KEPT
htx0071681301,htx00716813,htx007168,15082026_16k_production_4_seeds_4_sizes,htxlarge,2026-09-21T19:46:23+00:00,0.4224,0.5133,0.5652,78,0.0513,0.0769,KEPT
htx0071681311,htx00716813,htx007168,15082026_16k_production_4_seeds_4_sizes,htxlarge,2026-09-21T19:46:23+00:00,0.4224,0.5133,0.5652,78,0.0513,0.0769,NOT_KEPT
htx0071681308,htx00716813,htx007168,15082026_16k_production_4_seeds_4_sizes,htxlarge,2026-09-21T19:46:23+00:00,0.4218,0.518,0.4783,78,0.0513,0.0769,NOT_KEPT
htx0071681313,htx00716813,htx007168,15082026_16k_production_4_seeds_4_sizes,htxlarge,2026-09-21T19:46:23+00:00,0.4184,0.5023,0.4348,78,0.0513,0.0769,NOT_KEPT
htx0071681315,htx00716813,htx007168,15082026_16k_production_4_seeds_4_sizes,htxlarge,2026-09-21T19:46:23+00:00,0.4175,0.5009,0.4783,78,0.0513,0.0769,NOT_KEPT
htx0071681310,htx00716813,htx007168,15082026_16k_production_4_seeds_4_sizes,htxlarge,2026-09-21T19:46:23+00:00,0.4145,0.518,0.4783,78,0.0513,0.0769,NOT_KEPT
htx0071681309,htx00716813,htx007168,15082026_16k_production_4_seeds_4_sizes,htxlarge,2026-09-21T19:46:23+00:00,0.4097,0.5006,0.5217,78,0.0513,0.0769,NOT_KEPT
htx0071681312,htx00716813,htx007168,15082026_16k_production_4_seeds_4_sizes,htxlarge,2026-09-21T19:46:23+00:00,0.4049,0.5175,0.5217,78,0.0513,0.0641,NOT_KEPT
htx0071681303,htx00716813,htx007168,15082026_16k_production_4_seeds_4_sizes,htxlarge,2026-09-21T19:46:23+00:00,0.4047,0.5131,0.5652,78,0.0513,0.0641,NOT_KEPT
htx0071681306,htx00716813,htx007168,15082026_16k_production_4_seeds_4_sizes,htxlarge,2026-09-21T19:46:23+00:00,0.4012,0.5208,0.4783,78,0.0513,0.0641,NOT_KEPT
htx0071681307,htx00716813,htx007168,15082026_16k_production_4_seeds_4_sizes,htxlarge,2026-09-21T19:46:23+00:00,0.3922,0.4867,0.4783,78,0.0513,0.0641,NOT_KEPT
htx0071681302,htx00716813,htx007168,15082026_16k_production_4_seeds_4_sizes,htxlarge,2026-09-21T19:46:23+00:00,0.3863,0.5143,0.5652,78,0.0513,0.0641,NOT_KEPT
htx0071681314,htx00716813,htx007168,15082026_16k_production_4_seeds_4_sizes,htxlarge,2026-09-21T19:46:23+00:00,0.3854,0.5144,0.5217,78,0.0513,0.0641,NOT_KEPT
htx0071681304,htx00716813,htx007168,15082026_16k_production_4_seeds_4_sizes,htxlarge,2026-09-21T19:46:23+00:00,0.3731,0.4425,0.4783,78,0.0513,0.0641,NOT_KEPT
htx0072030412,htx00720304,htx007203,15082026_16k_production_4_seeds_4_sizes,htxlarge,2026-09-21T19:46:23+00:00,0.4105,0.3405,0.5882,89,0.1236,0.0449,KEPT
htx0072030402,htx00720304,htx007203,15082026_16k_production_4_seeds_4_sizes,htxlarge,2026-09-21T19:46:23+00:00,0.4043,0.3207,0.4706,89,0.1124,0.0337,KEPT
htx0072030404,htx00720304,htx007203,15082026_16k_production_4_seeds_4_sizes,htxlarge,2026-09-21T19:46:23+00:00,0.4043,0.3207,0.4706,89,0.1124,0.0337,KEPT
htx0072030407,htx00720304,htx007203,15082026_16k_production_4_seeds_4_sizes,htxlarge,2026-09-21T19:46:23+00:00,0.4043,0.3207,0.4706,89,0.1124,0.0337,NOT_KEPT
htx0072030409,htx00720304,htx007203,15082026_16k_production_4_seeds_4_sizes,htxlarge,2026-09-21T19:46:23+00:00,0.4043,0.3207,0.4706,89,0.1124,0.0337,NOT_KEPT
htx0072030410,htx00720304,htx007203,15082026_16k_production_4_seeds_4_sizes,htxlarge,2026-09-21T19:46:23+00:00,0.4043,0.3207,0.4706,89,0.1124,0.0337,NOT_KEPT
htx0072030411,htx00720304,htx007203,15082026_16k_production_4_seeds_4_sizes,htxlarge,2026-09-21T19:46:23+00:00,0.4043,0.3207,0.4706,89,0.1124,0.0337,NOT_KEPT
htx0072030414,htx00720304,htx007203,15082026_16k_production_4_seeds_4_sizes,htxlarge,2026-09-21T19:46:23+00:00,0.4043,0.3207,0.4706,89,0.1124,0.0337,NOT_KEPT
htx0072030416,htx00720304,htx007203,15082026_16k_production_4_seeds_4_sizes,htxlarge,2026-09-21T19:46:23+00:00,0.4043,0.3207,0.4706,89,0.1124,0.0337,NOT_KEPT
htx0072030401,htx00720304,htx007203,15082026_16k_production_4_seeds_4_sizes,htxlarge,2026-09-21T19:46:23+00:00,0.3979,0.3133,0.4118,89,0.1124,0.0337,NOT_KEPT
htx0072030405,htx00720304,htx007203,15082026_16k_production_4_seeds_4_sizes,htxlarge,2026-09-21T19:46:23+00:00,0.3914,0.3147,0.4118,89,0.1124,0.0337,NOT_KEPT
htx0072030415,htx00720304,htx007203,15082026_16k_production_4_seeds_4_sizes,htxlarge,2026-09-21T19:46:23+00:00,0.3862,0.2949,0.4706,89,0.1124,0.0337,NOT_KEPT
htx0072030413,htx00720304,htx007203,15082026_16k_production_4_seeds_4_sizes,htxlarge,2026-09-21T19:46:23+00:00,0.382,0.2857,0.4706,89,0.1124,0.0337,NOT_KEPT
htx0072030408,htx00720304,htx007203,15082026_16k_production_4_seeds_4_sizes,htxlarge,2026-09-21T19:46:23+00:00,0.3808,0.2968,0.3529,89,0.1124,0.0337,NOT_KEPT
htx0072030406,htx00720304,htx007203,15082026_16k_production_4_seeds_4_sizes,htxlarge,2026-09-21T19:46:23+00:00,0.3791,0.284,0.3529,89,0.1124,0.0337,NOT_KEPT
htx0072030403,htx00720304,htx007203,15082026_16k_production_4_seeds_4_sizes,htxlarge,2026-09-21T19:46:23+00:00,0.3716,0.2677,0.3529,89,0.1124,0.0337,NOT_KEPT
htx0073090001,htx00730900,htx007309,15082026_16k_production_4_seeds_4_sizes,htxlarge,2026-09-21T19:46:23+00:00,0.5658,0.4838,0.5806,89,0.0787,0.1011,KEPT
htx0073090003,htx00730900,htx007309,15082026_16k_production_4_seeds_4_sizes,htxlarge,2026-09-21T19:46:23+00:00,0.5658,0.4838,0.5806,89,0.0787,0.1011,KEPT
htx0073090006,htx00730900,htx007309,15082026_16k_production_4_seeds_4_sizes,htxlarge,2026-09-21T19:46:23+00:00,0.5658,0.4838,0.5806,89,0.0787,0.1011,KEPT
htx0073090008,htx00730900,htx007309,15082026_16k_production_4_seeds_4_sizes,htxlarge,2026-09-21T19:46:23+00:00,0.5658,0.4838,0.5806,89,0.0787,0.1011,NOT_KEPT
htx0073090012,htx00730900,htx007309,15082026_16k_production_4_seeds_4_sizes,htxlarge,2026-09-21T19:46:23+00:00,0.5658,0.4838,0.5806,89,0.0787,0.1011,NOT_KEPT
htx0073090014,htx00730900,htx007309,15082026_16k_production_4_seeds_4_sizes,htxlarge,2026-09-21T19:46:23+00:00,0.5658,0.4838,0.5806,89,0.0787,0.1011,NOT_KEPT
htx0073090007,htx00730900,htx007309,15082026_16k_production_4_seeds_4_sizes,htxlarge,2026-09-21T19:46:23+00:00,0.5646,0.4821,0.5484,89,0.0787,0.1011,NOT_KEPT
htx0073090011,htx00730900,htx007309,15082026_16k_production_4_seeds_4_sizes,htxlarge,2026-09-21T19:46:23+00:00,0.5646,0.4821,0.5484,89,0.0787,0.1011,NOT_KEPT
htx0073090013,htx00730900,htx007309,15082026_16k_production_4_seeds_4_sizes,htxlarge,2026-09-21T19:46:23+00:00,0.5633,0.4805,0.5484,89,0.0787,0.1011,NOT_KEPT
htx0073090009,htx00730900,htx007309,15082026_16k_production_4_seeds_4_sizes,htxlarge,2026-09-21T19:46:23+00:00,0.5629,0.4804,0.5806,89,0.0787,0.1011,NOT_KEPT
htx0073090016,htx00730900,htx007309,15082026_16k_production_4_seeds_4_sizes,htxlarge,2026-09-21T19:46:23+00:00,0.5566,0.472,0.5484,89,0.0787,0.1011,NOT_KEPT
htx0073090002,htx00730900,htx007309,15082026_16k_production_4_seeds_4_sizes,htxlarge,2026-09-21T19:46:23+00:00,0.5553,0.4705,0.5806,89,0.0787,0.1124,NOT_KEPT
htx0073090010,htx00730900,htx007309,15082026_16k_production_4_seeds_4_sizes,htxlarge,2026-09-21T19:46:23+00:00,0.5525,0.4659,0.5484,89,0.0787,0.1011,NOT_KEPT
htx0073090005,htx00730900,htx007309,15082026_16k_production_4_seeds_4_sizes,htxlarge,2026-09-21T19:46:23+00:00,0.5333,0.4763,0.4839,89,0.0674,0.1011,NOT_KEPT
htx0073090004,htx00730900,htx007309,15082026_16k_production_4_seeds_4_sizes,htxlarge,2026-09-21T19:46:23+00:00,0.5282,0.4692,0.4839,89,0.0674,0.1124,NOT_KEPT
htx0073090015,htx00730900,htx007309,15082026_16k_production_4_seeds_4_sizes,htxlarge,2026-09-21T19:46:23+00:00,0.5278,0.4675,0.5161,89,0.0674,0.1011,NOT_KEPT
htx0073090202,htx00730902,htx007309,15082026_16k_production_4_seeds_4_sizes,htxlarge,2026-09-21T19:46:23+00:00,0.3515,0.3491,0.4138,89,0.0562,0.0899,KEPT
htx0073090211,htx00730902,htx007309,15082026_16k_production_4_seeds_4_sizes,htxlarge,2026-09-21T19:46:23+00:00,0.3513,0.3452,0.3448,89,0.0562,0.0899,KEPT
htx0073090204,htx00730902,htx007309,15082026_16k_production_4_seeds_4_sizes,htxlarge,2026-09-21T19:46:23+00:00,0.35,0.3506,0.4138,89,0.0562,0.0899,KEPT
htx0073090207,htx00730902,htx007309,15082026_16k_production_4_seeds_4_sizes,htxlarge,2026-09-21T19:46:23+00:00,0.3481,0.355,0.4138,89,0.0562,0.0899,NOT_KEPT
htx0073090213,htx00730902,htx007309,15082026_16k_production_4_seeds_4_sizes,htxlarge,2026-09-21T19:46:23+00:00,0.3475,0.351,0.3793,89,0.0562,0.0899,NOT_KEPT
htx0073090201,htx00730902,htx007309,15082026_16k_production_4_seeds_4_sizes,htxlarge,2026-09-21T19:46:23+00:00,0.3457,0.3435,0.4138,89,0.0562,0.0899,NOT_KEPT
htx0073090206,htx00730902,htx007309,15082026_16k_production_4_seeds_4_sizes,htxlarge,2026-09-21T19:46:23+00:00,0.343,0.349,0.4138,89,0.0562,0.0899,NOT_KEPT
htx0073090210,htx00730902,htx007309,15082026_16k_production_4_seeds_4_sizes,htxlarge,2026-09-21T19:46:23+00:00,0.3422,0.3416,0.3448,89,0.0562,0.0899,NOT_KEPT
htx0073090216,htx00730902,htx007309,15082026_16k_production_4_seeds_4_sizes,htxlarge,2026-09-21T19:46:23+00:00,0.3413,0.349,0.3448,89,0.0562,0.0899,NOT_KEPT
htx0073090203,htx00730902,htx007309,15082026_16k_production_4_seeds_4_sizes,htxlarge,2026-09-21T19:46:23+00:00,0.3374,0.3261,0.4138,89,0.0562,0.0899,NOT_KEPT
htx0073090215,htx00730902,htx007309,15082026_16k_production_4_seeds_4_sizes,htxlarge,2026-09-21T19:46:23+00:00,0.3372,0.3392,0.4138,89,0.0562,0.0899,NOT_KEPT
htx0073090214,htx00730902,htx007309,15082026_16k_production_4_seeds_4_sizes,htxlarge,2026-09-21T19:46:23+00:00,0.3368,0.3323,0.4828,89,0.0562,0.0899,NOT_KEPT
htx0073090209,htx00730902,htx007309,15082026_16k_production_4_seeds_4_sizes,htxlarge,2026-09-21T19:46:23+00:00,0.3366,0.3193,0.3793,89,0.0562,0.0899,NOT_KEPT
htx0073090205,htx00730902,htx007309,15082026_16k_production_4_seeds_4_sizes,htxlarge,2026-09-21T19:46:23+00:00,0.3364,0.3513,0.4483,89,0.0562,0.0899,NOT_KEPT
htx0073090212,htx00730902,htx007309,15082026_16k_production_4_seeds_4_sizes,htxlarge,2026-09-21T19:46:23+00:00,0.3296,0.3434,0.3448,89,0.0562,0.0899,NOT_KEPT
htx0073090208,htx00730902,htx007309,15082026_16k_production_4_seeds_4_sizes,htxlarge,2026-09-21T19:46:23+00:00,0.3103,0.3429,0.4138,89,0.0449,0.0899,NOT_KEPT
htx0073760008,htx00737600,htx007376,15082026_16k_production_4_seeds_4_sizes,htxlarge,2026-09-21T19:46:23+00:00,0.4242,0.3654,0.6061,90,0.0889,0.0667,KEPT
htx0073760016,htx00737600,htx007376,15082026_16k_production_4_seeds_4_sizes,htxlarge,2026-09-21T19:46:23+00:00,0.4127,0.3576,0.6667,90,0.0889,0.0667,KEPT
htx0073760015,htx00737600,htx007376,15082026_16k_production_4_seeds_4_sizes,htxlarge,2026-09-21T19:46:23+00:00,0.4125,0.352,0.5758,90,0.0778,0.0667,KEPT
htx0073760014,htx00737600,htx007376,15082026_16k_production_4_seeds_4_sizes,htxlarge,2026-09-21T19:46:23+00:00,0.4091,0.3529,0.6061,90,0.0778,0.0667,NOT_KEPT
htx0073760009,htx00737600,htx007376,15082026_16k_production_4_seeds_4_sizes,htxlarge,2026-09-21T19:46:23+00:00,0.4077,0.3443,0.5758,90,0.0778,0.0667,NOT_KEPT
htx0073760011,htx00737600,htx007376,15082026_16k_production_4_seeds_4_sizes,htxlarge,2026-09-21T19:46:23+00:00,0.4036,0.3404,0.6061,90,0.0667,0.0778,NOT_KEPT
htx0073760001,htx00737600,htx007376,15082026_16k_production_4_seeds_4_sizes,htxlarge,2026-09-21T19:46:23+00:00,0.4024,0.3378,0.6364,90,0.0667,0.0778,NOT_KEPT
htx0073760003,htx00737600,htx007376,15082026_16k_production_4_seeds_4_sizes,htxlarge,2026-09-21T19:46:23+00:00,0.4022,0.3428,0.6061,90,0.0778,0.0667,NOT_KEPT
htx0073760006,htx00737600,htx007376,15082026_16k_production_4_seeds_4_sizes,htxlarge,2026-09-21T19:46:23+00:00,0.3965,0.3589,0.6061,90,0.0889,0.0667,NOT_KEPT
htx0073760002,htx00737600,htx007376,15082026_16k_production_4_seeds_4_sizes,htxlarge,2026-09-21T19:46:23+00:00,0.3954,0.3482,0.6364,90,0.0778,0.0667,NOT_KEPT
htx0073760007,htx00737600,htx007376,15082026_16k_production_4_seeds_4_sizes,htxlarge,2026-09-21T19:46:23+00:00,0.3928,0.3362,0.6364,90,0.0778,0.0778,NOT_KEPT
htx0073760010,htx00737600,htx007376,15082026_16k_production_4_seeds_4_sizes,htxlarge,2026-09-21T19:46:23+00:00,0.3864,0.3389,0.6667,90,0.0778,0.0667,NOT_KEPT
htx0073760013,htx00737600,htx007376,15082026_16k_production_4_seeds_4_sizes,htxlarge,2026-09-21T19:46:23+00:00,0.3847,0.3183,0.5758,90,0.0667,0.0667,NOT_KEPT
htx0073760004,htx00737600,htx007376,15082026_16k_production_4_seeds_4_sizes,htxlarge,2026-09-21T19:46:23+00:00,0.3824,0.3127,0.6667,90,0.0667,0.0778,NOT_KEPT
htx0073760005,htx00737600,htx007376,15082026_16k_production_4_seeds_4_sizes,htxlarge,2026-09-21T19:46:23+00:00,0.3813,0.3084,0.6364,90,0.0667,0.0667,NOT_KEPT
htx0073760012,htx00737600,htx007376,15082026_16k_production_4_seeds_4_sizes,htxlarge,2026-09-21T19:46:23+00:00,0.3721,0.3138,0.6667,90,0.0667,0.0778,NOT_KEPT
htx0073760801,htx00737608,htx007376,15082026_16k_production_4_seeds_4_sizes,htxlarge,2026-09-21T19:46:23+00:00,0.5002,0.573,0.8182,90,0.1333,0.0667,KEPT
htx0073760805,htx00737608,htx007376,15082026_16k_production_4_seeds_4_sizes,htxlarge,2026-09-21T19:46:23+00:00,0.5002,0.573,0.8182,90,0.1333,0.0667,KEPT
htx0073760812,htx00737608,htx007376,15082026_16k_production_4_seeds_4_sizes,htxlarge,2026-09-21T19:46:23+00:00,0.5002,0.573,0.8182,90,0.1333,0.0667,KEPT
htx0073760802,htx00737608,htx007376,15082026_16k_production_4_seeds_4_sizes,htxlarge,2026-09-21T19:46:23+00:00,0.4982,0.5719,0.8182,90,0.1333,0.0667,NOT_KEPT
htx0073760803,htx00737608,htx007376,15082026_16k_production_4_seeds_4_sizes,htxlarge,2026-09-21T19:46:23+00:00,0.4982,0.5719,0.8182,90,0.1333,0.0667,NOT_KEPT
htx0073760804,htx00737608,htx007376,15082026_16k_production_4_seeds_4_sizes,htxlarge,2026-09-21T19:46:23+00:00,0.4982,0.5719,0.8182,90,0.1333,0.0667,NOT_KEPT
htx0073760813,htx00737608,htx007376,15082026_16k_production_4_seeds_4_sizes,htxlarge,2026-09-21T19:46:23+00:00,0.4982,0.5719,0.8182,90,0.1333,0.0667,NOT_KEPT
htx0073760814,htx00737608,htx007376,15082026_16k_production_4_seeds_4_sizes,htxlarge,2026-09-21T19:46:23+00:00,0.4982,0.5719,0.8182,90,0.1333,0.0667,NOT_KEPT
htx0073760815,htx00737608,htx007376,15082026_16k_production_4_seeds_4_sizes,htxlarge,2026-09-21T19:46:23+00:00,0.4982,0.5719,0.8182,90,0.1333,0.0667,NOT_KEPT
htx0073760808,htx00737608,htx007376,15082026_16k_production_4_seeds_4_sizes,htxlarge,2026-09-21T19:46:23+00:00,0.4939,0.574,0.8182,90,0.1333,0.0667,NOT_KEPT
htx0073760809,htx00737608,htx007376,15082026_16k_production_4_seeds_4_sizes,htxlarge,2026-09-21T19:46:23+00:00,0.4939,0.574,0.8182,90,0.1333,0.0667,NOT_KEPT
htx0073760816,htx00737608,htx007376,15082026_16k_production_4_seeds_4_sizes,htxlarge,2026-09-21T19:46:23+00:00,0.4931,0.575,0.8182,90,0.1333,0.0667,NOT_KEPT
htx0073760811,htx00737608,htx007376,15082026_16k_production_4_seeds_4_sizes,htxlarge,2026-09-21T19:46:23+00:00,0.492,0.5729,0.8182,90,0.1333,0.0667,NOT_KEPT
htx0073760806,htx00737608,htx007376,15082026_16k_production_4_seeds_4_sizes,htxlarge,2026-09-21T19:46:23+00:00,0.4865,0.5698,0.8182,90,0.1333,0.0667,NOT_KEPT
htx0073760810,htx00737608,htx007376,15082026_16k_production_4_seeds_4_sizes,htxlarge,2026-09-21T19:46:23+00:00,0.4851,0.5741,0.7727,90,0.1333,0.0667,NOT_KEPT
htx0073760807,htx00737608,htx007376,15082026_16k_production_4_seeds_4_sizes,htxlarge,2026-09-21T19:46:23+00:00,0.4846,0.5433,0.8182,90,0.1333,0.0667,NOT_KEPT
htx0076821009,htx00768210,htx007682,15082026_16k_production_4_seeds_4_sizes,htxlarge,2026-09-21T19:46:23+00:00,0.457,0.3811,0.48,91,0.0549,0.1209,KEPT
htx0076821006,htx00768210,htx007682,15082026_16k_production_4_seeds_4_sizes,htxlarge,2026-09-21T19:46:23+00:00,0.4432,0.3642,0.56,91,0.0549,0.1209,KEPT
htx0076821003,htx00768210,htx007682,15082026_16k_production_4_seeds_4_sizes,htxlarge,2026-09-21T19:46:23+00:00,0.4394,0.3604,0.48,91,0.0549,0.1209,KEPT
htx0076821014,htx00768210,htx007682,15082026_16k_production_4_seeds_4_sizes,htxlarge,2026-09-21T19:46:23+00:00,0.4385,0.3599,0.44,91,0.0549,0.1209,NOT_KEPT
htx0076821002,htx00768210,htx007682,15082026_16k_production_4_seeds_4_sizes,htxlarge,2026-09-21T19:46:23+00:00,0.4337,0.3538,0.48,91,0.0549,0.1209,NOT_KEPT
htx0076821008,htx00768210,htx007682,15082026_16k_production_4_seeds_4_sizes,htxlarge,2026-09-21T19:46:23+00:00,0.4335,0.3533,0.52,91,0.0549,0.1099,NOT_KEPT
htx0076821016,htx00768210,htx007682,15082026_16k_production_4_seeds_4_sizes,htxlarge,2026-09-21T19:46:23+00:00,0.4274,0.3465,0.48,91,0.0549,0.1099,NOT_KEPT
htx0076821007,htx00768210,htx007682,15082026_16k_production_4_seeds_4_sizes,htxlarge,2026-09-21T19:46:23+00:00,0.4267,0.3454,0.48,91,0.0549,0.1209,NOT_KEPT
htx0076821011,htx00768210,htx007682,15082026_16k_production_4_seeds_4_sizes,htxlarge,2026-09-21T19:46:23+00:00,0.4258,0.3453,0.48,91,0.0549,0.1209,NOT_KEPT
htx0076821015,htx00768210,htx007682,15082026_16k_production_4_seeds_4_sizes,htxlarge,2026-09-21T19:46:23+00:00,0.4254,0.3443,0.48,91,0.0549,0.1099,NOT_KEPT
htx0076821004,htx00768210,htx007682,15082026_16k_production_4_seeds_4_sizes,htxlarge,2026-09-21T19:46:23+00:00,0.4243,0.3568,0.6,91,0.0549,0.0989,NOT_KEPT
htx0076821001,htx00768210,htx007682,15082026_16k_production_4_seeds_4_sizes,htxlarge,2026-09-21T19:46:23+00:00,0.4203,0.338,0.48,91,0.0549,0.1209,NOT_KEPT
htx0076821013,htx00768210,htx007682,15082026_16k_production_4_seeds_4_sizes,htxlarge,2026-09-21T19:46:23+00:00,0.4197,0.3375,0.56,91,0.0549,0.1099,NOT_KEPT
htx0076821005,htx00768210,htx007682,15082026_16k_production_4_seeds_4_sizes,htxlarge,2026-09-21T19:46:23+00:00,0.4149,0.3339,0.48,91,0.0549,0.0989,NOT_KEPT
htx0076821012,htx00768210,htx007682,15082026_16k_production_4_seeds_4_sizes,htxlarge,2026-09-21T19:46:23+00:00,0.4122,0.3299,0.48,91,0.0549,0.1099,NOT_KEPT
htx0076821010,htx00768210,htx007682,15082026_16k_production_4_seeds_4_sizes,htxlarge,2026-09-21T19:46:23+00:00,0.3963,0.3114,0.48,91,0.0549,0.0989,NOT_KEPT
htx0077010504,htx00770105,htx007701,15082026_16k_production_4_seeds_4_sizes,htxlarge,2026-09-21T19:46:23+00:00,0.489,0.5218,0.5,81,0.0494,0.0617,KEPT
htx0077010512,htx00770105,htx007701,15082026_16k_production_4_seeds_4_sizes,htxlarge,2026-09-21T19:46:23+00:00,0.489,0.5218,0.5,81,0.0494,0.0617,KEPT
htx0077010516,htx00770105,htx007701,15082026_16k_production_4_seeds_4_sizes,htxlarge,2026-09-21T19:46:23+00:00,0.489,0.5218,0.5,81,0.0494,0.0617,KEPT
htx0077010507,htx00770105,htx007701,15082026_16k_production_4_seeds_4_sizes,htxlarge,2026-09-21T19:46:23+00:00,0.4766,0.5219,0.4375,81,0.0494,0.0617,NOT_KEPT
htx0077010509,htx00770105,htx007701,15082026_16k_production_4_seeds_4_sizes,htxlarge,2026-09-21T19:46:23+00:00,0.4766,0.5219,0.4375,81,0.0494,0.0617,NOT_KEPT
htx0077010514,htx00770105,htx007701,15082026_16k_production_4_seeds_4_sizes,htxlarge,2026-09-21T19:46:23+00:00,0.4766,0.5219,0.4375,81,0.0494,0.0617,NOT_KEPT
htx0077010506,htx00770105,htx007701,15082026_16k_production_4_seeds_4_sizes,htxlarge,2026-09-21T19:46:23+00:00,0.4639,0.522,0.4375,81,0.0494,0.0617,NOT_KEPT
htx0077010501,htx00770105,htx007701,15082026_16k_production_4_seeds_4_sizes,htxlarge,2026-09-21T19:46:23+00:00,0.4577,0.5297,0.4375,81,0.0494,0.0617,NOT_KEPT
htx0077010503,htx00770105,htx007701,15082026_16k_production_4_seeds_4_sizes,htxlarge,2026-09-21T19:46:23+00:00,0.4567,0.5028,0.4375,81,0.0494,0.0617,NOT_KEPT
htx0077010505,htx00770105,htx007701,15082026_16k_production_4_seeds_4_sizes,htxlarge,2026-09-21T19:46:23+00:00,0.4567,0.5028,0.4375,81,0.0494,0.0617,NOT_KEPT
htx0077010508,htx00770105,htx007701,15082026_16k_production_4_seeds_4_sizes,htxlarge,2026-09-21T19:46:23+00:00,0.4567,0.5028,0.4375,81,0.0494,0.0617,NOT_KEPT
htx0077010513,htx00770105,htx007701,15082026_16k_production_4_seeds_4_sizes,htxlarge,2026-09-21T19:46:23+00:00,0.4566,0.5212,0.4375,81,0.0494,0.0617,NOT_KEPT
htx0077010510,htx00770105,htx007701,15082026_16k_production_4_seeds_4_sizes,htxlarge,2026-09-21T19:46:23+00:00,0.443,0.4668,0.4375,81,0.0494,0.0494,NOT_KEPT
htx0077010511,htx00770105,htx007701,15082026_16k_production_4_seeds_4_sizes,htxlarge,2026-09-21T19:46:23+00:00,0.443,0.4668,0.4375,81,0.0494,0.0494,NOT_KEPT
htx0077010515,htx00770105,htx007701,15082026_16k_production_4_seeds_4_sizes,htxlarge,2026-09-21T19:46:23+00:00,0.4312,0.4452,0.5,81,0.0494,0.0494,NOT_KEPT
htx0077010502,htx00770105,htx007701,15082026_16k_production_4_seeds_4_sizes,htxlarge,2026-09-21T19:46:23+00:00,0.4257,0.4518,0.4375,81,0.0494,0.0494,NOT_KEPT
htx0077850309,htx00778503,htx007785,15082026_16k_production_4_seeds_4_sizes,htxlarge,2026-09-21T19:46:23+00:00,0.2945,0.3085,0.3846,81,0.0617,0.0988,KEPT
htx0077850314,htx00778503,htx007785,15082026_16k_production_4_seeds_4_sizes,htxlarge,2026-09-21T19:46:23+00:00,0.2945,0.3085,0.3846,81,0.0617,0.0988,KEPT
htx0077850302,htx00778503,htx007785,15082026_16k_production_4_seeds_4_sizes,htxlarge,2026-09-21T19:46:23+00:00,0.2931,0.3063,0.4615,81,0.0617,0.0988,KEPT
htx0077850308,htx00778503,htx007785,15082026_16k_production_4_seeds_4_sizes,htxlarge,2026-09-21T19:46:23+00:00,0.2916,0.2878,0.5385,81,0.0617,0.0988,NOT_KEPT
htx0077850316,htx00778503,htx007785,15082026_16k_production_4_seeds_4_sizes,htxlarge,2026-09-21T19:46:23+00:00,0.2892,0.2909,0.4615,81,0.0617,0.0988,NOT_KEPT
htx0077850301,htx00778503,htx007785,15082026_16k_production_4_seeds_4_sizes,htxlarge,2026-09-21T19:46:23+00:00,0.2818,0.2737,0.4615,81,0.0617,0.0988,NOT_KEPT
htx0077850303,htx00778503,htx007785,15082026_16k_production_4_seeds_4_sizes,htxlarge,2026-09-21T19:46:23+00:00,0.2818,0.2828,0.3846,81,0.0617,0.0988,NOT_KEPT
htx0077850306,htx00778503,htx007785,15082026_16k_production_4_seeds_4_sizes,htxlarge,2026-09-21T19:46:23+00:00,0.2814,0.2957,0.4615,81,0.0617,0.0988,NOT_KEPT
htx0077850310,htx00778503,htx007785,15082026_16k_production_4_seeds_4_sizes,htxlarge,2026-09-21T19:46:23+00:00,0.2814,0.2957,0.4615,81,0.0617,0.0988,NOT_KEPT
htx0077850312,htx00778503,htx007785,15082026_16k_production_4_seeds_4_sizes,htxlarge,2026-09-21T19:46:23+00:00,0.2814,0.2957,0.4615,81,0.0617,0.0988,NOT_KEPT
htx0077850304,htx00778503,htx007785,15082026_16k_production_4_seeds_4_sizes,htxlarge,2026-09-21T19:46:23+00:00,0.2763,0.2841,0.3846,81,0.0617,0.0988,NOT_KEPT
htx0077850315,htx00778503,htx007785,15082026_16k_production_4_seeds_4_sizes,htxlarge,2026-09-21T19:46:23+00:00,0.2745,0.2878,0.4615,81,0.0617,0.0988,NOT_KEPT
htx0077850311,htx00778503,htx007785,15082026_16k_production_4_seeds_4_sizes,htxlarge,2026-09-21T19:46:23+00:00,0.2685,0.2963,0.3846,81,0.0617,0.0988,NOT_KEPT
htx0077850305,htx00778503,htx007785,15082026_16k_production_4_seeds_4_sizes,htxlarge,2026-09-21T19:46:23+00:00,0.2673,0.2799,0.4615,81,0.0617,0.0988,NOT_KEPT
htx0077850307,htx00778503,htx007785,15082026_16k_production_4_seeds_4_sizes,htxlarge,2026-09-21T19:46:23+00:00,0.2629,0.2637,0.3846,81,0.0617,0.0988,NOT_KEPT
htx0077850313,htx00778503,htx007785,15082026_16k_production_4_seeds_4_sizes,htxlarge,2026-09-21T19:46:23+00:00,0.2615,0.2692,0.5385,81,0.0617,0.0988,NOT_KEPT
htx0079080004,htx00790800,htx007908,15082026_16k_production_4_seeds_4_sizes,htxlarge,2026-09-21T19:46:23+00:00,0.4866,0.4206,0.5517,89,0.0449,0.0899,KEPT
htx0079080015,htx00790800,htx007908,15082026_16k_production_4_seeds_4_sizes,htxlarge,2026-09-21T19:46:23+00:00,0.482,0.4142,0.5517,89,0.0449,0.0787,KEPT
htx0079080003,htx00790800,htx007908,15082026_16k_production_4_seeds_4_sizes,htxlarge,2026-09-21T19:46:23+00:00,0.469,0.4022,0.5862,89,0.0449,0.0787,KEPT
htx0079080014,htx00790800,htx007908,15082026_16k_production_4_seeds_4_sizes,htxlarge,2026-09-21T19:46:23+00:00,0.469,0.4022,0.5862,89,0.0449,0.0787,NOT_KEPT
htx0079080016,htx00790800,htx007908,15082026_16k_production_4_seeds_4_sizes,htxlarge,2026-09-21T19:46:23+00:00,0.469,0.4022,0.5862,89,0.0449,0.0787,NOT_KEPT
htx0079080002,htx00790800,htx007908,15082026_16k_production_4_seeds_4_sizes,htxlarge,2026-09-21T19:46:23+00:00,0.4675,0.3962,0.6207,89,0.0449,0.0787,NOT_KEPT
htx0079080009,htx00790800,htx007908,15082026_16k_production_4_seeds_4_sizes,htxlarge,2026-09-21T19:46:23+00:00,0.4675,0.3962,0.6207,89,0.0449,0.0787,NOT_KEPT
htx0079080007,htx00790800,htx007908,15082026_16k_production_4_seeds_4_sizes,htxlarge,2026-09-21T19:46:23+00:00,0.4669,0.3943,0.6552,89,0.0449,0.0787,NOT_KEPT
htx0079080010,htx00790800,htx007908,15082026_16k_production_4_seeds_4_sizes,htxlarge,2026-09-21T19:46:23+00:00,0.4669,0.3943,0.6552,89,0.0449,0.0787,NOT_KEPT
htx0079080006,htx00790800,htx007908,15082026_16k_production_4_seeds_4_sizes,htxlarge,2026-09-21T19:46:23+00:00,0.4591,0.3859,0.6207,89,0.0449,0.0787,NOT_KEPT
htx0079080012,htx00790800,htx007908,15082026_16k_production_4_seeds_4_sizes,htxlarge,2026-09-21T19:46:23+00:00,0.458,0.383,0.6207,89,0.0562,0.0787,NOT_KEPT
htx0079080001,htx00790800,htx007908,15082026_16k_production_4_seeds_4_sizes,htxlarge,2026-09-21T19:46:23+00:00,0.4553,0.3797,0.6552,89,0.0449,0.0787,NOT_KEPT
htx0079080011,htx00790800,htx007908,15082026_16k_production_4_seeds_4_sizes,htxlarge,2026-09-21T19:46:23+00:00,0.4501,0.395,0.5862,89,0.0449,0.0787,NOT_KEPT
htx0079080005,htx00790800,htx007908,15082026_16k_production_4_seeds_4_sizes,htxlarge,2026-09-21T19:46:23+00:00,0.4491,0.403,0.5172,89,0.0337,0.0787,NOT_KEPT
htx0079080013,htx00790800,htx007908,15082026_16k_production_4_seeds_4_sizes,htxlarge,2026-09-21T19:46:23+00:00,0.448,0.3913,0.6207,89,0.0449,0.0787,NOT_KEPT
htx0079080008,htx00790800,htx007908,15082026_16k_production_4_seeds_4_sizes,htxlarge,2026-09-21T19:46:23+00:00,0.4267,0.3739,0.6207,89,0.0337,0.0787,NOT_KEPT
htx0079080708,htx00790807,htx007908,15082026_16k_production_4_seeds_4_sizes,htxlarge,2026-09-21T19:46:23+00:00,0.5271,0.4734,0.5862,89,0.0337,0.0787,KEPT
htx0079080710,htx00790807,htx007908,15082026_16k_production_4_seeds_4_sizes,htxlarge,2026-09-21T19:46:23+00:00,0.5198,0.4726,0.6207,89,0.0337,0.0899,KEPT
htx0079080711,htx00790807,htx007908,15082026_16k_production_4_seeds_4_sizes,htxlarge,2026-09-21T19:46:23+00:00,0.5195,0.464,0.6207,89,0.0337,0.0787,KEPT
htx0079080704,htx00790807,htx007908,15082026_16k_production_4_seeds_4_sizes,htxlarge,2026-09-21T19:46:23+00:00,0.5173,0.4605,0.6207,89,0.0337,0.0787,NOT_KEPT
htx0079080713,htx00790807,htx007908,15082026_16k_production_4_seeds_4_sizes,htxlarge,2026-09-21T19:46:23+00:00,0.5134,0.4569,0.5862,89,0.0337,0.0787,NOT_KEPT
htx0079080706,htx00790807,htx007908,15082026_16k_production_4_seeds_4_sizes,htxlarge,2026-09-21T19:46:23+00:00,0.513,0.4568,0.6897,89,0.0337,0.0787,NOT_KEPT
htx0079080712,htx00790807,htx007908,15082026_16k_production_4_seeds_4_sizes,htxlarge,2026-09-21T19:46:23+00:00,0.5095,0.4561,0.6552,89,0.0337,0.0899,NOT_KEPT
htx0079080709,htx00790807,htx007908,15082026_16k_production_4_seeds_4_sizes,htxlarge,2026-09-21T19:46:23+00:00,0.5092,0.4593,0.6207,89,0.0337,0.0787,NOT_KEPT
htx0079080701,htx00790807,htx007908,15082026_16k_production_4_seeds_4_sizes,htxlarge,2026-09-21T19:46:23+00:00,0.5076,0.4509,0.5172,89,0.0337,0.0787,NOT_KEPT
htx0079080716,htx00790807,htx007908,15082026_16k_production_4_seeds_4_sizes,htxlarge,2026-09-21T19:46:23+00:00,0.5039,0.4637,0.5862,89,0.0337,0.0787,NOT_KEPT
htx0079080715,htx00790807,htx007908,15082026_16k_production_4_seeds_4_sizes,htxlarge,2026-09-21T19:46:23+00:00,0.5025,0.444,0.6552,89,0.0337,0.0787,NOT_KEPT
htx0079080702,htx00790807,htx007908,15082026_16k_production_4_seeds_4_sizes,htxlarge,2026-09-21T19:46:23+00:00,0.5024,0.4496,0.6552,89,0.0337,0.0787,NOT_KEPT
htx0079080703,htx00790807,htx007908,15082026_16k_production_4_seeds_4_sizes,htxlarge,2026-09-21T19:46:23+00:00,0.5023,0.447,0.6552,89,0.0337,0.0787,NOT_KEPT
htx0079080714,htx00790807,htx007908,15082026_16k_production_4_seeds_4_sizes,htxlarge,2026-09-21T19:46:23+00:00,0.5012,0.4391,0.7241,89,0.0337,0.0787,NOT_KEPT
htx0079080705,htx00790807,htx007908,15082026_16k_production_4_seeds_4_sizes,htxlarge,2026-09-21T19:46:23+00:00,0.4958,0.4537,0.6207,89,0.0337,0.0787,NOT_KEPT
htx0079080707,htx00790807,htx007908,15082026_16k_production_4_seeds_4_sizes,htxlarge,2026-09-21T19:46:23+00:00,0.4679,0.426,0.6207,89,0.0337,0.0787,NOT_KEPT
htx0079080901,htx00790809,htx007908,15082026_16k_production_4_seeds_4_sizes,htxlarge,2026-09-21T19:46:23+00:00,0.483,0.4373,0.6667,89,0.0449,0.0562,KEPT
htx0079080902,htx00790809,htx007908,15082026_16k_production_4_seeds_4_sizes,htxlarge,2026-09-21T19:46:23+00:00,0.483,0.4373,0.6667,89,0.0449,0.0562,KEPT
htx0079080903,htx00790809,htx007908,15082026_16k_production_4_seeds_4_sizes,htxlarge,2026-09-21T19:46:23+00:00,0.483,0.4373,0.6667,89,0.0449,0.0562,KEPT
htx0079080905,htx00790809,htx007908,15082026_16k_production_4_seeds_4_sizes,htxlarge,2026-09-21T19:46:23+00:00,0.483,0.4373,0.6667,89,0.0449,0.0562,NOT_KEPT
htx0079080909,htx00790809,htx007908,15082026_16k_production_4_seeds_4_sizes,htxlarge,2026-09-21T19:46:23+00:00,0.483,0.4373,0.6667,89,0.0449,0.0562,NOT_KEPT
htx0079080910,htx00790809,htx007908,15082026_16k_production_4_seeds_4_sizes,htxlarge,2026-09-21T19:46:23+00:00,0.483,0.4373,0.6667,89,0.0449,0.0562,NOT_KEPT
htx0079080911,htx00790809,htx007908,15082026_16k_production_4_seeds_4_sizes,htxlarge,2026-09-21T19:46:23+00:00,0.483,0.4373,0.6667,89,0.0449,0.0562,NOT_KEPT
htx0079080912,htx00790809,htx007908,15082026_16k_production_4_seeds_4_sizes,htxlarge,2026-09-21T19:46:23+00:00,0.4739,0.4259,0.6296,89,0.0449,0.0562,NOT_KEPT
htx0079080914,htx00790809,htx007908,15082026_16k_production_4_seeds_4_sizes,htxlarge,2026-09-21T19:46:23+00:00,0.4728,0.4247,0.6667,89,0.0449,0.0562,NOT_KEPT
htx0079080915,htx00790809,htx007908,15082026_16k_production_4_seeds_4_sizes,htxlarge,2026-09-21T19:46:23+00:00,0.4728,0.4247,0.6667,89,0.0449,0.0562,NOT_KEPT
htx0079080906,htx00790809,htx007908,15082026_16k_production_4_seeds_4_sizes,htxlarge,2026-09-21T19:46:23+00:00,0.4705,0.4216,0.6296,89,0.0449,0.0562,NOT_KEPT
htx0079080904,htx00790809,htx007908,15082026_16k_production_4_seeds_4_sizes,htxlarge,2026-09-21T19:46:23+00:00,0.4611,0.4105,0.6667,89,0.0449,0.0562,NOT_KEPT
htx0079080916,htx00790809,htx007908,15082026_16k_production_4_seeds_4_sizes,htxlarge,2026-09-21T19:46:23+00:00,0.4566,0.4046,0.6667,89,0.0449,0.0562,NOT_KEPT
htx0079080913,htx00790809,htx007908,15082026_16k_production_4_seeds_4_sizes,htxlarge,2026-09-21T19:46:23+00:00,0.4553,0.403,0.7037,89,0.0337,0.0562,NOT_KEPT
htx0079080907,htx00790809,htx007908,15082026_16k_production_4_seeds_4_sizes,htxlarge,2026-09-21T19:46:23+00:00,0.4444,0.392,0.6296,89,0.0449,0.0562,NOT_KEPT
htx0079080908,htx00790809,htx007908,15082026_16k_production_4_seeds_4_sizes,htxlarge,2026-09-21T19:46:23+00:00,0.4148,0.3854,0.4815,89,0.0449,0.0562,NOT_KEPT
shl0101820501,shl01018205,shl010182,15082026_16k_production_4_seeds_4_sizes,shlarge,2026-09-21T19:46:23+00:00,0.4212,0.346,0.5833,95,0.0421,0.1158,KEPT
shl0101820502,shl01018205,shl010182,15082026_16k_production_4_seeds_4_sizes,shlarge,2026-09-21T19:46:23+00:00,0.4212,0.346,0.5833,95,0.0421,0.1158,KEPT
shl0101820504,shl01018205,shl010182,15082026_16k_production_4_seeds_4_sizes,shlarge,2026-09-21T19:46:23+00:00,0.4212,0.346,0.5833,95,0.0421,0.1158,KEPT
shl0101820505,shl01018205,shl010182,15082026_16k_production_4_seeds_4_sizes,shlarge,2026-09-21T19:46:23+00:00,0.4212,0.346,0.5833,95,0.0421,0.1158,NOT_KEPT
shl0101820506,shl01018205,shl010182,15082026_16k_production_4_seeds_4_sizes,shlarge,2026-09-21T19:46:23+00:00,0.4212,0.346,0.5833,95,0.0421,0.1158,NOT_KEPT
shl0101820507,shl01018205,shl010182,15082026_16k_production_4_seeds_4_sizes,shlarge,2026-09-21T19:46:23+00:00,0.4212,0.346,0.5833,95,0.0421,0.1158,NOT_KEPT
shl0101820508,shl01018205,shl010182,15082026_16k_production_4_seeds_4_sizes,shlarge,2026-09-21T19:46:23+00:00,0.4212,0.346,0.5833,95,0.0421,0.1158,NOT_KEPT
shl0101820513,shl01018205,shl010182,15082026_16k_production_4_seeds_4_sizes,shlarge,2026-09-21T19:46:23+00:00,0.4212,0.346,0.5833,95,0.0421,0.1158,NOT_KEPT
shl0101820514,shl01018205,shl010182,15082026_16k_production_4_seeds_4_sizes,shlarge,2026-09-21T19:46:23+00:00,0.4212,0.346,0.5833,95,0.0421,0.1158,NOT_KEPT
shl0101820515,shl01018205,shl010182,15082026_16k_production_4_seeds_4_sizes,shlarge,2026-09-21T19:46:23+00:00,0.4212,0.346,0.5833,95,0.0421,0.1158,NOT_KEPT
shl0101820509,shl01018205,shl010182,15082026_16k_production_4_seeds_4_sizes,shlarge,2026-09-21T19:46:23+00:00,0.4015,0.3248,0.5,95,0.0421,0.1158,NOT_KEPT
shl0101820503,shl01018205,shl010182,15082026_16k_production_4_seeds_4_sizes,shlarge,2026-09-21T19:46:23+00:00,0.391,0.3154,0.5833,95,0.0421,0.1158,NOT_KEPT
shl0101820510,shl01018205,shl010182,15082026_16k_production_4_seeds_4_sizes,shlarge,2026-09-21T19:46:23+00:00,0.391,0.3154,0.5833,95,0.0421,0.1158,NOT_KEPT
shl0101820516,shl01018205,shl010182,15082026_16k_production_4_seeds_4_sizes,shlarge,2026-09-21T19:46:23+00:00,0.391,0.3154,0.5833,95,0.0421,0.1158,NOT_KEPT
shl0101820511,shl01018205,shl010182,15082026_16k_production_4_seeds_4_sizes,shlarge,2026-09-21T19:46:23+00:00,0.3641,0.2848,0.6667,95,0.0421,0.1053,NOT_KEPT
shl0101820512,shl01018205,shl010182,15082026_16k_production_4_seeds_4_sizes,shlarge,2026-09-21T19:46:23+00:00,0.3616,0.2824,0.5,95,0.0421,0.1053,NOT_KEPT
shl0101820601,shl01018206,shl010182,15082026_16k_production_4_seeds_4_sizes,shlarge,2026-09-21T19:46:23+00:00,0.3562,0.2756,0.7143,95,0.0316,0.1158,KEPT
shl0101820606,shl01018206,shl010182,15082026_16k_production_4_seeds_4_sizes,shlarge,2026-09-21T19:46:23+00:00,0.3562,0.2756,0.7143,95,0.0316,0.1158,KEPT
shl0101820609,shl01018206,shl010182,15082026_16k_production_4_seeds_4_sizes,shlarge,2026-09-21T19:46:23+00:00,0.3562,0.2756,0.7143,95,0.0316,0.1158,KEPT
shl0101820612,shl01018206,shl010182,15082026_16k_production_4_seeds_4_sizes,shlarge,2026-09-21T19:46:23+00:00,0.3562,0.2756,0.7143,95,0.0316,0.1158,NOT_KEPT
shl0101820614,shl01018206,shl010182,15082026_16k_production_4_seeds_4_sizes,shlarge,2026-09-21T19:46:23+00:00,0.3562,0.2756,0.7143,95,0.0316,0.1158,NOT_KEPT
shl0101820615,shl01018206,shl010182,15082026_16k_production_4_seeds_4_sizes,shlarge,2026-09-21T19:46:23+00:00,0.3562,0.2756,0.7143,95,0.0316,0.1158,NOT_KEPT
shl0101820616,shl01018206,shl010182,15082026_16k_production_4_seeds_4_sizes,shlarge,2026-09-21T19:46:23+00:00,0.3384,0.2545,0.6429,95,0.0316,0.1158,NOT_KEPT
shl0101820603,shl01018206,shl010182,15082026_16k_production_4_seeds_4_sizes,shlarge,2026-09-21T19:46:23+00:00,0.3373,0.2532,0.7143,95,0.0316,0.1158,NOT_KEPT
shl0101820608,shl01018206,shl010182,15082026_16k_production_4_seeds_4_sizes,shlarge,2026-09-21T19:46:23+00:00,0.3342,0.2498,0.6429,95,0.0316,0.1158,NOT_KEPT
shl0101820605,shl01018206,shl010182,15082026_16k_production_4_seeds_4_sizes,shlarge,2026-09-21T19:46:23+00:00,0.3305,0.2468,0.6429,95,0.0316,0.1053,NOT_KEPT
shl0101820611,shl01018206,shl010182,15082026_16k_production_4_seeds_4_sizes,shlarge,2026-09-21T19:46:23+00:00,0.3305,0.2468,0.6429,95,0.0316,0.1053,NOT_KEPT
shl0101820604,shl01018206,shl010182,15082026_16k_production_4_seeds_4_sizes,shlarge,2026-09-21T19:46:23+00:00,0.3163,0.2488,0.5714,95,0.0316,0.1053,NOT_KEPT
shl0101820610,shl01018206,shl010182,15082026_16k_production_4_seeds_4_sizes,shlarge,2026-09-21T19:46:23+00:00,0.3144,0.2284,0.6429,95,0.0316,0.1053,NOT_KEPT
shl0101820607,shl01018206,shl010182,15082026_16k_production_4_seeds_4_sizes,shlarge,2026-09-21T19:46:23+00:00,0.3025,0.215,0.5714,95,0.0316,0.1053,NOT_KEPT
shl0101820602,shl01018206,shl010182,15082026_16k_production_4_seeds_4_sizes,shlarge,2026-09-21T19:46:23+00:00,0.3007,0.23,0.5,95,0.0316,0.1053,NOT_KEPT
shl0101820613,shl01018206,shl010182,15082026_16k_production_4_seeds_4_sizes,shlarge,2026-09-21T19:46:23+00:00,0.288,0.1993,0.6429,95,0.0316,0.0947,NOT_KEPT
shl0102280512,shl01022805,shl010228,15082026_16k_production_4_seeds_4_sizes,shlarge,2026-09-21T19:46:23+00:00,0.259,0.3033,0.5143,115,0.0870,0.1130,KEPT
shl0102280501,shl01022805,shl010228,15082026_16k_production_4_seeds_4_sizes,shlarge,2026-09-21T19:46:23+00:00,0.2579,0.3053,0.5714,115,0.0783,0.1217,KEPT
shl0102280504,shl01022805,shl010228,15082026_16k_production_4_seeds_4_sizes,shlarge,2026-09-21T19:46:23+00:00,0.2561,0.3113,0.5429,115,0.0870,0.1043,KEPT
shl0102280507,shl01022805,shl010228,15082026_16k_production_4_seeds_4_sizes,shlarge,2026-09-21T19:46:23+00:00,0.2559,0.3045,0.5429,115,0.0870,0.1304,NOT_KEPT
shl0102280516,shl01022805,shl010228,15082026_16k_production_4_seeds_4_sizes,shlarge,2026-09-21T19:46:23+00:00,0.2532,0.3074,0.5429,115,0.0957,0.1043,NOT_KEPT
shl0102280502,shl01022805,shl010228,15082026_16k_production_4_seeds_4_sizes,shlarge,2026-09-21T19:46:23+00:00,0.2489,0.3091,0.5143,115,0.0870,0.0957,NOT_KEPT
shl0102280506,shl01022805,shl010228,15082026_16k_production_4_seeds_4_sizes,shlarge,2026-09-21T19:46:23+00:00,0.2489,0.2902,0.5143,115,0.0696,0.1304,NOT_KEPT
shl0102280515,shl01022805,shl010228,15082026_16k_production_4_seeds_4_sizes,shlarge,2026-09-21T19:46:23+00:00,0.2406,0.2865,0.5714,115,0.0783,0.1043,NOT_KEPT
shl0102280503,shl01022805,shl010228,15082026_16k_production_4_seeds_4_sizes,shlarge,2026-09-21T19:46:23+00:00,0.2393,0.2932,0.4571,115,0.0957,0.0957,NOT_KEPT
shl0102280509,shl01022805,shl010228,15082026_16k_production_4_seeds_4_sizes,shlarge,2026-09-21T19:46:23+00:00,0.2391,0.2716,0.4571,115,0.0957,0.1043,NOT_KEPT
shl0102280514,shl01022805,shl010228,15082026_16k_production_4_seeds_4_sizes,shlarge,2026-09-21T19:46:23+00:00,0.2376,0.2762,0.4571,115,0.0783,0.1043,NOT_KEPT
shl0102280510,shl01022805,shl010228,15082026_16k_production_4_seeds_4_sizes,shlarge,2026-09-21T19:46:23+00:00,0.2366,0.274,0.5714,115,0.0696,0.1043,NOT_KEPT
shl0102280505,shl01022805,shl010228,15082026_16k_production_4_seeds_4_sizes,shlarge,2026-09-21T19:46:23+00:00,0.2341,0.2469,0.5143,115,0.0696,0.1043,NOT_KEPT
shl0102280511,shl01022805,shl010228,15082026_16k_production_4_seeds_4_sizes,shlarge,2026-09-21T19:46:23+00:00,0.233,0.2611,0.4286,115,0.0696,0.1130,NOT_KEPT
shl0102280508,shl01022805,shl010228,15082026_16k_production_4_seeds_4_sizes,shlarge,2026-09-21T19:46:23+00:00,0.2321,0.2684,0.4571,115,0.0696,0.1043,NOT_KEPT
shl0102280513,shl01022805,shl010228,15082026_16k_production_4_seeds_4_sizes,shlarge,2026-09-21T19:46:23+00:00,0.2308,0.2625,0.3714,115,0.0783,0.1043,NOT_KEPT
shl0102930301,shl01029303,shl010293,15082026_16k_production_4_seeds_4_sizes,shlarge,2026-09-21T19:46:23+00:00,0.5709,0.5243,1,104,0.1442,0.0865,KEPT
shl0102930302,shl01029303,shl010293,15082026_16k_production_4_seeds_4_sizes,shlarge,2026-09-21T19:46:23+00:00,0.5709,0.5243,1,104,0.1442,0.0865,KEPT
shl0102930303,shl01029303,shl010293,15082026_16k_production_4_seeds_4_sizes,shlarge,2026-09-21T19:46:23+00:00,0.5709,0.5243,1,104,0.1442,0.0865,KEPT
shl0102930304,shl01029303,shl010293,15082026_16k_production_4_seeds_4_sizes,shlarge,2026-09-21T19:46:23+00:00,0.5709,0.5243,1,104,0.1442,0.0865,NOT_KEPT
shl0102930305,shl01029303,shl010293,15082026_16k_production_4_seeds_4_sizes,shlarge,2026-09-21T19:46:23+00:00,0.5709,0.5243,1,104,0.1442,0.0865,NOT_KEPT
shl0102930306,shl01029303,shl010293,15082026_16k_production_4_seeds_4_sizes,shlarge,2026-09-21T19:46:23+00:00,0.5709,0.5243,1,104,0.1442,0.0865,NOT_KEPT
shl0102930307,shl01029303,shl010293,15082026_16k_production_4_seeds_4_sizes,shlarge,2026-09-21T19:46:23+00:00,0.5709,0.5243,1,104,0.1442,0.0865,NOT_KEPT
shl0102930308,shl01029303,shl010293,15082026_16k_production_4_seeds_4_sizes,shlarge,2026-09-21T19:46:23+00:00,0.5709,0.5243,1,104,0.1442,0.0865,NOT_KEPT
shl0102930309,shl01029303,shl010293,15082026_16k_production_4_seeds_4_sizes,shlarge,2026-09-21T19:46:23+00:00,0.5709,0.5243,1,104,0.1442,0.0865,NOT_KEPT
shl0102930310,shl01029303,shl010293,15082026_16k_production_4_seeds_4_sizes,shlarge,2026-09-21T19:46:23+00:00,0.5709,0.5243,1,104,0.1442,0.0865,NOT_KEPT
shl0102930311,shl01029303,shl010293,15082026_16k_production_4_seeds_4_sizes,shlarge,2026-09-21T19:46:23+00:00,0.5709,0.5243,1,104,0.1442,0.0865,NOT_KEPT
shl0102930313,shl01029303,shl010293,15082026_16k_production_4_seeds_4_sizes,shlarge,2026-09-21T19:46:23+00:00,0.5709,0.5243,1,104,0.1442,0.0865,NOT_KEPT
shl0102930314,shl01029303,shl010293,15082026_16k_production_4_seeds_4_sizes,shlarge,2026-09-21T19:46:23+00:00,0.5709,0.5243,1,104,0.1442,0.0865,NOT_KEPT
shl0102930315,shl01029303,shl010293,15082026_16k_production_4_seeds_4_sizes,shlarge,2026-09-21T19:46:23+00:00,0.5709,0.5243,1,104,0.1442,0.0865,NOT_KEPT
shl0102930316,shl01029303,shl010293,15082026_16k_production_4_seeds_4_sizes,shlarge,2026-09-21T19:46:23+00:00,0.5709,0.5243,1,104,0.1442,0.0865,NOT_KEPT
shl0102930312,shl01029303,shl010293,15082026_16k_production_4_seeds_4_sizes,shlarge,2026-09-21T19:46:23+00:00,0.4773,0.389,0.8,104,0.1442,0.0865,NOT_KEPT
shl0102931404,shl01029314,shl010293,15082026_16k_production_4_seeds_4_sizes,shlarge,2026-09-21T19:46:23+00:00,0.3997,0.3723,0.8333,104,0.1538,0.0865,KEPT
shl0102931414,shl01029314,shl010293,15082026_16k_production_4_seeds_4_sizes,shlarge,2026-09-21T19:46:23+00:00,0.3997,0.3723,0.8333,104,0.1538,0.0865,KEPT
shl0102931405,shl01029314,shl010293,15082026_16k_production_4_seeds_4_sizes,shlarge,2026-09-21T19:46:23+00:00,0.3989,0.3356,0.5,104,0.1538,0.0865,KEPT
shl0102931415,shl01029314,shl010293,15082026_16k_production_4_seeds_4_sizes,shlarge,2026-09-21T19:46:23+00:00,0.3961,0.3318,0.5,104,0.1538,0.0865,NOT_KEPT
shl0102931406,shl01029314,shl010293,15082026_16k_production_4_seeds_4_sizes,shlarge,2026-09-21T19:46:23+00:00,0.3931,0.3236,0.6667,104,0.1538,0.0865,NOT_KEPT
shl0102931412,shl01029314,shl010293,15082026_16k_production_4_seeds_4_sizes,shlarge,2026-09-21T19:46:23+00:00,0.3931,0.3236,0.6667,104,0.1538,0.0865,NOT_KEPT
shl0102931416,shl01029314,shl010293,15082026_16k_production_4_seeds_4_sizes,shlarge,2026-09-21T19:46:23+00:00,0.3906,0.3353,0.5,104,0.1538,0.0865,NOT_KEPT
shl0102931407,shl01029314,shl010293,15082026_16k_production_4_seeds_4_sizes,shlarge,2026-09-21T19:46:23+00:00,0.3898,0.3467,0.6667,104,0.1538,0.0865,NOT_KEPT
shl0102931410,shl01029314,shl010293,15082026_16k_production_4_seeds_4_sizes,shlarge,2026-09-21T19:46:23+00:00,0.3891,0.3819,0.5,104,0.1538,0.0865,NOT_KEPT
shl0102931409,shl01029314,shl010293,15082026_16k_production_4_seeds_4_sizes,shlarge,2026-09-21T19:46:23+00:00,0.3879,0.331,0.6667,104,0.1538,0.0865,NOT_KEPT
shl0102931401,shl01029314,shl010293,15082026_16k_production_4_seeds_4_sizes,shlarge,2026-09-21T19:46:23+00:00,0.3846,0.3231,0.5,104,0.1538,0.0865,NOT_KEPT
shl0102931402,shl01029314,shl010293,15082026_16k_production_4_seeds_4_sizes,shlarge,2026-09-21T19:46:23+00:00,0.3846,0.3231,0.5,104,0.1538,0.0865,NOT_KEPT
shl0102931403,shl01029314,shl010293,15082026_16k_production_4_seeds_4_sizes,shlarge,2026-09-21T19:46:23+00:00,0.3846,0.3231,0.5,104,0.1538,0.0865,NOT_KEPT
shl0102931411,shl01029314,shl010293,15082026_16k_production_4_seeds_4_sizes,shlarge,2026-09-21T19:46:23+00:00,0.3846,0.3231,0.5,104,0.1538,0.0865,NOT_KEPT
shl0102931408,shl01029314,shl010293,15082026_16k_production_4_seeds_4_sizes,shlarge,2026-09-21T19:46:23+00:00,0.3765,0.3315,0.6667,104,0.1538,0.0865,NOT_KEPT
shl0102931413,shl01029314,shl010293,15082026_16k_production_4_seeds_4_sizes,shlarge,2026-09-21T19:46:23+00:00,0.3765,0.3315,0.6667,104,0.1538,0.0865,NOT_KEPT
shl0107030603,shl01070306,shl010703,15082026_16k_production_4_seeds_4_sizes,shlarge,2026-09-21T19:46:23+00:00,0.3082,0.3486,0.3,110,0.0545,0.1000,KEPT
shl0107030613,shl01070306,shl010703,15082026_16k_production_4_seeds_4_sizes,shlarge,2026-09-21T19:46:23+00:00,0.3082,0.3486,0.3,110,0.0545,0.1000,KEPT
shl0107030604,shl01070306,shl010703,15082026_16k_production_4_seeds_4_sizes,shlarge,2026-09-21T19:46:23+00:00,0.2884,0.3246,0.3,110,0.0545,0.0818,KEPT
shl0107030610,shl01070306,shl010703,15082026_16k_production_4_seeds_4_sizes,shlarge,2026-09-21T19:46:23+00:00,0.2884,0.3246,0.3,110,0.0545,0.0818,NOT_KEPT
shl0107030608,shl01070306,shl010703,15082026_16k_production_4_seeds_4_sizes,shlarge,2026-09-21T19:46:23+00:00,0.2844,0.3268,0.35,110,0.0545,0.0818,NOT_KEPT
shl0107030615,shl01070306,shl010703,15082026_16k_production_4_seeds_4_sizes,shlarge,2026-09-21T19:46:23+00:00,0.2835,0.3213,0.25,110,0.0636,0.0727,NOT_KEPT
shl0107030616,shl01070306,shl010703,15082026_16k_production_4_seeds_4_sizes,shlarge,2026-09-21T19:46:23+00:00,0.2827,0.3315,0.35,110,0.0545,0.0909,NOT_KEPT
shl0107030614,shl01070306,shl010703,15082026_16k_production_4_seeds_4_sizes,shlarge,2026-09-21T19:46:23+00:00,0.281,0.3141,0.3,110,0.0545,0.0818,NOT_KEPT
shl0107030605,shl01070306,shl010703,15082026_16k_production_4_seeds_4_sizes,shlarge,2026-09-21T19:46:23+00:00,0.2783,0.3121,0.2,110,0.0636,0.0727,NOT_KEPT
shl0107030606,shl01070306,shl010703,15082026_16k_production_4_seeds_4_sizes,shlarge,2026-09-21T19:46:23+00:00,0.2777,0.3221,0.35,110,0.0636,0.0727,NOT_KEPT
shl0107030609,shl01070306,shl010703,15082026_16k_production_4_seeds_4_sizes,shlarge,2026-09-21T19:46:23+00:00,0.2768,0.3096,0.2,110,0.0636,0.0727,NOT_KEPT
shl0107030602,shl01070306,shl010703,15082026_16k_production_4_seeds_4_sizes,shlarge,2026-09-21T19:46:23+00:00,0.2764,0.3182,0.25,110,0.0636,0.0727,NOT_KEPT
shl0107030607,shl01070306,shl010703,15082026_16k_production_4_seeds_4_sizes,shlarge,2026-09-21T19:46:23+00:00,0.263,0.3236,0.3,110,0.0545,0.0727,NOT_KEPT
shl0107030612,shl01070306,shl010703,15082026_16k_production_4_seeds_4_sizes,shlarge,2026-09-21T19:46:23+00:00,0.2625,0.2884,0.4,110,0.0636,0.0727,NOT_KEPT
shl0107030601,shl01070306,shl010703,15082026_16k_production_4_seeds_4_sizes,shlarge,2026-09-21T19:46:23+00:00,0.2592,0.2749,0.3,110,0.0636,0.0727,NOT_KEPT
shl0107030611,shl01070306,shl010703,15082026_16k_production_4_seeds_4_sizes,shlarge,2026-09-21T19:46:23+00:00,0.2586,0.2729,0.3,110,0.0636,0.0727,NOT_KEPT
shl0108900705,shl01089007,shl010890,15082026_16k_production_4_seeds_4_sizes,shlarge,2026-09-21T19:46:23+00:00,0.4616,0.4202,0.9,116,0.0603,0.0603,KEPT
shl0108900713,shl01089007,shl010890,15082026_16k_production_4_seeds_4_sizes,shlarge,2026-09-21T19:46:23+00:00,0.4616,0.4202,0.9,116,0.0603,0.0603,KEPT
shl0108900701,shl01089007,shl010890,15082026_16k_production_4_seeds_4_sizes,shlarge,2026-09-21T19:46:23+00:00,0.4588,0.4187,0.8,116,0.0603,0.0603,KEPT
shl0108900704,shl01089007,shl010890,15082026_16k_production_4_seeds_4_sizes,shlarge,2026-09-21T19:46:23+00:00,0.4588,0.4187,0.8,116,0.0603,0.0603,NOT_KEPT
shl0108900707,shl01089007,shl010890,15082026_16k_production_4_seeds_4_sizes,shlarge,2026-09-21T19:46:23+00:00,0.4588,0.4187,0.8,116,0.0603,0.0603,NOT_KEPT
shl0108900709,shl01089007,shl010890,15082026_16k_production_4_seeds_4_sizes,shlarge,2026-09-21T19:46:23+00:00,0.4588,0.4187,0.8,116,0.0603,0.0603,NOT_KEPT
shl0108900710,shl01089007,shl010890,15082026_16k_production_4_seeds_4_sizes,shlarge,2026-09-21T19:46:23+00:00,0.4588,0.4187,0.8,116,0.0603,0.0603,NOT_KEPT
shl0108900715,shl01089007,shl010890,15082026_16k_production_4_seeds_4_sizes,shlarge,2026-09-21T19:46:23+00:00,0.4588,0.4187,0.8,116,0.0603,0.0603,NOT_KEPT
shl0108900703,shl01089007,shl010890,15082026_16k_production_4_seeds_4_sizes,shlarge,2026-09-21T19:46:23+00:00,0.4461,0.3972,0.8,116,0.0603,0.0603,NOT_KEPT
shl0108900706,shl01089007,shl010890,15082026_16k_production_4_seeds_4_sizes,shlarge,2026-09-21T19:46:23+00:00,0.4461,0.3972,0.8,116,0.0603,0.0603,NOT_KEPT
shl0108900714,shl01089007,shl010890,15082026_16k_production_4_seeds_4_sizes,shlarge,2026-09-21T19:46:23+00:00,0.4459,0.4309,0.8,116,0.0603,0.0603,NOT_KEPT
shl0108900716,shl01089007,shl010890,15082026_16k_production_4_seeds_4_sizes,shlarge,2026-09-21T19:46:23+00:00,0.4434,0.3959,0.7,116,0.0603,0.0603,NOT_KEPT
shl0108900702,shl01089007,shl010890,15082026_16k_production_4_seeds_4_sizes,shlarge,2026-09-21T19:46:23+00:00,0.4274,0.4372,0.8,116,0.0603,0.0603,NOT_KEPT
shl0108900712,shl01089007,shl010890,15082026_16k_production_4_seeds_4_sizes,shlarge,2026-09-21T19:46:23+00:00,0.4152,0.3686,0.7,116,0.0603,0.0603,NOT_KEPT
shl0108900708,shl01089007,shl010890,15082026_16k_production_4_seeds_4_sizes,shlarge,2026-09-21T19:46:23+00:00,0.3929,0.3927,0.8,116,0.0603,0.0603,NOT_KEPT
shl0108900711,shl01089007,shl010890,15082026_16k_production_4_seeds_4_sizes,shlarge,2026-09-21T19:46:23+00:00,0.3828,0.3245,0.8,116,0.0603,0.0603,NOT_KEPT
shl0109030301,shl01090303,shl010903,15082026_16k_production_4_seeds_4_sizes,shlarge,2026-09-21T19:46:23+00:00,0.4222,0.4609,0.5294,115,0.1565,0.1739,KEPT
shl0109030306,shl01090303,shl010903,15082026_16k_production_4_seeds_4_sizes,shlarge,2026-09-21T19:46:23+00:00,0.4222,0.4609,0.5294,115,0.1565,0.1739,KEPT
shl0109030308,shl01090303,shl010903,15082026_16k_production_4_seeds_4_sizes,shlarge,2026-09-21T19:46:23+00:00,0.4222,0.4609,0.5294,115,0.1565,0.1739,KEPT
shl0109030310,shl01090303,shl010903,15082026_16k_production_4_seeds_4_sizes,shlarge,2026-09-21T19:46:23+00:00,0.4222,0.4609,0.5294,115,0.1565,0.1739,NOT_KEPT
shl0109030311,shl01090303,shl010903,15082026_16k_production_4_seeds_4_sizes,shlarge,2026-09-21T19:46:23+00:00,0.4222,0.4609,0.5294,115,0.1565,0.1739,NOT_KEPT
shl0109030307,shl01090303,shl010903,15082026_16k_production_4_seeds_4_sizes,shlarge,2026-09-21T19:46:23+00:00,0.4153,0.4502,0.4706,115,0.1565,0.1739,NOT_KEPT
shl0109030309,shl01090303,shl010903,15082026_16k_production_4_seeds_4_sizes,shlarge,2026-09-21T19:46:23+00:00,0.4153,0.4502,0.4706,115,0.1565,0.1739,NOT_KEPT
shl0109030312,shl01090303,shl010903,15082026_16k_production_4_seeds_4_sizes,shlarge,2026-09-21T19:46:23+00:00,0.4153,0.4502,0.4706,115,0.1565,0.1739,NOT_KEPT
shl0109030313,shl01090303,shl010903,15082026_16k_production_4_seeds_4_sizes,shlarge,2026-09-21T19:46:23+00:00,0.4153,0.4502,0.4706,115,0.1565,0.1739,NOT_KEPT
shl0109030315,shl01090303,shl010903,15082026_16k_production_4_seeds_4_sizes,shlarge,2026-09-21T19:46:23+00:00,0.4153,0.4502,0.4706,115,0.1565,0.1739,NOT_KEPT
shl0109030302,shl01090303,shl010903,15082026_16k_production_4_seeds_4_sizes,shlarge,2026-09-21T19:46:23+00:00,0.4147,0.4365,0.4706,115,0.1565,0.1739,NOT_KEPT
shl0109030316,shl01090303,shl010903,15082026_16k_production_4_seeds_4_sizes,shlarge,2026-09-21T19:46:23+00:00,0.4147,0.4365,0.4706,115,0.1565,0.1739,NOT_KEPT
shl0109030314,shl01090303,shl010903,15082026_16k_production_4_seeds_4_sizes,shlarge,2026-09-21T19:46:23+00:00,0.4133,0.4547,0.5294,115,0.1565,0.1739,NOT_KEPT
shl0109030303,shl01090303,shl010903,15082026_16k_production_4_seeds_4_sizes,shlarge,2026-09-21T19:46:23+00:00,0.4068,0.4446,0.4706,115,0.1565,0.1739,NOT_KEPT
shl0109030304,shl01090303,shl010903,15082026_16k_production_4_seeds_4_sizes,shlarge,2026-09-21T19:46:23+00:00,0.4,0.4585,0.4706,115,0.1565,0.1739,NOT_KEPT
shl0109030305,shl01090303,shl010903,15082026_16k_production_4_seeds_4_sizes,shlarge,2026-09-21T19:46:23+00:00,0.3884,0.4095,0.4706,115,0.1565,0.1652,NOT_KEPT
shl0109350303,shl01093503,shl010935,15082026_16k_production_4_seeds_4_sizes,shlarge,2026-09-21T19:46:23+00:00,0.5031,0.3731,0.875,104,0.0673,0.0769,KEPT
shl0109350307,shl01093503,shl010935,15082026_16k_production_4_seeds_4_sizes,shlarge,2026-09-21T19:46:23+00:00,0.5031,0.3731,0.875,104,0.0673,0.0769,KEPT
shl0109350310,shl01093503,shl010935,15082026_16k_production_4_seeds_4_sizes,shlarge,2026-09-21T19:46:23+00:00,0.5031,0.3731,0.875,104,0.0673,0.0769,KEPT
shl0109350311,shl01093503,shl010935,15082026_16k_production_4_seeds_4_sizes,shlarge,2026-09-21T19:46:23+00:00,0.5031,0.3731,0.875,104,0.0673,0.0769,NOT_KEPT
shl0109350314,shl01093503,shl010935,15082026_16k_production_4_seeds_4_sizes,shlarge,2026-09-21T19:46:23+00:00,0.5031,0.3731,0.875,104,0.0673,0.0769,NOT_KEPT
shl0109350315,shl01093503,shl010935,15082026_16k_production_4_seeds_4_sizes,shlarge,2026-09-21T19:46:23+00:00,0.5031,0.3731,0.875,104,0.0673,0.0769,NOT_KEPT
shl0109350316,shl01093503,shl010935,15082026_16k_production_4_seeds_4_sizes,shlarge,2026-09-21T19:46:23+00:00,0.5031,0.3731,0.875,104,0.0673,0.0769,NOT_KEPT
shl0109350305,shl01093503,shl010935,15082026_16k_production_4_seeds_4_sizes,shlarge,2026-09-21T19:46:23+00:00,0.4996,0.3679,0.75,104,0.0673,0.0769,NOT_KEPT
shl0109350308,shl01093503,shl010935,15082026_16k_production_4_seeds_4_sizes,shlarge,2026-09-21T19:46:23+00:00,0.4996,0.3679,0.75,104,0.0673,0.0769,NOT_KEPT
shl0109350312,shl01093503,shl010935,15082026_16k_production_4_seeds_4_sizes,shlarge,2026-09-21T19:46:23+00:00,0.4996,0.3679,0.75,104,0.0673,0.0769,NOT_KEPT
shl0109350313,shl01093503,shl010935,15082026_16k_production_4_seeds_4_sizes,shlarge,2026-09-21T19:46:23+00:00,0.4996,0.3679,0.75,104,0.0673,0.0769,NOT_KEPT
shl0109350301,shl01093503,shl010935,15082026_16k_production_4_seeds_4_sizes,shlarge,2026-09-21T19:46:23+00:00,0.4833,0.3429,0.625,104,0.0673,0.0769,NOT_KEPT
shl0109350304,shl01093503,shl010935,15082026_16k_production_4_seeds_4_sizes,shlarge,2026-09-21T19:46:23+00:00,0.4833,0.3429,0.625,104,0.0673,0.0769,NOT_KEPT
shl0109350306,shl01093503,shl010935,15082026_16k_production_4_seeds_4_sizes,shlarge,2026-09-21T19:46:23+00:00,0.4827,0.3425,0.75,104,0.0673,0.0769,NOT_KEPT
shl0109350309,shl01093503,shl010935,15082026_16k_production_4_seeds_4_sizes,shlarge,2026-09-21T19:46:23+00:00,0.4794,0.3378,0.625,104,0.0673,0.0769,NOT_KEPT
shl0109350302,shl01093503,shl010935,15082026_16k_production_4_seeds_4_sizes,shlarge,2026-09-21T19:46:23+00:00,0.4422,0.2869,0.625,104,0.0673,0.0769,NOT_KEPT
shl0109350701,shl01093507,shl010935,15082026_16k_production_4_seeds_4_sizes,shlarge,2026-09-21T19:46:23+00:00,0.4361,0.3758,0.7143,104,0.0769,0.0577,KEPT
shl0109350704,shl01093507,shl010935,15082026_16k_production_4_seeds_4_sizes,shlarge,2026-09-21T19:46:23+00:00,0.4361,0.3758,0.7143,104,0.0769,0.0577,KEPT
shl0109350705,shl01093507,shl010935,15082026_16k_production_4_seeds_4_sizes,shlarge,2026-09-21T19:46:23+00:00,0.4361,0.3758,0.7143,104,0.0769,0.0577,KEPT
shl0109350707,shl01093507,shl010935,15082026_16k_production_4_seeds_4_sizes,shlarge,2026-09-21T19:46:23+00:00,0.4361,0.3758,0.7143,104,0.0769,0.0577,NOT_KEPT
shl0109350708,shl01093507,shl010935,15082026_16k_production_4_seeds_4_sizes,shlarge,2026-09-21T19:46:23+00:00,0.4361,0.3758,0.7143,104,0.0769,0.0577,NOT_KEPT
shl0109350709,shl01093507,shl010935,15082026_16k_production_4_seeds_4_sizes,shlarge,2026-09-21T19:46:23+00:00,0.4361,0.3758,0.7143,104,0.0769,0.0577,NOT_KEPT
shl0109350711,shl01093507,shl010935,15082026_16k_production_4_seeds_4_sizes,shlarge,2026-09-21T19:46:23+00:00,0.4361,0.3758,0.7143,104,0.0769,0.0577,NOT_KEPT
shl0109350712,shl01093507,shl010935,15082026_16k_production_4_seeds_4_sizes,shlarge,2026-09-21T19:46:23+00:00,0.4361,0.3758,0.7143,104,0.0769,0.0577,NOT_KEPT
shl0109350710,shl01093507,shl010935,15082026_16k_production_4_seeds_4_sizes,shlarge,2026-09-21T19:46:23+00:00,0.4221,0.3746,0.8571,104,0.0769,0.0577,NOT_KEPT
shl0109350716,shl01093507,shl010935,15082026_16k_production_4_seeds_4_sizes,shlarge,2026-09-21T19:46:23+00:00,0.4221,0.3746,0.8571,104,0.0769,0.0577,NOT_KEPT
shl0109350713,shl01093507,shl010935,15082026_16k_production_4_seeds_4_sizes,shlarge,2026-09-21T19:46:23+00:00,0.4161,0.3652,0.7143,104,0.0769,0.0577,NOT_KEPT
shl0109350715,shl01093507,shl010935,15082026_16k_production_4_seeds_4_sizes,shlarge,2026-09-21T19:46:23+00:00,0.4161,0.3652,0.7143,104,0.0769,0.0577,NOT_KEPT
shl0109350706,shl01093507,shl010935,15082026_16k_production_4_seeds_4_sizes,shlarge,2026-09-21T19:46:23+00:00,0.4146,0.347,0.5714,104,0.0769,0.0577,NOT_KEPT
shl0109350714,shl01093507,shl010935,15082026_16k_production_4_seeds_4_sizes,shlarge,2026-09-21T19:46:23+00:00,0.4146,0.347,0.5714,104,0.0769,0.0577,NOT_KEPT
shl0109350702,shl01093507,shl010935,15082026_16k_production_4_seeds_4_sizes,shlarge,2026-09-21T19:46:23+00:00,0.409,0.3387,0.7143,104,0.0769,0.0577,NOT_KEPT
shl0109350703,shl01093507,shl010935,15082026_16k_production_4_seeds_4_sizes,shlarge,2026-09-21T19:46:23+00:00,0.3769,0.2936,0.5714,104,0.0769,0.0577,NOT_KEPT
shm0091940802,shm00919408,shm009194,15082026_16k_production_4_seeds_4_sizes,shmedium,2026-09-21T19:46:23+00:00,0.5487,0.4787,0.6,97,0.0206,0.0722,KEPT
shm0091940803,shm00919408,shm009194,15082026_16k_production_4_seeds_4_sizes,shmedium,2026-09-21T19:46:23+00:00,0.5487,0.4787,0.6,97,0.0206,0.0722,KEPT
shm0091940805,shm00919408,shm009194,15082026_16k_production_4_seeds_4_sizes,shmedium,2026-09-21T19:46:23+00:00,0.5487,0.4787,0.6,97,0.0206,0.0722,KEPT
shm0091940808,shm00919408,shm009194,15082026_16k_production_4_seeds_4_sizes,shmedium,2026-09-21T19:46:23+00:00,0.5487,0.4787,0.6,97,0.0206,0.0722,NOT_KEPT
shm0091940809,shm00919408,shm009194,15082026_16k_production_4_seeds_4_sizes,shmedium,2026-09-21T19:46:23+00:00,0.5487,0.4787,0.6,97,0.0206,0.0722,NOT_KEPT
shm0091940810,shm00919408,shm009194,15082026_16k_production_4_seeds_4_sizes,shmedium,2026-09-21T19:46:23+00:00,0.5487,0.4787,0.6,97,0.0206,0.0722,NOT_KEPT
shm0091940811,shm00919408,shm009194,15082026_16k_production_4_seeds_4_sizes,shmedium,2026-09-21T19:46:23+00:00,0.5487,0.4787,0.6,97,0.0206,0.0722,NOT_KEPT
shm0091940813,shm00919408,shm009194,15082026_16k_production_4_seeds_4_sizes,shmedium,2026-09-21T19:46:23+00:00,0.5487,0.4787,0.6,97,0.0206,0.0722,NOT_KEPT
shm0091940814,shm00919408,shm009194,15082026_16k_production_4_seeds_4_sizes,shmedium,2026-09-21T19:46:23+00:00,0.5487,0.4787,0.6,97,0.0206,0.0722,NOT_KEPT
shm0091940816,shm00919408,shm009194,15082026_16k_production_4_seeds_4_sizes,shmedium,2026-09-21T19:46:23+00:00,0.5487,0.4787,0.6,97,0.0206,0.0722,NOT_KEPT
shm0091940812,shm00919408,shm009194,15082026_16k_production_4_seeds_4_sizes,shmedium,2026-09-21T19:46:23+00:00,0.527,0.4783,0.7,97,0.0206,0.0722,NOT_KEPT
shm0091940801,shm00919408,shm009194,15082026_16k_production_4_seeds_4_sizes,shmedium,2026-09-21T19:46:23+00:00,0.5246,0.4582,0.5,97,0.0206,0.0722,NOT_KEPT
shm0091940804,shm00919408,shm009194,15082026_16k_production_4_seeds_4_sizes,shmedium,2026-09-21T19:46:23+00:00,0.5246,0.4582,0.5,97,0.0206,0.0722,NOT_KEPT
shm0091940806,shm00919408,shm009194,15082026_16k_production_4_seeds_4_sizes,shmedium,2026-09-21T19:46:23+00:00,0.5246,0.4582,0.5,97,0.0206,0.0722,NOT_KEPT
shm0091940807,shm00919408,shm009194,15082026_16k_production_4_seeds_4_sizes,shmedium,2026-09-21T19:46:23+00:00,0.5132,0.4282,0.7,97,0.0206,0.0722,NOT_KEPT
shm0091940815,shm00919408,shm009194,15082026_16k_production_4_seeds_4_sizes,shmedium,2026-09-21T19:46:23+00:00,0.4998,0.4227,0.5,97,0.0206,0.0722,NOT_KEPT
shm0098220308,shm00982203,shm009822,15082026_16k_production_4_seeds_4_sizes,shmedium,2026-09-21T19:46:23+00:00,0.3226,0.2751,0.5,101,0.1485,0.1287,KEPT
shm0098220310,shm00982203,shm009822,15082026_16k_production_4_seeds_4_sizes,shmedium,2026-09-21T19:46:23+00:00,0.3226,0.2751,0.5,101,0.1485,0.1287,KEPT
shm0098220305,shm00982203,shm009822,15082026_16k_production_4_seeds_4_sizes,shmedium,2026-09-21T19:46:23+00:00,0.3128,0.2754,0.4,101,0.1485,0.1287,KEPT
shm0098220309,shm00982203,shm009822,15082026_16k_production_4_seeds_4_sizes,shmedium,2026-09-21T19:46:23+00:00,0.3128,0.2754,0.4,101,0.1485,0.1287,NOT_KEPT
shm0098220311,shm00982203,shm009822,15082026_16k_production_4_seeds_4_sizes,shmedium,2026-09-21T19:46:23+00:00,0.31,0.2758,0.5,101,0.1485,0.1287,NOT_KEPT
shm0098220315,shm00982203,shm009822,15082026_16k_production_4_seeds_4_sizes,shmedium,2026-09-21T19:46:23+00:00,0.31,0.2758,0.5,101,0.1485,0.1287,NOT_KEPT
shm0098220301,shm00982203,shm009822,15082026_16k_production_4_seeds_4_sizes,shmedium,2026-09-21T19:46:23+00:00,0.3083,0.2566,0.5,101,0.1485,0.1287,NOT_KEPT
shm0098220302,shm00982203,shm009822,15082026_16k_production_4_seeds_4_sizes,shmedium,2026-09-21T19:46:23+00:00,0.3025,0.2569,0.5,101,0.1485,0.1287,NOT_KEPT
shm0098220303,shm00982203,shm009822,15082026_16k_production_4_seeds_4_sizes,shmedium,2026-09-21T19:46:23+00:00,0.3025,0.2569,0.5,101,0.1485,0.1287,NOT_KEPT
shm0098220313,shm00982203,shm009822,15082026_16k_production_4_seeds_4_sizes,shmedium,2026-09-21T19:46:23+00:00,0.3013,0.2512,0.5,101,0.1485,0.1287,NOT_KEPT
shm0098220304,shm00982203,shm009822,15082026_16k_production_4_seeds_4_sizes,shmedium,2026-09-21T19:46:23+00:00,0.2974,0.2682,0.5,101,0.1485,0.1287,NOT_KEPT
shm0098220316,shm00982203,shm009822,15082026_16k_production_4_seeds_4_sizes,shmedium,2026-09-21T19:46:23+00:00,0.2898,0.2547,0.6,101,0.1485,0.1287,NOT_KEPT
shm0098220307,shm00982203,shm009822,15082026_16k_production_4_seeds_4_sizes,shmedium,2026-09-21T19:46:23+00:00,0.2766,0.2557,0.6,101,0.1485,0.1287,NOT_KEPT
shm0098220314,shm00982203,shm009822,15082026_16k_production_4_seeds_4_sizes,shmedium,2026-09-21T19:46:23+00:00,0.276,0.2391,0.6,101,0.1485,0.1287,NOT_KEPT
shm0098220306,shm00982203,shm009822,15082026_16k_production_4_seeds_4_sizes,shmedium,2026-09-21T19:46:23+00:00,0.275,0.2473,0.6,101,0.1485,0.1287,NOT_KEPT
shm0098220312,shm00982203,shm009822,15082026_16k_production_4_seeds_4_sizes,shmedium,2026-09-21T19:46:23+00:00,0.2525,0.2555,0.5,101,0.1485,0.1188,NOT_KEPT
shs0084380901,shs00843809,shs008438,15082026_16k_production_4_seeds_4_sizes,shsmall,2026-09-21T19:46:23+00:00,0.4501,0.4235,0.625,82,0.0366,0.0854,KEPT
shs0084380902,shs00843809,shs008438,15082026_16k_production_4_seeds_4_sizes,shsmall,2026-09-21T19:46:23+00:00,0.4501,0.4235,0.625,82,0.0366,0.0854,KEPT
shs0084380905,shs00843809,shs008438,15082026_16k_production_4_seeds_4_sizes,shsmall,2026-09-21T19:46:23+00:00,0.4501,0.4235,0.625,82,0.0366,0.0854,KEPT
shs0084380908,shs00843809,shs008438,15082026_16k_production_4_seeds_4_sizes,shsmall,2026-09-21T19:46:23+00:00,0.4501,0.4235,0.625,82,0.0366,0.0854,NOT_KEPT
shs0084380909,shs00843809,shs008438,15082026_16k_production_4_seeds_4_sizes,shsmall,2026-09-21T19:46:23+00:00,0.4501,0.4235,0.625,82,0.0366,0.0854,NOT_KEPT
shs0084380910,shs00843809,shs008438,15082026_16k_production_4_seeds_4_sizes,shsmall,2026-09-21T19:46:23+00:00,0.4501,0.4235,0.625,82,0.0366,0.0854,NOT_KEPT
shs0084380911,shs00843809,shs008438,15082026_16k_production_4_seeds_4_sizes,shsmall,2026-09-21T19:46:23+00:00,0.4501,0.4235,0.625,82,0.0366,0.0854,NOT_KEPT
shs0084380913,shs00843809,shs008438,15082026_16k_production_4_seeds_4_sizes,shsmall,2026-09-21T19:46:23+00:00,0.4501,0.4235,0.625,82,0.0366,0.0854,NOT_KEPT
shs0084380916,shs00843809,shs008438,15082026_16k_production_4_seeds_4_sizes,shsmall,2026-09-21T19:46:23+00:00,0.4501,0.4235,0.625,82,0.0366,0.0854,NOT_KEPT
shs0084380903,shs00843809,shs008438,15082026_16k_production_4_seeds_4_sizes,shsmall,2026-09-21T19:46:23+00:00,0.4431,0.4235,0.5,82,0.0366,0.0854,NOT_KEPT
shs0084380904,shs00843809,shs008438,15082026_16k_production_4_seeds_4_sizes,shsmall,2026-09-21T19:46:23+00:00,0.4431,0.4235,0.5,82,0.0366,0.0854,NOT_KEPT
shs0084380914,shs00843809,shs008438,15082026_16k_production_4_seeds_4_sizes,shsmall,2026-09-21T19:46:23+00:00,0.4431,0.4235,0.5,82,0.0366,0.0854,NOT_KEPT
shs0084380915,shs00843809,shs008438,15082026_16k_production_4_seeds_4_sizes,shsmall,2026-09-21T19:46:23+00:00,0.4431,0.4235,0.5,82,0.0366,0.0854,NOT_KEPT
shs0084380907,shs00843809,shs008438,15082026_16k_production_4_seeds_4_sizes,shsmall,2026-09-21T19:46:23+00:00,0.4153,0.3419,0.625,82,0.0366,0.0854,NOT_KEPT
shs0084380906,shs00843809,shs008438,15082026_16k_production_4_seeds_4_sizes,shsmall,2026-09-21T19:46:23+00:00,0.4082,0.3419,0.5,82,0.0366,0.0854,NOT_KEPT
shs0084380912,shs00843809,shs008438,15082026_16k_production_4_seeds_4_sizes,shsmall,2026-09-21T19:46:23+00:00,0.4082,0.3419,0.5,82,0.0366,0.0854,NOT_KEPT
shs0084381402,shs00843814,shs008438,15082026_16k_production_4_seeds_4_sizes,shsmall,2026-09-21T19:46:23+00:00,0.3868,0.2252,0.6,82,0.0488,0.0488,KEPT
shs0084381410,shs00843814,shs008438,15082026_16k_production_4_seeds_4_sizes,shsmall,2026-09-21T19:46:23+00:00,0.3868,0.2252,0.6,82,0.0488,0.0488,KEPT
shs0084381412,shs00843814,shs008438,15082026_16k_production_4_seeds_4_sizes,shsmall,2026-09-21T19:46:23+00:00,0.3868,0.2252,0.6,82,0.0488,0.0488,KEPT
shs0084381407,shs00843814,shs008438,15082026_16k_production_4_seeds_4_sizes,shsmall,2026-09-21T19:46:23+00:00,0.3852,0.2266,0.6,82,0.0366,0.0610,NOT_KEPT
shs0084381414,shs00843814,shs008438,15082026_16k_production_4_seeds_4_sizes,shsmall,2026-09-21T19:46:23+00:00,0.3586,0.1931,0.6,82,0.0366,0.0488,NOT_KEPT
shs0084381406,shs00843814,shs008438,15082026_16k_production_4_seeds_4_sizes,shsmall,2026-09-21T19:46:23+00:00,0.339,0.1649,0.7,82,0.0366,0.0488,NOT_KEPT
shs0084381409,shs00843814,shs008438,15082026_16k_production_4_seeds_4_sizes,shsmall,2026-09-21T19:46:23+00:00,0.339,0.1649,0.7,82,0.0366,0.0488,NOT_KEPT
shs0084381411,shs00843814,shs008438,15082026_16k_production_4_seeds_4_sizes,shsmall,2026-09-21T19:46:23+00:00,0.339,0.1649,0.7,82,0.0366,0.0488,NOT_KEPT
shs0084381416,shs00843814,shs008438,15082026_16k_production_4_seeds_4_sizes,shsmall,2026-09-21T19:46:23+00:00,0.3291,0.1537,0.6,82,0.0366,0.0488,NOT_KEPT
shs0084381401,shs00843814,shs008438,15082026_16k_production_4_seeds_4_sizes,shsmall,2026-09-21T19:46:23+00:00,0.3244,0.1634,0.6,82,0.0366,0.0488,NOT_KEPT
shs0084381404,shs00843814,shs008438,15082026_16k_production_4_seeds_4_sizes,shsmall,2026-09-21T19:46:23+00:00,0.3244,0.1634,0.6,82,0.0366,0.0488,NOT_KEPT
shs0084381415,shs00843814,shs008438,15082026_16k_production_4_seeds_4_sizes,shsmall,2026-09-21T19:46:23+00:00,0.3244,0.1634,0.6,82,0.0366,0.0488,NOT_KEPT
shs0084381408,shs00843814,shs008438,15082026_16k_production_4_seeds_4_sizes,shsmall,2026-09-21T19:46:23+00:00,0.3214,0.1524,0.6,82,0.0366,0.0488,NOT_KEPT
shs0084381413,shs00843814,shs008438,15082026_16k_production_4_seeds_4_sizes,shsmall,2026-09-21T19:46:23+00:00,0.3184,0.1455,0.6,82,0.0366,0.0488,NOT_KEPT
shs0084381405,shs00843814,shs008438,15082026_16k_production_4_seeds_4_sizes,shsmall,2026-09-21T19:46:23+00:00,0.307,0.1467,0.5,82,0.0366,0.0488,NOT_KEPT
shs0084381403,shs00843814,shs008438,15082026_16k_production_4_seeds_4_sizes,shsmall,2026-09-21T19:46:23+00:00,0.298,0.1712,0.6,82,0.0488,0.0488,NOT_KEPT
shs0084891303,shs00848913,shs008489,15082026_16k_production_4_seeds_4_sizes,shsmall,2026-09-21T19:46:23+00:00,0.3677,0.2987,0.3636,86,0.0349,0.0581,KEPT
shs0084891311,shs00848913,shs008489,15082026_16k_production_4_seeds_4_sizes,shsmall,2026-09-21T19:46:23+00:00,0.3677,0.2987,0.3636,86,0.0349,0.0581,KEPT
shs0084891316,shs00848913,shs008489,15082026_16k_production_4_seeds_4_sizes,shsmall,2026-09-21T19:46:23+00:00,0.3677,0.2987,0.3636,86,0.0349,0.0581,KEPT
shs0084891314,shs00848913,shs008489,15082026_16k_production_4_seeds_4_sizes,shsmall,2026-09-21T19:46:23+00:00,0.366,0.2962,0.3636,86,0.0349,0.0581,NOT_KEPT
shs0084891307,shs00848913,shs008489,15082026_16k_production_4_seeds_4_sizes,shsmall,2026-09-21T19:46:23+00:00,0.3653,0.2952,0.4545,86,0.0349,0.0581,NOT_KEPT
shs0084891313,shs00848913,shs008489,15082026_16k_production_4_seeds_4_sizes,shsmall,2026-09-21T19:46:23+00:00,0.3653,0.2952,0.4545,86,0.0349,0.0581,NOT_KEPT
shs0084891315,shs00848913,shs008489,15082026_16k_production_4_seeds_4_sizes,shsmall,2026-09-21T19:46:23+00:00,0.3653,0.2952,0.4545,86,0.0349,0.0581,NOT_KEPT
shs0084891302,shs00848913,shs008489,15082026_16k_production_4_seeds_4_sizes,shsmall,2026-09-21T19:46:23+00:00,0.364,0.3138,0.4545,86,0.0349,0.0581,NOT_KEPT
shs0084891312,shs00848913,shs008489,15082026_16k_production_4_seeds_4_sizes,shsmall,2026-09-21T19:46:23+00:00,0.363,0.3123,0.4545,86,0.0349,0.0581,NOT_KEPT
shs0084891304,shs00848913,shs008489,15082026_16k_production_4_seeds_4_sizes,shsmall,2026-09-21T19:46:23+00:00,0.359,0.286,0.4545,86,0.0349,0.0581,NOT_KEPT
shs0084891310,shs00848913,shs008489,15082026_16k_production_4_seeds_4_sizes,shsmall,2026-09-21T19:46:23+00:00,0.3566,0.3023,0.5455,86,0.0349,0.0581,NOT_KEPT
shs0084891306,shs00848913,shs008489,15082026_16k_production_4_seeds_4_sizes,shsmall,2026-09-21T19:46:23+00:00,0.3565,0.2823,0.2727,86,0.0349,0.0581,NOT_KEPT
shs0084891301,shs00848913,shs008489,15082026_16k_production_4_seeds_4_sizes,shsmall,2026-09-21T19:46:23+00:00,0.3549,0.3105,0.4545,86,0.0349,0.0581,NOT_KEPT
shs0084891308,shs00848913,shs008489,15082026_16k_production_4_seeds_4_sizes,shsmall,2026-09-21T19:46:23+00:00,0.3456,0.2867,0.4545,86,0.0349,0.0581,NOT_KEPT
shs0084891305,shs00848913,shs008489,15082026_16k_production_4_seeds_4_sizes,shsmall,2026-09-21T19:46:23+00:00,0.3455,0.3015,0.3636,86,0.0349,0.0581,NOT_KEPT
shs0084891309,shs00848913,shs008489,15082026_16k_production_4_seeds_4_sizes,shsmall,2026-09-21T19:46:23+00:00,0.3114,0.3013,0.5455,86,0.0349,0.0581,NOT_KEPT
shs0089881502,shs00898815,shs008988,15082026_16k_production_4_seeds_4_sizes,shsmall,2026-09-21T19:46:23+00:00,0.4955,0.3966,0.5556,79,0.0127,0.0253,KEPT
shs0089881507,shs00898815,shs008988,15082026_16k_production_4_seeds_4_sizes,shsmall,2026-09-21T19:46:23+00:00,0.4955,0.3966,0.5556,79,0.0127,0.0253,KEPT
shs0089881509,shs00898815,shs008988,15082026_16k_production_4_seeds_4_sizes,shsmall,2026-09-21T19:46:23+00:00,0.4955,0.3966,0.5556,79,0.0127,0.0253,KEPT
shs0089881510,shs00898815,shs008988,15082026_16k_production_4_seeds_4_sizes,shsmall,2026-09-21T19:46:23+00:00,0.4955,0.3966,0.5556,79,0.0127,0.0253,NOT_KEPT
shs0089881511,shs00898815,shs008988,15082026_16k_production_4_seeds_4_sizes,shsmall,2026-09-21T19:46:23+00:00,0.4955,0.3966,0.5556,79,0.0127,0.0253,NOT_KEPT
shs0089881513,shs00898815,shs008988,15082026_16k_production_4_seeds_4_sizes,shsmall,2026-09-21T19:46:23+00:00,0.4955,0.3966,0.5556,79,0.0127,0.0253,NOT_KEPT
shs0089881514,shs00898815,shs008988,15082026_16k_production_4_seeds_4_sizes,shsmall,2026-09-21T19:46:23+00:00,0.4955,0.3966,0.5556,79,0.0127,0.0253,NOT_KEPT
shs0089881515,shs00898815,shs008988,15082026_16k_production_4_seeds_4_sizes,shsmall,2026-09-21T19:46:23+00:00,0.4955,0.3966,0.5556,79,0.0127,0.0253,NOT_KEPT
shs0089881501,shs00898815,shs008988,15082026_16k_production_4_seeds_4_sizes,shsmall,2026-09-21T19:46:23+00:00,0.4946,0.39,0.6667,79,0.0127,0.0253,NOT_KEPT
shs0089881503,shs00898815,shs008988,15082026_16k_production_4_seeds_4_sizes,shsmall,2026-09-21T19:46:23+00:00,0.4946,0.39,0.6667,79,0.0127,0.0253,NOT_KEPT
shs0089881504,shs00898815,shs008988,15082026_16k_production_4_seeds_4_sizes,shsmall,2026-09-21T19:46:23+00:00,0.4946,0.39,0.6667,79,0.0127,0.0253,NOT_KEPT
shs0089881506,shs00898815,shs008988,15082026_16k_production_4_seeds_4_sizes,shsmall,2026-09-21T19:46:23+00:00,0.4946,0.39,0.6667,79,0.0127,0.0253,NOT_KEPT
shs0089881516,shs00898815,shs008988,15082026_16k_production_4_seeds_4_sizes,shsmall,2026-09-21T19:46:23+00:00,0.4946,0.39,0.6667,79,0.0127,0.0253,NOT_KEPT
shs0089881508,shs00898815,shs008988,15082026_16k_production_4_seeds_4_sizes,shsmall,2026-09-21T19:46:23+00:00,0.4812,0.3765,0.5556,79,0.0127,0.0253,NOT_KEPT
shs0089881505,shs00898815,shs008988,15082026_16k_production_4_seeds_4_sizes,shsmall,2026-09-21T19:46:23+00:00,0.46,0.3412,0.6667,79,0.0127,0.0253,NOT_KEPT
shs0089881512,shs00898815,shs008988,15082026_16k_production_4_seeds_4_sizes,shsmall,2026-09-21T19:46:23+00:00,0.4445,0.3955,0.4444,79,0.0127,0.0253,NOT_KEPT
shx0114020606,shx01140206,shx011402,15082026_16k_production_4_seeds_4_sizes,shxlarge,2026-09-21T19:46:23+00:00,0.3692,0.4282,0.625,117,0.1282,0.1026,KEPT
shx0114020608,shx01140206,shx011402,15082026_16k_production_4_seeds_4_sizes,shxlarge,2026-09-21T19:46:23+00:00,0.3669,0.43,0.5625,117,0.1282,0.1026,KEPT
shx0114020601,shx01140206,shx011402,15082026_16k_production_4_seeds_4_sizes,shxlarge,2026-09-21T19:46:23+00:00,0.3613,0.4086,0.625,117,0.1282,0.1026,KEPT
shx0114020604,shx01140206,shx011402,15082026_16k_production_4_seeds_4_sizes,shxlarge,2026-09-21T19:46:23+00:00,0.3613,0.4086,0.625,117,0.1282,0.1026,NOT_KEPT
shx0114020610,shx01140206,shx011402,15082026_16k_production_4_seeds_4_sizes,shxlarge,2026-09-21T19:46:23+00:00,0.3613,0.4086,0.625,117,0.1282,0.1026,NOT_KEPT
shx0114020613,shx01140206,shx011402,15082026_16k_production_4_seeds_4_sizes,shxlarge,2026-09-21T19:46:23+00:00,0.3555,0.4045,0.5625,117,0.1282,0.1026,NOT_KEPT
shx0114020614,shx01140206,shx011402,15082026_16k_production_4_seeds_4_sizes,shxlarge,2026-09-21T19:46:23+00:00,0.3555,0.4045,0.5625,117,0.1282,0.1026,NOT_KEPT
shx0114020603,shx01140206,shx011402,15082026_16k_production_4_seeds_4_sizes,shxlarge,2026-09-21T19:46:23+00:00,0.3533,0.396,0.625,117,0.1282,0.1026,NOT_KEPT
shx0114020607,shx01140206,shx011402,15082026_16k_production_4_seeds_4_sizes,shxlarge,2026-09-21T19:46:23+00:00,0.3533,0.396,0.625,117,0.1282,0.1026,NOT_KEPT
shx0114020611,shx01140206,shx011402,15082026_16k_production_4_seeds_4_sizes,shxlarge,2026-09-21T19:46:23+00:00,0.3533,0.396,0.625,117,0.1282,0.1026,NOT_KEPT
shx0114020612,shx01140206,shx011402,15082026_16k_production_4_seeds_4_sizes,shxlarge,2026-09-21T19:46:23+00:00,0.3533,0.396,0.625,117,0.1282,0.1026,NOT_KEPT
shx0114020605,shx01140206,shx011402,15082026_16k_production_4_seeds_4_sizes,shxlarge,2026-09-21T19:46:23+00:00,0.3476,0.3932,0.5,117,0.1368,0.1026,NOT_KEPT
shx0114020615,shx01140206,shx011402,15082026_16k_production_4_seeds_4_sizes,shxlarge,2026-09-21T19:46:23+00:00,0.3476,0.4086,0.625,117,0.1282,0.1026,NOT_KEPT
shx0114020616,shx01140206,shx011402,15082026_16k_production_4_seeds_4_sizes,shxlarge,2026-09-21T19:46:23+00:00,0.3423,0.3897,0.5625,117,0.1282,0.1026,NOT_KEPT
shx0114020609,shx01140206,shx011402,15082026_16k_production_4_seeds_4_sizes,shxlarge,2026-09-21T19:46:23+00:00,0.3343,0.3992,0.5625,117,0.1282,0.1026,NOT_KEPT
shx0114020602,shx01140206,shx011402,15082026_16k_production_4_seeds_4_sizes,shxlarge,2026-09-21T19:46:23+00:00,0.333,0.3968,0.5,117,0.1282,0.1026,NOT_KEPT
shx0114910301,shx01149103,shx011491,15082026_16k_production_4_seeds_4_sizes,shxlarge,2026-09-21T19:46:23+00:00,0.2639,0.2292,0.1579,121,0.0248,0.0413,KEPT
shx0114910309,shx01149103,shx011491,15082026_16k_production_4_seeds_4_sizes,shxlarge,2026-09-21T19:46:23+00:00,0.2604,0.2343,0.1053,121,0.0248,0.0331,KEPT
shx0114910310,shx01149103,shx011491,15082026_16k_production_4_seeds_4_sizes,shxlarge,2026-09-21T19:46:23+00:00,0.2559,0.2358,0.3158,121,0.0248,0.0331,KEPT
shx0114910308,shx01149103,shx011491,15082026_16k_production_4_seeds_4_sizes,shxlarge,2026-09-21T19:46:23+00:00,0.2528,0.2389,0.3684,121,0.0248,0.0331,NOT_KEPT
shx0114910304,shx01149103,shx011491,15082026_16k_production_4_seeds_4_sizes,shxlarge,2026-09-21T19:46:23+00:00,0.2513,0.2258,0.2632,121,0.0248,0.0331,NOT_KEPT
shx0114910306,shx01149103,shx011491,15082026_16k_production_4_seeds_4_sizes,shxlarge,2026-09-21T19:46:23+00:00,0.2467,0.2153,0.2105,121,0.0248,0.0331,NOT_KEPT
shx0114910316,shx01149103,shx011491,15082026_16k_production_4_seeds_4_sizes,shxlarge,2026-09-21T19:46:23+00:00,0.2458,0.2164,0.2105,121,0.0248,0.0331,NOT_KEPT
shx0114910302,shx01149103,shx011491,15082026_16k_production_4_seeds_4_sizes,shxlarge,2026-09-21T19:46:23+00:00,0.2446,0.2195,0.1579,121,0.0248,0.0331,NOT_KEPT
shx0114910315,shx01149103,shx011491,15082026_16k_production_4_seeds_4_sizes,shxlarge,2026-09-21T19:46:23+00:00,0.2418,0.2353,0.2632,121,0.0248,0.0331,NOT_KEPT
shx0114910312,shx01149103,shx011491,15082026_16k_production_4_seeds_4_sizes,shxlarge,2026-09-21T19:46:23+00:00,0.2399,0.2058,0.2632,121,0.0248,0.0331,NOT_KEPT
shx0114910305,shx01149103,shx011491,15082026_16k_production_4_seeds_4_sizes,shxlarge,2026-09-21T19:46:23+00:00,0.2378,0.2102,0.2105,121,0.0248,0.0331,NOT_KEPT
shx0114910303,shx01149103,shx011491,15082026_16k_production_4_seeds_4_sizes,shxlarge,2026-09-21T19:46:23+00:00,0.2356,0.2014,0.2105,121,0.0248,0.0331,NOT_KEPT
shx0114910313,shx01149103,shx011491,15082026_16k_production_4_seeds_4_sizes,shxlarge,2026-09-21T19:46:23+00:00,0.2306,0.1957,0.3684,121,0.0248,0.0331,NOT_KEPT
shx0114910314,shx01149103,shx011491,15082026_16k_production_4_seeds_4_sizes,shxlarge,2026-09-21T19:46:23+00:00,0.2299,0.2142,0.1579,121,0.0248,0.0331,NOT_KEPT
shx0114910311,shx01149103,shx011491,15082026_16k_production_4_seeds_4_sizes,shxlarge,2026-09-21T19:46:23+00:00,0.2249,0.1719,0.1579,121,0.0248,0.0331,NOT_KEPT
shx0114910307,shx01149103,shx011491,15082026_16k_production_4_seeds_4_sizes,shxlarge,2026-09-21T19:46:23+00:00,0.2138,0.1865,0.1579,121,0.0248,0.0331,NOT_KEPT
shx0114910608,shx01149106,shx011491,15082026_16k_production_4_seeds_4_sizes,shxlarge,2026-09-21T19:46:23+00:00,0.3994,0.5139,0.4333,121,0.0413,0.0579,KEPT
shx0114910603,shx01149106,shx011491,15082026_16k_production_4_seeds_4_sizes,shxlarge,2026-09-21T19:46:23+00:00,0.3973,0.5139,0.4333,121,0.0413,0.0579,KEPT
shx0114910614,shx01149106,shx011491,15082026_16k_production_4_seeds_4_sizes,shxlarge,2026-09-21T19:46:23+00:00,0.3924,0.518,0.4333,121,0.0413,0.0496,KEPT
shx0114910616,shx01149106,shx011491,15082026_16k_production_4_seeds_4_sizes,shxlarge,2026-09-21T19:46:23+00:00,0.3912,0.4851,0.4333,121,0.0413,0.0579,NOT_KEPT
shx0114910602,shx01149106,shx011491,15082026_16k_production_4_seeds_4_sizes,shxlarge,2026-09-21T19:46:23+00:00,0.3896,0.518,0.4,121,0.0413,0.0496,NOT_KEPT
shx0114910615,shx01149106,shx011491,15082026_16k_production_4_seeds_4_sizes,shxlarge,2026-09-21T19:46:23+00:00,0.3866,0.4767,0.4333,121,0.0331,0.0579,NOT_KEPT
shx0114910610,shx01149106,shx011491,15082026_16k_production_4_seeds_4_sizes,shxlarge,2026-09-21T19:46:23+00:00,0.3858,0.4762,0.4333,121,0.0413,0.0579,NOT_KEPT
shx0114910609,shx01149106,shx011491,15082026_16k_production_4_seeds_4_sizes,shxlarge,2026-09-21T19:46:23+00:00,0.3851,0.5177,0.4333,121,0.0413,0.0496,NOT_KEPT
shx0114910606,shx01149106,shx011491,15082026_16k_production_4_seeds_4_sizes,shxlarge,2026-09-21T19:46:23+00:00,0.3773,0.4906,0.4667,121,0.0413,0.0496,NOT_KEPT
shx0114910607,shx01149106,shx011491,15082026_16k_production_4_seeds_4_sizes,shxlarge,2026-09-21T19:46:23+00:00,0.3753,0.5021,0.4667,121,0.0413,0.0496,NOT_KEPT
shx0114910613,shx01149106,shx011491,15082026_16k_production_4_seeds_4_sizes,shxlarge,2026-09-21T19:46:23+00:00,0.3698,0.4319,0.4667,121,0.0413,0.0661,NOT_KEPT
shx0114910611,shx01149106,shx011491,15082026_16k_production_4_seeds_4_sizes,shxlarge,2026-09-21T19:46:23+00:00,0.3696,0.4804,0.4667,121,0.0331,0.0496,NOT_KEPT
shx0114910604,shx01149106,shx011491,15082026_16k_production_4_seeds_4_sizes,shxlarge,2026-09-21T19:46:23+00:00,0.3684,0.4647,0.4,121,0.0331,0.0579,NOT_KEPT
shx0114910612,shx01149106,shx011491,15082026_16k_production_4_seeds_4_sizes,shxlarge,2026-09-21T19:46:23+00:00,0.3683,0.4596,0.4333,121,0.0331,0.0496,NOT_KEPT
shx0114910601,shx01149106,shx011491,15082026_16k_production_4_seeds_4_sizes,shxlarge,2026-09-21T19:46:23+00:00,0.3566,0.4011,0.3667,121,0.0413,0.0661,NOT_KEPT
shx0114910605,shx01149106,shx011491,15082026_16k_production_4_seeds_4_sizes,shxlarge,2026-09-21T19:46:23+00:00,0.354,0.4415,0.4333,121,0.0413,0.0579,NOT_KEPT
shx0114910707,shx01149107,shx011491,15082026_16k_production_4_seeds_4_sizes,shxlarge,2026-09-21T19:46:23+00:00,0.4041,0.4038,0.3636,121,0.0331,0.0496,KEPT
shx0114910714,shx01149107,shx011491,15082026_16k_production_4_seeds_4_sizes,shxlarge,2026-09-21T19:46:23+00:00,0.4041,0.4038,0.3636,121,0.0331,0.0496,KEPT
shx0114910705,shx01149107,shx011491,15082026_16k_production_4_seeds_4_sizes,shxlarge,2026-09-21T19:46:23+00:00,0.39,0.4038,0.3182,121,0.0331,0.0413,KEPT
shx0114910706,shx01149107,shx011491,15082026_16k_production_4_seeds_4_sizes,shxlarge,2026-09-21T19:46:23+00:00,0.39,0.4038,0.3182,121,0.0331,0.0413,NOT_KEPT
shx0114910703,shx01149107,shx011491,15082026_16k_production_4_seeds_4_sizes,shxlarge,2026-09-21T19:46:23+00:00,0.3879,0.4038,0.3182,121,0.0331,0.0413,NOT_KEPT
shx0114910709,shx01149107,shx011491,15082026_16k_production_4_seeds_4_sizes,shxlarge,2026-09-21T19:46:23+00:00,0.3867,0.4051,0.3182,121,0.0331,0.0413,NOT_KEPT
shx0114910712,shx01149107,shx011491,15082026_16k_production_4_seeds_4_sizes,shxlarge,2026-09-21T19:46:23+00:00,0.3852,0.4038,0.3636,121,0.0331,0.0413,NOT_KEPT
shx0114910715,shx01149107,shx011491,15082026_16k_production_4_seeds_4_sizes,shxlarge,2026-09-21T19:46:23+00:00,0.3775,0.3961,0.2727,121,0.0331,0.0413,NOT_KEPT
shx0114910702,shx01149107,shx011491,15082026_16k_production_4_seeds_4_sizes,shxlarge,2026-09-21T19:46:23+00:00,0.3773,0.3953,0.3182,121,0.0331,0.0413,NOT_KEPT
shx0114910711,shx01149107,shx011491,15082026_16k_production_4_seeds_4_sizes,shxlarge,2026-09-21T19:46:23+00:00,0.3772,0.3876,0.3182,121,0.0331,0.0413,NOT_KEPT
shx0114910708,shx01149107,shx011491,15082026_16k_production_4_seeds_4_sizes,shxlarge,2026-09-21T19:46:23+00:00,0.3771,0.3961,0.2727,121,0.0331,0.0413,NOT_KEPT
shx0114910710,shx01149107,shx011491,15082026_16k_production_4_seeds_4_sizes,shxlarge,2026-09-21T19:46:23+00:00,0.3762,0.3947,0.3182,121,0.0331,0.0413,NOT_KEPT
shx0114910713,shx01149107,shx011491,15082026_16k_production_4_seeds_4_sizes,shxlarge,2026-09-21T19:46:23+00:00,0.3734,0.3961,0.3182,121,0.0331,0.0413,NOT_KEPT
shx0114910716,shx01149107,shx011491,15082026_16k_production_4_seeds_4_sizes,shxlarge,2026-09-21T19:46:23+00:00,0.3727,0.3958,0.3636,121,0.0331,0.0413,NOT_KEPT
shx0114910701,shx01149107,shx011491,15082026_16k_production_4_seeds_4_sizes,shxlarge,2026-09-21T19:46:23+00:00,0.3695,0.3933,0.3636,121,0.0331,0.0413,NOT_KEPT
shx0114910704,shx01149107,shx011491,15082026_16k_production_4_seeds_4_sizes,shxlarge,2026-09-21T19:46:23+00:00,0.3557,0.3716,0.3182,121,0.0331,0.0413,NOT_KEPT
shx0116190015,shx01161900,shx011619,15082026_16k_production_4_seeds_4_sizes,shxlarge,2026-09-21T19:46:23+00:00,0.3389,0.3818,0.4286,122,0.1148,0.0492,KEPT
shx0116190012,shx01161900,shx011619,15082026_16k_production_4_seeds_4_sizes,shxlarge,2026-09-21T19:46:23+00:00,0.3353,0.382,0.4286,122,0.1148,0.0492,KEPT
shx0116190003,shx01161900,shx011619,15082026_16k_production_4_seeds_4_sizes,shxlarge,2026-09-21T19:46:23+00:00,0.3322,0.358,0.4286,122,0.1148,0.0492,KEPT
shx0116190007,shx01161900,shx011619,15082026_16k_production_4_seeds_4_sizes,shxlarge,2026-09-21T19:46:23+00:00,0.3287,0.3575,0.5,122,0.1148,0.0492,NOT_KEPT
shx0116190013,shx01161900,shx011619,15082026_16k_production_4_seeds_4_sizes,shxlarge,2026-09-21T19:46:23+00:00,0.3245,0.3826,0.4286,122,0.1148,0.0492,NOT_KEPT
shx0116190008,shx01161900,shx011619,15082026_16k_production_4_seeds_4_sizes,shxlarge,2026-09-21T19:46:23+00:00,0.3218,0.3517,0.4286,122,0.1148,0.0492,NOT_KEPT
shx0116190010,shx01161900,shx011619,15082026_16k_production_4_seeds_4_sizes,shxlarge,2026-09-21T19:46:23+00:00,0.3205,0.3895,0.5,122,0.1148,0.0492,NOT_KEPT
shx0116190004,shx01161900,shx011619,15082026_16k_production_4_seeds_4_sizes,shxlarge,2026-09-21T19:46:23+00:00,0.3183,0.3721,0.3571,122,0.1148,0.0492,NOT_KEPT
shx0116190011,shx01161900,shx011619,15082026_16k_production_4_seeds_4_sizes,shxlarge,2026-09-21T19:46:23+00:00,0.3181,0.3721,0.4286,122,0.1148,0.0492,NOT_KEPT
shx0116190009,shx01161900,shx011619,15082026_16k_production_4_seeds_4_sizes,shxlarge,2026-09-21T19:46:23+00:00,0.3168,0.3518,0.5714,122,0.1148,0.0492,NOT_KEPT
shx0116190014,shx01161900,shx011619,15082026_16k_production_4_seeds_4_sizes,shxlarge,2026-09-21T19:46:23+00:00,0.3143,0.3851,0.4286,122,0.1148,0.0492,NOT_KEPT
shx0116190005,shx01161900,shx011619,15082026_16k_production_4_seeds_4_sizes,shxlarge,2026-09-21T19:46:23+00:00,0.3137,0.3492,0.5,122,0.1148,0.0492,NOT_KEPT
shx0116190016,shx01161900,shx011619,15082026_16k_production_4_seeds_4_sizes,shxlarge,2026-09-21T19:46:23+00:00,0.3137,0.3492,0.5,122,0.1148,0.0492,NOT_KEPT
shx0116190002,shx01161900,shx011619,15082026_16k_production_4_seeds_4_sizes,shxlarge,2026-09-21T19:46:23+00:00,0.3117,0.3494,0.3571,122,0.1148,0.0492,NOT_KEPT
shx0116190006,shx01161900,shx011619,15082026_16k_production_4_seeds_4_sizes,shxlarge,2026-09-21T19:46:23+00:00,0.3093,0.3264,0.4286,122,0.1148,0.0492,NOT_KEPT
shx0116190001,shx01161900,shx011619,15082026_16k_production_4_seeds_4_sizes,shxlarge,2026-09-21T19:46:23+00:00,0.3089,0.3663,0.5714,122,0.1148,0.0492,NOT_KEPT
shx0116190601,shx01161906,shx011619,15082026_16k_production_4_seeds_4_sizes,shxlarge,2026-09-21T19:46:23+00:00,0.4558,0.4673,0.5385,122,0.1148,0.0492,KEPT
shx0116190611,shx01161906,shx011619,15082026_16k_production_4_seeds_4_sizes,shxlarge,2026-09-21T19:46:23+00:00,0.4558,0.4673,0.5385,122,0.1148,0.0492,KEPT
shx0116190612,shx01161906,shx011619,15082026_16k_production_4_seeds_4_sizes,shxlarge,2026-09-21T19:46:23+00:00,0.4558,0.4673,0.5385,122,0.1148,0.0492,KEPT
shx0116190615,shx01161906,shx011619,15082026_16k_production_4_seeds_4_sizes,shxlarge,2026-09-21T19:46:23+00:00,0.4558,0.4673,0.5385,122,0.1148,0.0492,NOT_KEPT
shx0116190602,shx01161906,shx011619,15082026_16k_production_4_seeds_4_sizes,shxlarge,2026-09-21T19:46:23+00:00,0.4447,0.4466,0.6154,122,0.1148,0.0492,NOT_KEPT
shx0116190603,shx01161906,shx011619,15082026_16k_production_4_seeds_4_sizes,shxlarge,2026-09-21T19:46:23+00:00,0.4425,0.4484,0.5385,122,0.1148,0.0492,NOT_KEPT
shx0116190606,shx01161906,shx011619,15082026_16k_production_4_seeds_4_sizes,shxlarge,2026-09-21T19:46:23+00:00,0.4425,0.4484,0.5385,122,0.1148,0.0492,NOT_KEPT
shx0116190616,shx01161906,shx011619,15082026_16k_production_4_seeds_4_sizes,shxlarge,2026-09-21T19:46:23+00:00,0.4425,0.4484,0.5385,122,0.1148,0.0492,NOT_KEPT
shx0116190610,shx01161906,shx011619,15082026_16k_production_4_seeds_4_sizes,shxlarge,2026-09-21T19:46:23+00:00,0.4368,0.4673,0.4615,122,0.1148,0.0492,NOT_KEPT
shx0116190608,shx01161906,shx011619,15082026_16k_production_4_seeds_4_sizes,shxlarge,2026-09-21T19:46:23+00:00,0.4329,0.4304,0.6154,122,0.1148,0.0492,NOT_KEPT
shx0116190614,shx01161906,shx011619,15082026_16k_production_4_seeds_4_sizes,shxlarge,2026-09-21T19:46:23+00:00,0.4286,0.4356,0.4615,122,0.1148,0.0492,NOT_KEPT
shx0116190604,shx01161906,shx011619,15082026_16k_production_4_seeds_4_sizes,shxlarge,2026-09-21T19:46:23+00:00,0.4285,0.4644,0.3846,122,0.1148,0.0492,NOT_KEPT
shx0116190605,shx01161906,shx011619,15082026_16k_production_4_seeds_4_sizes,shxlarge,2026-09-21T19:46:23+00:00,0.4271,0.4456,0.5385,122,0.1148,0.0492,NOT_KEPT
shx0116190609,shx01161906,shx011619,15082026_16k_production_4_seeds_4_sizes,shxlarge,2026-09-21T19:46:23+00:00,0.4231,0.4294,0.5385,122,0.1148,0.0492,NOT_KEPT
shx0116190613,shx01161906,shx011619,15082026_16k_production_4_seeds_4_sizes,shxlarge,2026-09-21T19:46:23+00:00,0.3982,0.408,0.5385,122,0.1148,0.0492,NOT_KEPT
shx0116190607,shx01161906,shx011619,15082026_16k_production_4_seeds_4_sizes,shxlarge,2026-09-21T19:46:23+00:00,0.3862,0.3842,0.5385,122,0.1148,0.0492,NOT_KEPT
shx0118480507,shx01184805,shx011848,15082026_16k_production_4_seeds_4_sizes,shxlarge,2026-09-21T19:46:23+00:00,0.4699,0.312,0.5833,112,0.0357,0.1250,KEPT
shx0118480509,shx01184805,shx011848,15082026_16k_production_4_seeds_4_sizes,shxlarge,2026-09-21T19:46:23+00:00,0.4699,0.312,0.5833,112,0.0357,0.1250,KEPT
shx0118480510,shx01184805,shx011848,15082026_16k_production_4_seeds_4_sizes,shxlarge,2026-09-21T19:46:23+00:00,0.4663,0.3069,0.5833,112,0.0357,0.1250,KEPT
shx0118480506,shx01184805,shx011848,15082026_16k_production_4_seeds_4_sizes,shxlarge,2026-09-21T19:46:23+00:00,0.4632,0.3208,0.6667,112,0.0357,0.1250,NOT_KEPT
shx0118480508,shx01184805,shx011848,15082026_16k_production_4_seeds_4_sizes,shxlarge,2026-09-21T19:46:23+00:00,0.4632,0.3208,0.6667,112,0.0357,0.1250,NOT_KEPT
shx0118480512,shx01184805,shx011848,15082026_16k_production_4_seeds_4_sizes,shxlarge,2026-09-21T19:46:23+00:00,0.4632,0.3208,0.6667,112,0.0357,0.1250,NOT_KEPT
shx0118480516,shx01184805,shx011848,15082026_16k_production_4_seeds_4_sizes,shxlarge,2026-09-21T19:46:23+00:00,0.4632,0.3208,0.6667,112,0.0357,0.1250,NOT_KEPT
shx0118480504,shx01184805,shx011848,15082026_16k_production_4_seeds_4_sizes,shxlarge,2026-09-21T19:46:23+00:00,0.46,0.3158,0.6667,112,0.0357,0.1250,NOT_KEPT
shx0118480505,shx01184805,shx011848,15082026_16k_production_4_seeds_4_sizes,shxlarge,2026-09-21T19:46:23+00:00,0.4593,0.2969,0.5833,112,0.0357,0.1250,NOT_KEPT
shx0118480503,shx01184805,shx011848,15082026_16k_production_4_seeds_4_sizes,shxlarge,2026-09-21T19:46:23+00:00,0.4583,0.2955,0.5,112,0.0357,0.1250,NOT_KEPT
shx0118480511,shx01184805,shx011848,15082026_16k_production_4_seeds_4_sizes,shxlarge,2026-09-21T19:46:23+00:00,0.4579,0.3278,0.6667,112,0.0357,0.1250,NOT_KEPT
shx0118480515,shx01184805,shx011848,15082026_16k_production_4_seeds_4_sizes,shxlarge,2026-09-21T19:46:23+00:00,0.453,0.288,0.5833,112,0.0357,0.1250,NOT_KEPT
shx0118480513,shx01184805,shx011848,15082026_16k_production_4_seeds_4_sizes,shxlarge,2026-09-21T19:46:23+00:00,0.4489,0.2995,0.5833,112,0.0357,0.1250,NOT_KEPT
shx0118480514,shx01184805,shx011848,15082026_16k_production_4_seeds_4_sizes,shxlarge,2026-09-21T19:46:23+00:00,0.4489,0.2995,0.5833,112,0.0357,0.1250,NOT_KEPT
shx0118480501,shx01184805,shx011848,15082026_16k_production_4_seeds_4_sizes,shxlarge,2026-09-21T19:46:23+00:00,0.4462,0.2964,0.75,112,0.0357,0.1250,NOT_KEPT
shx0118480502,shx01184805,shx011848,15082026_16k_production_4_seeds_4_sizes,shxlarge,2026-09-21T19:46:23+00:00,0.4349,0.2795,0.5833,112,0.0357,0.1250,NOT_KEPT
shx0119741002,shx01197410,shx011974,15082026_16k_production_4_seeds_4_sizes,shxlarge,2026-09-21T19:46:23+00:00,0.3564,0.19,0.625,119,0.0504,0.1176,KEPT
shx0119741007,shx01197410,shx011974,15082026_16k_production_4_seeds_4_sizes,shxlarge,2026-09-21T19:46:23+00:00,0.3564,0.19,0.625,119,0.0504,0.1176,KEPT
shx0119741008,shx01197410,shx011974,15082026_16k_production_4_seeds_4_sizes,shxlarge,2026-09-21T19:46:23+00:00,0.3564,0.19,0.625,119,0.0504,0.1176,KEPT
shx0119741012,shx01197410,shx011974,15082026_16k_production_4_seeds_4_sizes,shxlarge,2026-09-21T19:46:23+00:00,0.3564,0.19,0.625,119,0.0504,0.1176,NOT_KEPT
shx0119741014,shx01197410,shx011974,15082026_16k_production_4_seeds_4_sizes,shxlarge,2026-09-21T19:46:23+00:00,0.3564,0.19,0.625,119,0.0504,0.1176,NOT_KEPT
shx0119741011,shx01197410,shx011974,15082026_16k_production_4_seeds_4_sizes,shxlarge,2026-09-21T19:46:23+00:00,0.3501,0.3769,0.5,119,0.0504,0.1176,NOT_KEPT
shx0119741015,shx01197410,shx011974,15082026_16k_production_4_seeds_4_sizes,shxlarge,2026-09-21T19:46:23+00:00,0.3501,0.3769,0.5,119,0.0504,0.1176,NOT_KEPT
shx0119741006,shx01197410,shx011974,15082026_16k_production_4_seeds_4_sizes,shxlarge,2026-09-21T19:46:23+00:00,0.3468,0.188,0.5,119,0.0504,0.1176,NOT_KEPT
shx0119741001,shx01197410,shx011974,15082026_16k_production_4_seeds_4_sizes,shxlarge,2026-09-21T19:46:23+00:00,0.3408,0.1684,0.75,119,0.0504,0.1176,NOT_KEPT
shx0119741003,shx01197410,shx011974,15082026_16k_production_4_seeds_4_sizes,shxlarge,2026-09-21T19:46:23+00:00,0.3408,0.1684,0.75,119,0.0504,0.1176,NOT_KEPT
shx0119741016,shx01197410,shx011974,15082026_16k_production_4_seeds_4_sizes,shxlarge,2026-09-21T19:46:23+00:00,0.3348,0.1669,0.5,119,0.0504,0.1176,NOT_KEPT
shx0119741009,shx01197410,shx011974,15082026_16k_production_4_seeds_4_sizes,shxlarge,2026-09-21T19:46:23+00:00,0.3316,0.1667,0.625,119,0.0504,0.1176,NOT_KEPT
shx0119741013,shx01197410,shx011974,15082026_16k_production_4_seeds_4_sizes,shxlarge,2026-09-21T19:46:23+00:00,0.3316,0.1667,0.625,119,0.0504,0.1176,NOT_KEPT
shx0119741005,shx01197410,shx011974,15082026_16k_production_4_seeds_4_sizes,shxlarge,2026-09-21T19:46:23+00:00,0.3312,0.3423,0.5,119,0.0504,0.1176,NOT_KEPT
shx0119741004,shx01197410,shx011974,15082026_16k_production_4_seeds_4_sizes,shxlarge,2026-09-21T19:46:23+00:00,0.2918,0.1268,0.5,119,0.0504,0.1176,NOT_KEPT
shx0119741010,shx01197410,shx011974,15082026_16k_production_4_seeds_4_sizes,shxlarge,2026-09-21T19:46:23+00:00,0.2869,0.3248,0.5,119,0.0504,0.1176,NOT_KEPT
thl0020861211,thl00208612,thl002086,15082026_16k_production_4_seeds_4_sizes,thlarge,2026-09-21T19:46:23+00:00,0.3588,0.3337,0.4615,108,0.0741,0.0556,KEPT
thl0020861213,thl00208612,thl002086,15082026_16k_production_4_seeds_4_sizes,thlarge,2026-09-21T19:46:23+00:00,0.3473,0.2995,0.3462,108,0.0741,0.0556,KEPT
thl0020861203,thl00208612,thl002086,15082026_16k_production_4_seeds_4_sizes,thlarge,2026-09-21T19:46:23+00:00,0.3466,0.2971,0.3077,108,0.0741,0.0463,KEPT
thl0020861207,thl00208612,thl002086,15082026_16k_production_4_seeds_4_sizes,thlarge,2026-09-21T19:46:23+00:00,0.3456,0.2976,0.3462,108,0.0741,0.0556,NOT_KEPT
thl0020861204,thl00208612,thl002086,15082026_16k_production_4_seeds_4_sizes,thlarge,2026-09-21T19:46:23+00:00,0.345,0.2937,0.3462,108,0.0741,0.0463,NOT_KEPT
thl0020861210,thl00208612,thl002086,15082026_16k_production_4_seeds_4_sizes,thlarge,2026-09-21T19:46:23+00:00,0.3437,0.293,0.3077,108,0.0741,0.0463,NOT_KEPT
thl0020861215,thl00208612,thl002086,15082026_16k_production_4_seeds_4_sizes,thlarge,2026-09-21T19:46:23+00:00,0.3403,0.2975,0.2692,108,0.0741,0.0463,NOT_KEPT
thl0020861216,thl00208612,thl002086,15082026_16k_production_4_seeds_4_sizes,thlarge,2026-09-21T19:46:23+00:00,0.3348,0.297,0.3077,108,0.0741,0.0463,NOT_KEPT
thl0020861212,thl00208612,thl002086,15082026_16k_production_4_seeds_4_sizes,thlarge,2026-09-21T19:46:23+00:00,0.3317,0.283,0.3846,108,0.0741,0.0463,NOT_KEPT
thl0020861209,thl00208612,thl002086,15082026_16k_production_4_seeds_4_sizes,thlarge,2026-09-21T19:46:23+00:00,0.3312,0.2801,0.3077,108,0.0741,0.0556,NOT_KEPT
thl0020861202,thl00208612,thl002086,15082026_16k_production_4_seeds_4_sizes,thlarge,2026-09-21T19:46:23+00:00,0.3305,0.278,0.3077,108,0.0741,0.0556,NOT_KEPT
thl0020861206,thl00208612,thl002086,15082026_16k_production_4_seeds_4_sizes,thlarge,2026-09-21T19:46:23+00:00,0.3304,0.2845,0.2692,108,0.0741,0.0463,NOT_KEPT
thl0020861205,thl00208612,thl002086,15082026_16k_production_4_seeds_4_sizes,thlarge,2026-09-21T19:46:23+00:00,0.3276,0.2791,0.3846,108,0.0833,0.0556,NOT_KEPT
thl0020861208,thl00208612,thl002086,15082026_16k_production_4_seeds_4_sizes,thlarge,2026-09-21T19:46:23+00:00,0.3274,0.2726,0.3462,108,0.0741,0.0556,NOT_KEPT
thl0020861214,thl00208612,thl002086,15082026_16k_production_4_seeds_4_sizes,thlarge,2026-09-21T19:46:23+00:00,0.3219,0.2884,0.3462,108,0.0741,0.0463,NOT_KEPT
thl0020861201,thl00208612,thl002086,15082026_16k_production_4_seeds_4_sizes,thlarge,2026-09-21T19:46:23+00:00,0.3172,0.2703,0.3077,108,0.0741,0.0556,NOT_KEPT
thl0025510704,thl00255107,thl002551,15082026_16k_production_4_seeds_4_sizes,thlarge,2026-09-21T19:46:23+00:00,0.4297,0.4914,0.7143,98,0.2245,0.0918,KEPT
thl0025510708,thl00255107,thl002551,15082026_16k_production_4_seeds_4_sizes,thlarge,2026-09-21T19:46:23+00:00,0.4297,0.4914,0.7143,98,0.2245,0.0918,KEPT
thl0025510709,thl00255107,thl002551,15082026_16k_production_4_seeds_4_sizes,thlarge,2026-09-21T19:46:23+00:00,0.4297,0.4914,0.7143,98,0.2245,0.0918,KEPT
thl0025510710,thl00255107,thl002551,15082026_16k_production_4_seeds_4_sizes,thlarge,2026-09-21T19:46:23+00:00,0.4297,0.4914,0.7143,98,0.2245,0.0918,NOT_KEPT
thl0025510713,thl00255107,thl002551,15082026_16k_production_4_seeds_4_sizes,thlarge,2026-09-21T19:46:23+00:00,0.4297,0.4914,0.7143,98,0.2245,0.0918,NOT_KEPT
thl0025510702,thl00255107,thl002551,15082026_16k_production_4_seeds_4_sizes,thlarge,2026-09-21T19:46:23+00:00,0.4261,0.4914,0.7857,98,0.2245,0.0918,NOT_KEPT
thl0025510703,thl00255107,thl002551,15082026_16k_production_4_seeds_4_sizes,thlarge,2026-09-21T19:46:23+00:00,0.4261,0.4914,0.7857,98,0.2245,0.0918,NOT_KEPT
thl0025510707,thl00255107,thl002551,15082026_16k_production_4_seeds_4_sizes,thlarge,2026-09-21T19:46:23+00:00,0.4261,0.4914,0.7857,98,0.2245,0.0918,NOT_KEPT
thl0025510712,thl00255107,thl002551,15082026_16k_production_4_seeds_4_sizes,thlarge,2026-09-21T19:46:23+00:00,0.4261,0.4914,0.7857,98,0.2245,0.0918,NOT_KEPT
thl0025510716,thl00255107,thl002551,15082026_16k_production_4_seeds_4_sizes,thlarge,2026-09-21T19:46:23+00:00,0.4152,0.4096,0.7857,98,0.2245,0.0918,NOT_KEPT
thl0025510701,thl00255107,thl002551,15082026_16k_production_4_seeds_4_sizes,thlarge,2026-09-21T19:46:23+00:00,0.4103,0.4697,0.6429,98,0.2245,0.0918,NOT_KEPT
thl0025510705,thl00255107,thl002551,15082026_16k_production_4_seeds_4_sizes,thlarge,2026-09-21T19:46:23+00:00,0.4092,0.4697,0.5714,98,0.2245,0.0918,NOT_KEPT
thl0025510714,thl00255107,thl002551,15082026_16k_production_4_seeds_4_sizes,thlarge,2026-09-21T19:46:23+00:00,0.4063,0.4697,0.6429,98,0.2245,0.0918,NOT_KEPT
thl0025510706,thl00255107,thl002551,15082026_16k_production_4_seeds_4_sizes,thlarge,2026-09-21T19:46:23+00:00,0.3979,0.4703,0.6429,98,0.2347,0.0816,NOT_KEPT
thl0025510715,thl00255107,thl002551,15082026_16k_production_4_seeds_4_sizes,thlarge,2026-09-21T19:46:23+00:00,0.3979,0.4703,0.6429,98,0.2347,0.0816,NOT_KEPT
thl0025510711,thl00255107,thl002551,15082026_16k_production_4_seeds_4_sizes,thlarge,2026-09-21T19:46:23+00:00,0.3972,0.4438,0.6429,98,0.2245,0.0918,NOT_KEPT
thm0010800603,thm00108006,thm001080,15082026_16k_production_4_seeds_4_sizes,thmedium,2026-09-21T19:46:23+00:00,0.3799,0.579,0.6875,99,0.1111,0.1313,KEPT
thm0010800606,thm00108006,thm001080,15082026_16k_production_4_seeds_4_sizes,thmedium,2026-09-21T19:46:23+00:00,0.3772,0.5788,0.625,99,0.1111,0.1313,KEPT
thm0010800610,thm00108006,thm001080,15082026_16k_production_4_seeds_4_sizes,thmedium,2026-09-21T19:46:23+00:00,0.3772,0.5788,0.625,99,0.1111,0.1313,KEPT
thm0010800615,thm00108006,thm001080,15082026_16k_production_4_seeds_4_sizes,thmedium,2026-09-21T19:46:23+00:00,0.3772,0.5788,0.625,99,0.1111,0.1313,NOT_KEPT
thm0010800609,thm00108006,thm001080,15082026_16k_production_4_seeds_4_sizes,thmedium,2026-09-21T19:46:23+00:00,0.3764,0.5783,0.75,99,0.1111,0.1313,NOT_KEPT
thm0010800614,thm00108006,thm001080,15082026_16k_production_4_seeds_4_sizes,thmedium,2026-09-21T19:46:23+00:00,0.3709,0.5784,0.6875,99,0.1111,0.1313,NOT_KEPT
thm0010800601,thm00108006,thm001080,15082026_16k_production_4_seeds_4_sizes,thmedium,2026-09-21T19:46:23+00:00,0.3702,0.579,0.75,99,0.1111,0.1212,NOT_KEPT
thm0010800604,thm00108006,thm001080,15082026_16k_production_4_seeds_4_sizes,thmedium,2026-09-21T19:46:23+00:00,0.3702,0.579,0.75,99,0.1111,0.1212,NOT_KEPT
thm0010800607,thm00108006,thm001080,15082026_16k_production_4_seeds_4_sizes,thmedium,2026-09-21T19:46:23+00:00,0.3702,0.579,0.75,99,0.1111,0.1212,NOT_KEPT
thm0010800612,thm00108006,thm001080,15082026_16k_production_4_seeds_4_sizes,thmedium,2026-09-21T19:46:23+00:00,0.3702,0.579,0.75,99,0.1111,0.1212,NOT_KEPT
thm0010800613,thm00108006,thm001080,15082026_16k_production_4_seeds_4_sizes,thmedium,2026-09-21T19:46:23+00:00,0.3702,0.579,0.75,99,0.1111,0.1212,NOT_KEPT
thm0010800616,thm00108006,thm001080,15082026_16k_production_4_seeds_4_sizes,thmedium,2026-09-21T19:46:23+00:00,0.3702,0.579,0.75,99,0.1111,0.1212,NOT_KEPT
thm0010800605,thm00108006,thm001080,15082026_16k_production_4_seeds_4_sizes,thmedium,2026-09-21T19:46:23+00:00,0.3669,0.5783,0.8125,99,0.1111,0.1212,NOT_KEPT
thm0010800608,thm00108006,thm001080,15082026_16k_production_4_seeds_4_sizes,thmedium,2026-09-21T19:46:23+00:00,0.3669,0.5783,0.8125,99,0.1111,0.1212,NOT_KEPT
thm0010800602,thm00108006,thm001080,15082026_16k_production_4_seeds_4_sizes,thmedium,2026-09-21T19:46:23+00:00,0.3556,0.5783,0.75,99,0.1111,0.1212,NOT_KEPT
thm0010800611,thm00108006,thm001080,15082026_16k_production_4_seeds_4_sizes,thmedium,2026-09-21T19:46:23+00:00,0.3527,0.5788,0.625,99,0.1111,0.1212,NOT_KEPT
thm0010800706,thm00108007,thm001080,15082026_16k_production_4_seeds_4_sizes,thmedium,2026-09-21T19:46:23+00:00,0.6192,0.5363,0.6471,99,0.1111,0.1313,KEPT
thm0010800708,thm00108007,thm001080,15082026_16k_production_4_seeds_4_sizes,thmedium,2026-09-21T19:46:23+00:00,0.6192,0.5363,0.6471,99,0.1111,0.1313,KEPT
thm0010800709,thm00108007,thm001080,15082026_16k_production_4_seeds_4_sizes,thmedium,2026-09-21T19:46:23+00:00,0.6192,0.5363,0.6471,99,0.1111,0.1313,KEPT
thm0010800710,thm00108007,thm001080,15082026_16k_production_4_seeds_4_sizes,thmedium,2026-09-21T19:46:23+00:00,0.6192,0.5363,0.6471,99,0.1111,0.1313,NOT_KEPT
thm0010800711,thm00108007,thm001080,15082026_16k_production_4_seeds_4_sizes,thmedium,2026-09-21T19:46:23+00:00,0.6192,0.5363,0.6471,99,0.1111,0.1313,NOT_KEPT
thm0010800716,thm00108007,thm001080,15082026_16k_production_4_seeds_4_sizes,thmedium,2026-09-21T19:46:23+00:00,0.6192,0.5363,0.6471,99,0.1111,0.1313,NOT_KEPT
thm0010800703,thm00108007,thm001080,15082026_16k_production_4_seeds_4_sizes,thmedium,2026-09-21T19:46:23+00:00,0.6132,0.5261,0.6471,99,0.1111,0.1313,NOT_KEPT
thm0010800704,thm00108007,thm001080,15082026_16k_production_4_seeds_4_sizes,thmedium,2026-09-21T19:46:23+00:00,0.6132,0.5261,0.6471,99,0.1111,0.1313,NOT_KEPT
thm0010800707,thm00108007,thm001080,15082026_16k_production_4_seeds_4_sizes,thmedium,2026-09-21T19:46:23+00:00,0.6132,0.5261,0.6471,99,0.1111,0.1313,NOT_KEPT
thm0010800705,thm00108007,thm001080,15082026_16k_production_4_seeds_4_sizes,thmedium,2026-09-21T19:46:23+00:00,0.6089,0.5187,0.7059,99,0.1111,0.1313,NOT_KEPT
thm0010800713,thm00108007,thm001080,15082026_16k_production_4_seeds_4_sizes,thmedium,2026-09-21T19:46:23+00:00,0.6089,0.5187,0.7059,99,0.1111,0.1313,NOT_KEPT
thm0010800714,thm00108007,thm001080,15082026_16k_production_4_seeds_4_sizes,thmedium,2026-09-21T19:46:23+00:00,0.6089,0.5187,0.7059,99,0.1111,0.1313,NOT_KEPT
thm0010800715,thm00108007,thm001080,15082026_16k_production_4_seeds_4_sizes,thmedium,2026-09-21T19:46:23+00:00,0.6074,0.5161,0.6471,99,0.1111,0.1313,NOT_KEPT
thm0010800702,thm00108007,thm001080,15082026_16k_production_4_seeds_4_sizes,thmedium,2026-09-21T19:46:23+00:00,0.6028,0.5084,0.7059,99,0.1111,0.1313,NOT_KEPT
thm0010800712,thm00108007,thm001080,15082026_16k_production_4_seeds_4_sizes,thmedium,2026-09-21T19:46:23+00:00,0.6028,0.5084,0.7059,99,0.1111,0.1313,NOT_KEPT
thm0010800701,thm00108007,thm001080,15082026_16k_production_4_seeds_4_sizes,thmedium,2026-09-21T19:46:23+00:00,0.5881,0.4847,0.5882,99,0.1111,0.1313,NOT_KEPT
thm0011310706,thm00113107,thm001131,15082026_16k_production_4_seeds_4_sizes,thmedium,2026-09-21T19:46:23+00:00,0.4089,0.3815,0.5652,98,0.0816,0.1327,KEPT
thm0011310703,thm00113107,thm001131,15082026_16k_production_4_seeds_4_sizes,thmedium,2026-09-21T19:46:23+00:00,0.3954,0.3624,0.5652,98,0.0816,0.1327,KEPT
thm0011310701,thm00113107,thm001131,15082026_16k_production_4_seeds_4_sizes,thmedium,2026-09-21T19:46:23+00:00,0.3913,0.3694,0.6087,98,0.0816,0.1224,KEPT
thm0011310705,thm00113107,thm001131,15082026_16k_production_4_seeds_4_sizes,thmedium,2026-09-21T19:46:23+00:00,0.3903,0.3622,0.4348,98,0.0816,0.1327,NOT_KEPT
thm0011310711,thm00113107,thm001131,15082026_16k_production_4_seeds_4_sizes,thmedium,2026-09-21T19:46:23+00:00,0.3877,0.3576,0.5217,98,0.0918,0.1122,NOT_KEPT
thm0011310707,thm00113107,thm001131,15082026_16k_production_4_seeds_4_sizes,thmedium,2026-09-21T19:46:23+00:00,0.3867,0.3623,0.6087,98,0.0816,0.1224,NOT_KEPT
thm0011310702,thm00113107,thm001131,15082026_16k_production_4_seeds_4_sizes,thmedium,2026-09-21T19:46:23+00:00,0.3859,0.341,0.4348,98,0.0918,0.1224,NOT_KEPT
thm0011310715,thm00113107,thm001131,15082026_16k_production_4_seeds_4_sizes,thmedium,2026-09-21T19:46:23+00:00,0.3804,0.3484,0.5217,98,0.0918,0.1122,NOT_KEPT
thm0011310716,thm00113107,thm001131,15082026_16k_production_4_seeds_4_sizes,thmedium,2026-09-21T19:46:23+00:00,0.3763,0.3355,0.4783,98,0.0816,0.1327,NOT_KEPT
thm0011310712,thm00113107,thm001131,15082026_16k_production_4_seeds_4_sizes,thmedium,2026-09-21T19:46:23+00:00,0.3761,0.3472,0.5217,98,0.0816,0.1224,NOT_KEPT
thm0011310713,thm00113107,thm001131,15082026_16k_production_4_seeds_4_sizes,thmedium,2026-09-21T19:46:23+00:00,0.3737,0.3373,0.4783,98,0.0918,0.1122,NOT_KEPT
thm0011310704,thm00113107,thm001131,15082026_16k_production_4_seeds_4_sizes,thmedium,2026-09-21T19:46:23+00:00,0.3698,0.3322,0.4783,98,0.0918,0.1122,NOT_KEPT
thm0011310708,thm00113107,thm001131,15082026_16k_production_4_seeds_4_sizes,thmedium,2026-09-21T19:46:23+00:00,0.3681,0.3153,0.3913,98,0.0918,0.1224,NOT_KEPT
thm0011310710,thm00113107,thm001131,15082026_16k_production_4_seeds_4_sizes,thmedium,2026-09-21T19:46:23+00:00,0.3668,0.3335,0.6087,98,0.0816,0.1122,NOT_KEPT
thm0011310709,thm00113107,thm001131,15082026_16k_production_4_seeds_4_sizes,thmedium,2026-09-21T19:46:23+00:00,0.3497,0.3141,0.4348,98,0.0816,0.1122,NOT_KEPT
thm0011310714,thm00113107,thm001131,15082026_16k_production_4_seeds_4_sizes,thmedium,2026-09-21T19:46:23+00:00,0.3497,0.3194,0.4783,98,0.0714,0.1122,NOT_KEPT
thm0011311315,thm00113113,thm001131,15082026_16k_production_4_seeds_4_sizes,thmedium,2026-09-21T19:46:23+00:00,0.3963,0.3289,0.5,98,0.1020,0.0816,KEPT
thm0011311310,thm00113113,thm001131,15082026_16k_production_4_seeds_4_sizes,thmedium,2026-09-21T19:46:23+00:00,0.3954,0.3078,0.5,98,0.1020,0.0816,KEPT
thm0011311303,thm00113113,thm001131,15082026_16k_production_4_seeds_4_sizes,thmedium,2026-09-21T19:46:23+00:00,0.3946,0.3102,0.5455,98,0.1020,0.0816,KEPT
thm0011311306,thm00113113,thm001131,15082026_16k_production_4_seeds_4_sizes,thmedium,2026-09-21T19:46:23+00:00,0.3946,0.3065,0.5,98,0.1020,0.0816,NOT_KEPT
thm0011311316,thm00113113,thm001131,15082026_16k_production_4_seeds_4_sizes,thmedium,2026-09-21T19:46:23+00:00,0.3924,0.3027,0.5455,98,0.1020,0.0816,NOT_KEPT
thm0011311305,thm00113113,thm001131,15082026_16k_production_4_seeds_4_sizes,thmedium,2026-09-21T19:46:23+00:00,0.3921,0.3078,0.5909,98,0.1020,0.0816,NOT_KEPT
thm0011311313,thm00113113,thm001131,15082026_16k_production_4_seeds_4_sizes,thmedium,2026-09-21T19:46:23+00:00,0.3903,0.2926,0.5455,98,0.1020,0.0816,NOT_KEPT
thm0011311302,thm00113113,thm001131,15082026_16k_production_4_seeds_4_sizes,thmedium,2026-09-21T19:46:23+00:00,0.3891,0.3015,0.5455,98,0.1020,0.0816,NOT_KEPT
thm0011311314,thm00113113,thm001131,15082026_16k_production_4_seeds_4_sizes,thmedium,2026-09-21T19:46:23+00:00,0.3888,0.3009,0.5455,98,0.1020,0.0816,NOT_KEPT
thm0011311312,thm00113113,thm001131,15082026_16k_production_4_seeds_4_sizes,thmedium,2026-09-21T19:46:23+00:00,0.388,0.2998,0.5455,98,0.1020,0.0816,NOT_KEPT
thm0011311307,thm00113113,thm001131,15082026_16k_production_4_seeds_4_sizes,thmedium,2026-09-21T19:46:23+00:00,0.3837,0.3097,0.5,98,0.1020,0.0816,NOT_KEPT
thm0011311304,thm00113113,thm001131,15082026_16k_production_4_seeds_4_sizes,thmedium,2026-09-21T19:46:23+00:00,0.3817,0.3152,0.5909,98,0.1020,0.0714,NOT_KEPT
thm0011311311,thm00113113,thm001131,15082026_16k_production_4_seeds_4_sizes,thmedium,2026-09-21T19:46:23+00:00,0.3815,0.2899,0.5909,98,0.1020,0.0816,NOT_KEPT
thm0011311301,thm00113113,thm001131,15082026_16k_production_4_seeds_4_sizes,thmedium,2026-09-21T19:46:23+00:00,0.3732,0.2985,0.5,98,0.1020,0.0816,NOT_KEPT
thm0011311309,thm00113113,thm001131,15082026_16k_production_4_seeds_4_sizes,thmedium,2026-09-21T19:46:23+00:00,0.3728,0.289,0.5909,98,0.1020,0.0816,NOT_KEPT
thm0011311308,thm00113113,thm001131,15082026_16k_production_4_seeds_4_sizes,thmedium,2026-09-21T19:46:23+00:00,0.3572,0.2654,0.5909,98,0.1020,0.0816,NOT_KEPT
thm0011311409,thm00113114,thm001131,15082026_16k_production_4_seeds_4_sizes,thmedium,2026-09-21T19:46:23+00:00,0.4087,0.3008,0.6471,98,0.1224,0.0918,KEPT
thm0011311401,thm00113114,thm001131,15082026_16k_production_4_seeds_4_sizes,thmedium,2026-09-21T19:46:23+00:00,0.4075,0.2991,0.5882,98,0.1224,0.0918,KEPT
thm0011311404,thm00113114,thm001131,15082026_16k_production_4_seeds_4_sizes,thmedium,2026-09-21T19:46:23+00:00,0.4055,0.2898,0.5882,98,0.1224,0.0918,KEPT
thm0011311408,thm00113114,thm001131,15082026_16k_production_4_seeds_4_sizes,thmedium,2026-09-21T19:46:23+00:00,0.4012,0.286,0.5882,98,0.1224,0.0918,NOT_KEPT
thm0011311405,thm00113114,thm001131,15082026_16k_production_4_seeds_4_sizes,thmedium,2026-09-21T19:46:23+00:00,0.4,0.2888,0.5882,98,0.1224,0.0918,NOT_KEPT
thm0011311403,thm00113114,thm001131,15082026_16k_production_4_seeds_4_sizes,thmedium,2026-09-21T19:46:23+00:00,0.3973,0.2911,0.5882,98,0.1224,0.0918,NOT_KEPT
thm0011311410,thm00113114,thm001131,15082026_16k_production_4_seeds_4_sizes,thmedium,2026-09-21T19:46:23+00:00,0.3961,0.2929,0.5294,98,0.1224,0.0918,NOT_KEPT
thm0011311411,thm00113114,thm001131,15082026_16k_production_4_seeds_4_sizes,thmedium,2026-09-21T19:46:23+00:00,0.3915,0.2711,0.5294,98,0.1224,0.0918,NOT_KEPT
thm0011311406,thm00113114,thm001131,15082026_16k_production_4_seeds_4_sizes,thmedium,2026-09-21T19:46:23+00:00,0.3912,0.2632,0.6471,98,0.1224,0.0918,NOT_KEPT
thm0011311402,thm00113114,thm001131,15082026_16k_production_4_seeds_4_sizes,thmedium,2026-09-21T19:46:23+00:00,0.3911,0.2756,0.6471,98,0.1224,0.0918,NOT_KEPT
thm0011311414,thm00113114,thm001131,15082026_16k_production_4_seeds_4_sizes,thmedium,2026-09-21T19:46:23+00:00,0.3886,0.2683,0.6471,98,0.1224,0.0918,NOT_KEPT
thm0011311416,thm00113114,thm001131,15082026_16k_production_4_seeds_4_sizes,thmedium,2026-09-21T19:46:23+00:00,0.3824,0.3007,0.5882,98,0.1224,0.0918,NOT_KEPT
thm0011311413,thm00113114,thm001131,15082026_16k_production_4_seeds_4_sizes,thmedium,2026-09-21T19:46:23+00:00,0.3798,0.2644,0.5882,98,0.1224,0.0918,NOT_KEPT
thm0011311412,thm00113114,thm001131,15082026_16k_production_4_seeds_4_sizes,thmedium,2026-09-21T19:46:23+00:00,0.3622,0.2361,0.4706,98,0.1122,0.0918,NOT_KEPT
thm0011311407,thm00113114,thm001131,15082026_16k_production_4_seeds_4_sizes,thmedium,2026-09-21T19:46:23+00:00,0.3601,0.2551,0.4706,98,0.1224,0.0918,NOT_KEPT
thm0011311415,thm00113114,thm001131,15082026_16k_production_4_seeds_4_sizes,thmedium,2026-09-21T19:46:23+00:00,0.3524,0.2296,0.4706,98,0.1122,0.0918,NOT_KEPT
thm0011390001,thm00113900,thm001139,15082026_16k_production_4_seeds_4_sizes,thmedium,2026-09-21T19:46:23+00:00,0.5805,0.5163,0.7222,91,0.0989,0.1099,KEPT
thm0011390008,thm00113900,thm001139,15082026_16k_production_4_seeds_4_sizes,thmedium,2026-09-21T19:46:23+00:00,0.5805,0.5163,0.7222,91,0.0989,0.1099,KEPT
thm0011390009,thm00113900,thm001139,15082026_16k_production_4_seeds_4_sizes,thmedium,2026-09-21T19:46:23+00:00,0.5805,0.5163,0.7222,91,0.0989,0.1099,KEPT
thm0011390014,thm00113900,thm001139,15082026_16k_production_4_seeds_4_sizes,thmedium,2026-09-21T19:46:23+00:00,0.5805,0.5163,0.7222,91,0.0989,0.1099,NOT_KEPT
thm0011390002,thm00113900,thm001139,15082026_16k_production_4_seeds_4_sizes,thmedium,2026-09-21T19:46:23+00:00,0.5523,0.472,0.7778,91,0.0989,0.0989,NOT_KEPT
thm0011390004,thm00113900,thm001139,15082026_16k_production_4_seeds_4_sizes,thmedium,2026-09-21T19:46:23+00:00,0.5523,0.472,0.7778,91,0.0989,0.0989,NOT_KEPT
thm0011390005,thm00113900,thm001139,15082026_16k_production_4_seeds_4_sizes,thmedium,2026-09-21T19:46:23+00:00,0.5523,0.472,0.7778,91,0.0989,0.0989,NOT_KEPT
thm0011390007,thm00113900,thm001139,15082026_16k_production_4_seeds_4_sizes,thmedium,2026-09-21T19:46:23+00:00,0.5523,0.472,0.7778,91,0.0989,0.0989,NOT_KEPT
thm0011390011,thm00113900,thm001139,15082026_16k_production_4_seeds_4_sizes,thmedium,2026-09-21T19:46:23+00:00,0.5523,0.472,0.7778,91,0.0989,0.0989,NOT_KEPT
thm0011390013,thm00113900,thm001139,15082026_16k_production_4_seeds_4_sizes,thmedium,2026-09-21T19:46:23+00:00,0.5523,0.472,0.7778,91,0.0989,0.0989,NOT_KEPT
thm0011390015,thm00113900,thm001139,15082026_16k_production_4_seeds_4_sizes,thmedium,2026-09-21T19:46:23+00:00,0.5523,0.472,0.7778,91,0.0989,0.0989,NOT_KEPT
thm0011390003,thm00113900,thm001139,15082026_16k_production_4_seeds_4_sizes,thmedium,2026-09-21T19:46:23+00:00,0.5434,0.5214,0.6667,91,0.0989,0.1099,NOT_KEPT
thm0011390006,thm00113900,thm001139,15082026_16k_production_4_seeds_4_sizes,thmedium,2026-09-21T19:46:23+00:00,0.5411,0.5147,0.7778,91,0.0989,0.0989,NOT_KEPT
thm0011390012,thm00113900,thm001139,15082026_16k_production_4_seeds_4_sizes,thmedium,2026-09-21T19:46:23+00:00,0.5411,0.5147,0.7778,91,0.0989,0.0989,NOT_KEPT
thm0011390016,thm00113900,thm001139,15082026_16k_production_4_seeds_4_sizes,thmedium,2026-09-21T19:46:23+00:00,0.5411,0.5147,0.7778,91,0.0989,0.0989,NOT_KEPT
thm0011390010,thm00113900,thm001139,15082026_16k_production_4_seeds_4_sizes,thmedium,2026-09-21T19:46:23+00:00,0.5149,0.4706,0.8333,91,0.0989,0.0879,NOT_KEPT
thm0011390716,thm00113907,thm001139,15082026_16k_production_4_seeds_4_sizes,thmedium,2026-09-21T19:46:23+00:00,0.4719,0.4719,0.3529,91,0.0440,0.1099,KEPT
thm0011390703,thm00113907,thm001139,15082026_16k_production_4_seeds_4_sizes,thmedium,2026-09-21T19:46:23+00:00,0.4711,0.4734,0.3529,91,0.0440,0.1099,KEPT
thm0011390707,thm00113907,thm001139,15082026_16k_production_4_seeds_4_sizes,thmedium,2026-09-21T19:46:23+00:00,0.4711,0.4734,0.3529,91,0.0440,0.1099,KEPT
thm0011390705,thm00113907,thm001139,15082026_16k_production_4_seeds_4_sizes,thmedium,2026-09-21T19:46:23+00:00,0.4512,0.4428,0.2941,91,0.0440,0.1099,NOT_KEPT
thm0011390701,thm00113907,thm001139,15082026_16k_production_4_seeds_4_sizes,thmedium,2026-09-21T19:46:23+00:00,0.4504,0.4441,0.4118,91,0.0440,0.1099,NOT_KEPT
thm0011390709,thm00113907,thm001139,15082026_16k_production_4_seeds_4_sizes,thmedium,2026-09-21T19:46:23+00:00,0.449,0.4422,0.2353,91,0.0440,0.1099,NOT_KEPT
thm0011390713,thm00113907,thm001139,15082026_16k_production_4_seeds_4_sizes,thmedium,2026-09-21T19:46:23+00:00,0.449,0.4422,0.2353,91,0.0440,0.1099,NOT_KEPT
thm0011390702,thm00113907,thm001139,15082026_16k_production_4_seeds_4_sizes,thmedium,2026-09-21T19:46:23+00:00,0.448,0.4407,0.2941,91,0.0440,0.1099,NOT_KEPT
thm0011390708,thm00113907,thm001139,15082026_16k_production_4_seeds_4_sizes,thmedium,2026-09-21T19:46:23+00:00,0.4426,0.4333,0.3529,91,0.0440,0.1099,NOT_KEPT
thm0011390712,thm00113907,thm001139,15082026_16k_production_4_seeds_4_sizes,thmedium,2026-09-21T19:46:23+00:00,0.4426,0.4333,0.3529,91,0.0440,0.1099,NOT_KEPT
thm0011390714,thm00113907,thm001139,15082026_16k_production_4_seeds_4_sizes,thmedium,2026-09-21T19:46:23+00:00,0.4233,0.4046,0.3529,91,0.0330,0.1099,NOT_KEPT
thm0011390704,thm00113907,thm001139,15082026_16k_production_4_seeds_4_sizes,thmedium,2026-09-21T19:46:23+00:00,0.423,0.4064,0.3529,91,0.0330,0.1099,NOT_KEPT
thm0011390711,thm00113907,thm001139,15082026_16k_production_4_seeds_4_sizes,thmedium,2026-09-21T19:46:23+00:00,0.4182,0.3998,0.4118,91,0.0330,0.1099,NOT_KEPT
thm0011390715,thm00113907,thm001139,15082026_16k_production_4_seeds_4_sizes,thmedium,2026-09-21T19:46:23+00:00,0.4182,0.3998,0.4118,91,0.0330,0.1099,NOT_KEPT
thm0011390710,thm00113907,thm001139,15082026_16k_production_4_seeds_4_sizes,thmedium,2026-09-21T19:46:23+00:00,0.4149,0.3932,0.3529,91,0.0330,0.1099,NOT_KEPT
thm0011390706,thm00113907,thm001139,15082026_16k_production_4_seeds_4_sizes,thmedium,2026-09-21T19:46:23+00:00,0.4022,0.3782,0.3529,91,0.0330,0.0989,NOT_KEPT
thm0011391416,thm00113914,thm001139,15082026_16k_production_4_seeds_4_sizes,thmedium,2026-09-21T19:46:23+00:00,0.346,0.3187,0.5882,91,0.0659,0.0879,KEPT
thm0011391411,thm00113914,thm001139,15082026_16k_production_4_seeds_4_sizes,thmedium,2026-09-21T19:46:23+00:00,0.3452,0.3181,0.6471,91,0.0659,0.0879,KEPT
thm0011391412,thm00113914,thm001139,15082026_16k_production_4_seeds_4_sizes,thmedium,2026-09-21T19:46:23+00:00,0.3421,0.3175,0.5294,91,0.0659,0.0879,KEPT
thm0011391409,thm00113914,thm001139,15082026_16k_production_4_seeds_4_sizes,thmedium,2026-09-21T19:46:23+00:00,0.3405,0.311,0.5294,91,0.0659,0.0879,NOT_KEPT
thm0011391401,thm00113914,thm001139,15082026_16k_production_4_seeds_4_sizes,thmedium,2026-09-21T19:46:23+00:00,0.335,0.3246,0.4706,91,0.0659,0.0879,NOT_KEPT
thm0011391403,thm00113914,thm001139,15082026_16k_production_4_seeds_4_sizes,thmedium,2026-09-21T19:46:23+00:00,0.3227,0.2983,0.5294,91,0.0549,0.0879,NOT_KEPT
thm0011391405,thm00113914,thm001139,15082026_16k_production_4_seeds_4_sizes,thmedium,2026-09-21T19:46:23+00:00,0.3227,0.2949,0.5294,91,0.0549,0.0879,NOT_KEPT
thm0011391413,thm00113914,thm001139,15082026_16k_production_4_seeds_4_sizes,thmedium,2026-09-21T19:46:23+00:00,0.3212,0.2922,0.5294,91,0.0549,0.0879,NOT_KEPT
thm0011391407,thm00113914,thm001139,15082026_16k_production_4_seeds_4_sizes,thmedium,2026-09-21T19:46:23+00:00,0.3142,0.2857,0.5294,91,0.0549,0.0879,NOT_KEPT
thm0011391402,thm00113914,thm001139,15082026_16k_production_4_seeds_4_sizes,thmedium,2026-09-21T19:46:23+00:00,0.3135,0.2856,0.4706,91,0.0549,0.0879,NOT_KEPT
thm0011391415,thm00113914,thm001139,15082026_16k_production_4_seeds_4_sizes,thmedium,2026-09-21T19:46:23+00:00,0.3108,0.283,0.5294,91,0.0549,0.0879,NOT_KEPT
thm0011391410,thm00113914,thm001139,15082026_16k_production_4_seeds_4_sizes,thmedium,2026-09-21T19:46:23+00:00,0.31,0.2867,0.5294,91,0.0549,0.0879,NOT_KEPT
thm0011391408,thm00113914,thm001139,15082026_16k_production_4_seeds_4_sizes,thmedium,2026-09-21T19:46:23+00:00,0.3049,0.2713,0.4118,91,0.0549,0.0879,NOT_KEPT
thm0011391404,thm00113914,thm001139,15082026_16k_production_4_seeds_4_sizes,thmedium,2026-09-21T19:46:23+00:00,0.3034,0.2828,0.5294,91,0.0549,0.0879,NOT_KEPT
thm0011391406,thm00113914,thm001139,15082026_16k_production_4_seeds_4_sizes,thmedium,2026-09-21T19:46:23+00:00,0.2951,0.2778,0.4118,91,0.0549,0.0879,NOT_KEPT
thm0011391414,thm00113914,thm001139,15082026_16k_production_4_seeds_4_sizes,thmedium,2026-09-21T19:46:23+00:00,0.2806,0.2449,0.5882,91,0.0549,0.0769,NOT_KEPT
thm0011910406,thm00119104,thm001191,15082026_16k_production_4_seeds_4_sizes,thmedium,2026-09-21T19:46:23+00:00,0.3892,0.3377,0.4286,88,0.0682,0.0682,KEPT
thm0011910401,thm00119104,thm001191,15082026_16k_production_4_seeds_4_sizes,thmedium,2026-09-21T19:46:23+00:00,0.3879,0.3358,0.4286,88,0.0682,0.0682,KEPT
thm0011910405,thm00119104,thm001191,15082026_16k_production_4_seeds_4_sizes,thmedium,2026-09-21T19:46:23+00:00,0.3879,0.3358,0.4286,88,0.0682,0.0682,KEPT
thm0011910413,thm00119104,thm001191,15082026_16k_production_4_seeds_4_sizes,thmedium,2026-09-21T19:46:23+00:00,0.3874,0.3344,0.4286,88,0.0682,0.0795,NOT_KEPT
thm0011910411,thm00119104,thm001191,15082026_16k_production_4_seeds_4_sizes,thmedium,2026-09-21T19:46:23+00:00,0.3854,0.335,0.4286,88,0.0682,0.0682,NOT_KEPT
thm0011910409,thm00119104,thm001191,15082026_16k_production_4_seeds_4_sizes,thmedium,2026-09-21T19:46:23+00:00,0.3842,0.3401,0.4286,88,0.0682,0.0682,NOT_KEPT
thm0011910407,thm00119104,thm001191,15082026_16k_production_4_seeds_4_sizes,thmedium,2026-09-21T19:46:23+00:00,0.3829,0.3508,0.4286,88,0.0682,0.0682,NOT_KEPT
thm0011910402,thm00119104,thm001191,15082026_16k_production_4_seeds_4_sizes,thmedium,2026-09-21T19:46:23+00:00,0.377,0.3196,0.4286,88,0.0682,0.0682,NOT_KEPT
thm0011910408,thm00119104,thm001191,15082026_16k_production_4_seeds_4_sizes,thmedium,2026-09-21T19:46:23+00:00,0.377,0.3196,0.4286,88,0.0682,0.0682,NOT_KEPT
thm0011910415,thm00119104,thm001191,15082026_16k_production_4_seeds_4_sizes,thmedium,2026-09-21T19:46:23+00:00,0.3757,0.313,0.4286,88,0.0682,0.0682,NOT_KEPT
thm0011910412,thm00119104,thm001191,15082026_16k_production_4_seeds_4_sizes,thmedium,2026-09-21T19:46:23+00:00,0.3709,0.3492,0.4286,88,0.0682,0.0682,NOT_KEPT
thm0011910410,thm00119104,thm001191,15082026_16k_production_4_seeds_4_sizes,thmedium,2026-09-21T19:46:23+00:00,0.3698,0.3065,0.4286,88,0.0682,0.0682,NOT_KEPT
thm0011910414,thm00119104,thm001191,15082026_16k_production_4_seeds_4_sizes,thmedium,2026-09-21T19:46:23+00:00,0.3676,0.3093,0.4286,88,0.0682,0.0682,NOT_KEPT
thm0011910403,thm00119104,thm001191,15082026_16k_production_4_seeds_4_sizes,thmedium,2026-09-21T19:46:23+00:00,0.3625,0.2903,0.4286,88,0.0682,0.0682,NOT_KEPT
thm0011910416,thm00119104,thm001191,15082026_16k_production_4_seeds_4_sizes,thmedium,2026-09-21T19:46:23+00:00,0.3624,0.3222,0.4286,88,0.0682,0.0682,NOT_KEPT
thm0011910404,thm00119104,thm001191,15082026_16k_production_4_seeds_4_sizes,thmedium,2026-09-21T19:46:23+00:00,0.3559,0.2822,0.4286,88,0.0682,0.0682,NOT_KEPT
thm0012690509,thm00126905,thm001269,15082026_16k_production_4_seeds_4_sizes,thmedium,2026-09-21T19:46:23+00:00,0.2913,0.3084,0.6875,90,0.0556,0.0778,KEPT
thm0012690512,thm00126905,thm001269,15082026_16k_production_4_seeds_4_sizes,thmedium,2026-09-21T19:46:23+00:00,0.2797,0.2968,0.6875,90,0.0444,0.0889,KEPT
thm0012690503,thm00126905,thm001269,15082026_16k_production_4_seeds_4_sizes,thmedium,2026-09-21T19:46:23+00:00,0.2792,0.2946,0.75,90,0.0444,0.0778,KEPT
thm0012690504,thm00126905,thm001269,15082026_16k_production_4_seeds_4_sizes,thmedium,2026-09-21T19:46:23+00:00,0.2792,0.2946,0.75,90,0.0444,0.0778,NOT_KEPT
thm0012690505,thm00126905,thm001269,15082026_16k_production_4_seeds_4_sizes,thmedium,2026-09-21T19:46:23+00:00,0.2792,0.2946,0.75,90,0.0444,0.0778,NOT_KEPT
thm0012690513,thm00126905,thm001269,15082026_16k_production_4_seeds_4_sizes,thmedium,2026-09-21T19:46:23+00:00,0.2792,0.2946,0.75,90,0.0444,0.0778,NOT_KEPT
thm0012690514,thm00126905,thm001269,15082026_16k_production_4_seeds_4_sizes,thmedium,2026-09-21T19:46:23+00:00,0.2792,0.2946,0.75,90,0.0444,0.0778,NOT_KEPT
thm0012690516,thm00126905,thm001269,15082026_16k_production_4_seeds_4_sizes,thmedium,2026-09-21T19:46:23+00:00,0.2792,0.2946,0.75,90,0.0444,0.0778,NOT_KEPT
thm0012690506,thm00126905,thm001269,15082026_16k_production_4_seeds_4_sizes,thmedium,2026-09-21T19:46:23+00:00,0.2777,0.286,0.8125,90,0.0444,0.0778,NOT_KEPT
thm0012690510,thm00126905,thm001269,15082026_16k_production_4_seeds_4_sizes,thmedium,2026-09-21T19:46:23+00:00,0.2698,0.2801,0.6875,90,0.0444,0.0778,NOT_KEPT
thm0012690502,thm00126905,thm001269,15082026_16k_production_4_seeds_4_sizes,thmedium,2026-09-21T19:46:23+00:00,0.2697,0.2815,0.625,90,0.0444,0.0889,NOT_KEPT
thm0012690515,thm00126905,thm001269,15082026_16k_production_4_seeds_4_sizes,thmedium,2026-09-21T19:46:23+00:00,0.2639,0.2665,0.75,90,0.0444,0.0778,NOT_KEPT
thm0012690507,thm00126905,thm001269,15082026_16k_production_4_seeds_4_sizes,thmedium,2026-09-21T19:46:23+00:00,0.2597,0.2703,0.75,90,0.0444,0.0778,NOT_KEPT
thm0012690501,thm00126905,thm001269,15082026_16k_production_4_seeds_4_sizes,thmedium,2026-09-21T19:46:23+00:00,0.2583,0.2778,0.6875,90,0.0444,0.0778,NOT_KEPT
thm0012690511,thm00126905,thm001269,15082026_16k_production_4_seeds_4_sizes,thmedium,2026-09-21T19:46:23+00:00,0.2537,0.2662,0.6875,90,0.0444,0.0778,NOT_KEPT
thm0012690508,thm00126905,thm001269,15082026_16k_production_4_seeds_4_sizes,thmedium,2026-09-21T19:46:23+00:00,0.2484,0.2632,0.5625,90,0.0444,0.0889,NOT_KEPT
thm0014360709,thm00143607,thm001436,15082026_16k_production_4_seeds_4_sizes,thmedium,2026-09-21T19:46:23+00:00,0.4115,0.2754,0.5263,96,0.1250,0.0521,KEPT
thm0014360701,thm00143607,thm001436,15082026_16k_production_4_seeds_4_sizes,thmedium,2026-09-21T19:46:23+00:00,0.4046,0.263,0.5263,96,0.1250,0.0521,KEPT
thm0014360703,thm00143607,thm001436,15082026_16k_production_4_seeds_4_sizes,thmedium,2026-09-21T19:46:23+00:00,0.4004,0.2628,0.4737,96,0.1250,0.0521,KEPT
thm0014360712,thm00143607,thm001436,15082026_16k_production_4_seeds_4_sizes,thmedium,2026-09-21T19:46:23+00:00,0.3981,0.2941,0.4737,96,0.1146,0.0625,NOT_KEPT
thm0014360704,thm00143607,thm001436,15082026_16k_production_4_seeds_4_sizes,thmedium,2026-09-21T19:46:23+00:00,0.3965,0.2737,0.5789,96,0.1146,0.0521,NOT_KEPT
thm0014360705,thm00143607,thm001436,15082026_16k_production_4_seeds_4_sizes,thmedium,2026-09-21T19:46:23+00:00,0.3965,0.2737,0.5789,96,0.1146,0.0521,NOT_KEPT
thm0014360716,thm00143607,thm001436,15082026_16k_production_4_seeds_4_sizes,thmedium,2026-09-21T19:46:23+00:00,0.3862,0.2734,0.5263,96,0.1146,0.0521,NOT_KEPT
thm0014360714,thm00143607,thm001436,15082026_16k_production_4_seeds_4_sizes,thmedium,2026-09-21T19:46:23+00:00,0.3841,0.2627,0.5789,96,0.1042,0.0625,NOT_KEPT
thm0014360708,thm00143607,thm001436,15082026_16k_production_4_seeds_4_sizes,thmedium,2026-09-21T19:46:23+00:00,0.3826,0.2518,0.5263,96,0.1146,0.0521,NOT_KEPT
thm0014360713,thm00143607,thm001436,15082026_16k_production_4_seeds_4_sizes,thmedium,2026-09-21T19:46:23+00:00,0.3814,0.2589,0.5789,96,0.1042,0.0625,NOT_KEPT
thm0014360715,thm00143607,thm001436,15082026_16k_production_4_seeds_4_sizes,thmedium,2026-09-21T19:46:23+00:00,0.3807,0.2621,0.5263,96,0.1042,0.0625,NOT_KEPT
thm0014360707,thm00143607,thm001436,15082026_16k_production_4_seeds_4_sizes,thmedium,2026-09-21T19:46:23+00:00,0.3795,0.2536,0.5263,96,0.1250,0.0521,NOT_KEPT
thm0014360702,thm00143607,thm001436,15082026_16k_production_4_seeds_4_sizes,thmedium,2026-09-21T19:46:23+00:00,0.3701,0.2719,0.5789,96,0.1042,0.0521,NOT_KEPT
thm0014360711,thm00143607,thm001436,15082026_16k_production_4_seeds_4_sizes,thmedium,2026-09-21T19:46:23+00:00,0.3686,0.2713,0.5263,96,0.1042,0.0521,NOT_KEPT
thm0014360706,thm00143607,thm001436,15082026_16k_production_4_seeds_4_sizes,thmedium,2026-09-21T19:46:23+00:00,0.3645,0.2639,0.5263,96,0.1042,0.0521,NOT_KEPT
thm0014360710,thm00143607,thm001436,15082026_16k_production_4_seeds_4_sizes,thmedium,2026-09-21T19:46:23+00:00,0.3645,0.273,0.5263,96,0.1042,0.0521,NOT_KEPT
thm0014361406,thm00143614,thm001436,15082026_16k_production_4_seeds_4_sizes,thmedium,2026-09-21T19:46:23+00:00,0.3702,0.5414,0.6,96,0.0833,0.0729,KEPT
thm0014361401,thm00143614,thm001436,15082026_16k_production_4_seeds_4_sizes,thmedium,2026-09-21T19:46:23+00:00,0.3575,0.4804,0.7333,96,0.0833,0.0729,KEPT
thm0014361409,thm00143614,thm001436,15082026_16k_production_4_seeds_4_sizes,thmedium,2026-09-21T19:46:23+00:00,0.3575,0.4804,0.7333,96,0.0833,0.0729,KEPT
thm0014361411,thm00143614,thm001436,15082026_16k_production_4_seeds_4_sizes,thmedium,2026-09-21T19:46:23+00:00,0.3575,0.4804,0.7333,96,0.0833,0.0729,NOT_KEPT
thm0014361412,thm00143614,thm001436,15082026_16k_production_4_seeds_4_sizes,thmedium,2026-09-21T19:46:23+00:00,0.3575,0.4804,0.7333,96,0.0833,0.0729,NOT_KEPT
thm0014361408,thm00143614,thm001436,15082026_16k_production_4_seeds_4_sizes,thmedium,2026-09-21T19:46:23+00:00,0.357,0.4862,0.6667,96,0.0833,0.0729,NOT_KEPT
thm0014361415,thm00143614,thm001436,15082026_16k_production_4_seeds_4_sizes,thmedium,2026-09-21T19:46:23+00:00,0.3568,0.5335,0.6,96,0.0833,0.0729,NOT_KEPT
thm0014361403,thm00143614,thm001436,15082026_16k_production_4_seeds_4_sizes,thmedium,2026-09-21T19:46:23+00:00,0.3471,0.55,0.6,96,0.0833,0.0625,NOT_KEPT
thm0014361416,thm00143614,thm001436,15082026_16k_production_4_seeds_4_sizes,thmedium,2026-09-21T19:46:23+00:00,0.3471,0.55,0.6,96,0.0833,0.0625,NOT_KEPT
thm0014361402,thm00143614,thm001436,15082026_16k_production_4_seeds_4_sizes,thmedium,2026-09-21T19:46:23+00:00,0.3467,0.5571,0.5333,96,0.0833,0.0625,NOT_KEPT
thm0014361404,thm00143614,thm001436,15082026_16k_production_4_seeds_4_sizes,thmedium,2026-09-21T19:46:23+00:00,0.3454,0.4532,0.6667,96,0.0833,0.0729,NOT_KEPT
thm0014361413,thm00143614,thm001436,15082026_16k_production_4_seeds_4_sizes,thmedium,2026-09-21T19:46:23+00:00,0.3434,0.5421,0.5333,96,0.0833,0.0729,NOT_KEPT
thm0014361405,thm00143614,thm001436,15082026_16k_production_4_seeds_4_sizes,thmedium,2026-09-21T19:46:23+00:00,0.3283,0.4842,0.6667,96,0.0833,0.0625,NOT_KEPT
thm0014361407,thm00143614,thm001436,15082026_16k_production_4_seeds_4_sizes,thmedium,2026-09-21T19:46:23+00:00,0.3282,0.4781,0.7333,96,0.0833,0.0625,NOT_KEPT
thm0014361414,thm00143614,thm001436,15082026_16k_production_4_seeds_4_sizes,thmedium,2026-09-21T19:46:23+00:00,0.3204,0.4821,0.6667,96,0.0833,0.0625,NOT_KEPT
thm0014361410,thm00143614,thm001436,15082026_16k_production_4_seeds_4_sizes,thmedium,2026-09-21T19:46:23+00:00,0.3185,0.4891,0.6,96,0.0833,0.0625,NOT_KEPT
thm0016630506,thm00166305,thm001663,15082026_16k_production_4_seeds_4_sizes,thmedium,2026-09-21T19:46:23+00:00,0.3581,0.4267,0.5455,80,0.0625,0.0375,KEPT
thm0016630507,thm00166305,thm001663,15082026_16k_production_4_seeds_4_sizes,thmedium,2026-09-21T19:46:23+00:00,0.3581,0.4267,0.5455,80,0.0625,0.0375,KEPT
thm0016630509,thm00166305,thm001663,15082026_16k_production_4_seeds_4_sizes,thmedium,2026-09-21T19:46:23+00:00,0.3581,0.4267,0.5455,80,0.0625,0.0375,KEPT
thm0016630511,thm00166305,thm001663,15082026_16k_production_4_seeds_4_sizes,thmedium,2026-09-21T19:46:23+00:00,0.3581,0.4267,0.5455,80,0.0625,0.0375,NOT_KEPT
thm0016630505,thm00166305,thm001663,15082026_16k_production_4_seeds_4_sizes,thmedium,2026-09-21T19:46:23+00:00,0.3447,0.3893,0.6364,80,0.0625,0.0375,NOT_KEPT
thm0016630512,thm00166305,thm001663,15082026_16k_production_4_seeds_4_sizes,thmedium,2026-09-21T19:46:23+00:00,0.3439,0.4088,0.5455,80,0.0625,0.0375,NOT_KEPT
thm0016630502,thm00166305,thm001663,15082026_16k_production_4_seeds_4_sizes,thmedium,2026-09-21T19:46:23+00:00,0.3407,0.4243,0.3636,80,0.0625,0.0375,NOT_KEPT
thm0016630510,thm00166305,thm001663,15082026_16k_production_4_seeds_4_sizes,thmedium,2026-09-21T19:46:23+00:00,0.3404,0.4267,0.5455,80,0.0625,0.0375,NOT_KEPT
thm0016630514,thm00166305,thm001663,15082026_16k_production_4_seeds_4_sizes,thmedium,2026-09-21T19:46:23+00:00,0.3385,0.4071,0.4545,80,0.0625,0.0375,NOT_KEPT
thm0016630501,thm00166305,thm001663,15082026_16k_production_4_seeds_4_sizes,thmedium,2026-09-21T19:46:23+00:00,0.3378,0.388,0.5455,80,0.0625,0.0375,NOT_KEPT
thm0016630504,thm00166305,thm001663,15082026_16k_production_4_seeds_4_sizes,thmedium,2026-09-21T19:46:23+00:00,0.3378,0.388,0.5455,80,0.0625,0.0375,NOT_KEPT
thm0016630515,thm00166305,thm001663,15082026_16k_production_4_seeds_4_sizes,thmedium,2026-09-21T19:46:23+00:00,0.3275,0.4095,0.4545,80,0.0625,0.0375,NOT_KEPT
thm0016630516,thm00166305,thm001663,15082026_16k_production_4_seeds_4_sizes,thmedium,2026-09-21T19:46:23+00:00,0.3267,0.3873,0.4545,80,0.0625,0.0375,NOT_KEPT
thm0016630513,thm00166305,thm001663,15082026_16k_production_4_seeds_4_sizes,thmedium,2026-09-21T19:46:23+00:00,0.3198,0.4071,0.4545,80,0.0625,0.0375,NOT_KEPT
thm0016630508,thm00166305,thm001663,15082026_16k_production_4_seeds_4_sizes,thmedium,2026-09-21T19:46:23+00:00,0.307,0.4216,0.3636,80,0.0625,0.0375,NOT_KEPT
thm0016630503,thm00166305,thm001663,15082026_16k_production_4_seeds_4_sizes,thmedium,2026-09-21T19:46:23+00:00,0.2767,0.2916,0.4545,80,0.0625,0.0375,NOT_KEPT
thm0016631401,thm00166314,thm001663,15082026_16k_production_4_seeds_4_sizes,thmedium,2026-09-21T19:46:23+00:00,0.3283,0.3133,0.7273,80,0.0625,0.0750,KEPT
thm0016631414,thm00166314,thm001663,15082026_16k_production_4_seeds_4_sizes,thmedium,2026-09-21T19:46:23+00:00,0.3247,0.2966,0.5455,80,0.0500,0.0750,KEPT
thm0016631406,thm00166314,thm001663,15082026_16k_production_4_seeds_4_sizes,thmedium,2026-09-21T19:46:23+00:00,0.319,0.3133,0.7273,80,0.0500,0.0750,KEPT
thm0016631407,thm00166314,thm001663,15082026_16k_production_4_seeds_4_sizes,thmedium,2026-09-21T19:46:23+00:00,0.319,0.3133,0.7273,80,0.0500,0.0750,NOT_KEPT
thm0016631411,thm00166314,thm001663,15082026_16k_production_4_seeds_4_sizes,thmedium,2026-09-21T19:46:23+00:00,0.3167,0.2966,0.5455,80,0.0500,0.0750,NOT_KEPT
thm0016631412,thm00166314,thm001663,15082026_16k_production_4_seeds_4_sizes,thmedium,2026-09-21T19:46:23+00:00,0.3155,0.2888,0.5455,80,0.0500,0.0750,NOT_KEPT
thm0016631402,thm00166314,thm001663,15082026_16k_production_4_seeds_4_sizes,thmedium,2026-09-21T19:46:23+00:00,0.313,0.2986,0.6364,80,0.0500,0.0750,NOT_KEPT
thm0016631408,thm00166314,thm001663,15082026_16k_production_4_seeds_4_sizes,thmedium,2026-09-21T19:46:23+00:00,0.313,0.2986,0.6364,80,0.0500,0.0750,NOT_KEPT
thm0016631409,thm00166314,thm001663,15082026_16k_production_4_seeds_4_sizes,thmedium,2026-09-21T19:46:23+00:00,0.313,0.2986,0.6364,80,0.0500,0.0750,NOT_KEPT
thm0016631413,thm00166314,thm001663,15082026_16k_production_4_seeds_4_sizes,thmedium,2026-09-21T19:46:23+00:00,0.313,0.2986,0.6364,80,0.0500,0.0750,NOT_KEPT
thm0016631405,thm00166314,thm001663,15082026_16k_production_4_seeds_4_sizes,thmedium,2026-09-21T19:46:23+00:00,0.3045,0.2845,0.6364,80,0.0500,0.0750,NOT_KEPT
thm0016631410,thm00166314,thm001663,15082026_16k_production_4_seeds_4_sizes,thmedium,2026-09-21T19:46:23+00:00,0.302,0.2986,0.6364,80,0.0500,0.0750,NOT_KEPT
thm0016631415,thm00166314,thm001663,15082026_16k_production_4_seeds_4_sizes,thmedium,2026-09-21T19:46:23+00:00,0.3011,0.2783,0.6364,80,0.0500,0.0750,NOT_KEPT
thm0016631416,thm00166314,thm001663,15082026_16k_production_4_seeds_4_sizes,thmedium,2026-09-21T19:46:23+00:00,0.292,0.3133,0.8182,80,0.0500,0.0750,NOT_KEPT
thm0016631403,thm00166314,thm001663,15082026_16k_production_4_seeds_4_sizes,thmedium,2026-09-21T19:46:23+00:00,0.2867,0.2986,0.7273,80,0.0500,0.0750,NOT_KEPT
thm0016631404,thm00166314,thm001663,15082026_16k_production_4_seeds_4_sizes,thmedium,2026-09-21T19:46:23+00:00,0.2817,0.2436,0.5455,80,0.0500,0.0750,NOT_KEPT
thm0016760603,thm00167606,thm001676,15082026_16k_production_4_seeds_4_sizes,thmedium,2026-09-21T19:46:23+00:00,0.4565,0.3521,0.7,89,0.1461,0.0449,KEPT
thm0016760604,thm00167606,thm001676,15082026_16k_production_4_seeds_4_sizes,thmedium,2026-09-21T19:46:23+00:00,0.4565,0.3521,0.7,89,0.1461,0.0449,KEPT
thm0016760605,thm00167606,thm001676,15082026_16k_production_4_seeds_4_sizes,thmedium,2026-09-21T19:46:23+00:00,0.4565,0.3521,0.7,89,0.1461,0.0449,KEPT
thm0016760606,thm00167606,thm001676,15082026_16k_production_4_seeds_4_sizes,thmedium,2026-09-21T19:46:23+00:00,0.4565,0.3521,0.7,89,0.1461,0.0449,NOT_KEPT
thm0016760607,thm00167606,thm001676,15082026_16k_production_4_seeds_4_sizes,thmedium,2026-09-21T19:46:23+00:00,0.4565,0.3521,0.7,89,0.1461,0.0449,NOT_KEPT
thm0016760608,thm00167606,thm001676,15082026_16k_production_4_seeds_4_sizes,thmedium,2026-09-21T19:46:23+00:00,0.4565,0.3521,0.7,89,0.1461,0.0449,NOT_KEPT
thm0016760609,thm00167606,thm001676,15082026_16k_production_4_seeds_4_sizes,thmedium,2026-09-21T19:46:23+00:00,0.4565,0.3521,0.7,89,0.1461,0.0449,NOT_KEPT
thm0016760610,thm00167606,thm001676,15082026_16k_production_4_seeds_4_sizes,thmedium,2026-09-21T19:46:23+00:00,0.4565,0.3521,0.7,89,0.1461,0.0449,NOT_KEPT
thm0016760611,thm00167606,thm001676,15082026_16k_production_4_seeds_4_sizes,thmedium,2026-09-21T19:46:23+00:00,0.4565,0.3521,0.7,89,0.1461,0.0449,NOT_KEPT
thm0016760612,thm00167606,thm001676,15082026_16k_production_4_seeds_4_sizes,thmedium,2026-09-21T19:46:23+00:00,0.4565,0.3521,0.7,89,0.1461,0.0449,NOT_KEPT
thm0016760613,thm00167606,thm001676,15082026_16k_production_4_seeds_4_sizes,thmedium,2026-09-21T19:46:23+00:00,0.4565,0.3521,0.7,89,0.1461,0.0449,NOT_KEPT
thm0016760614,thm00167606,thm001676,15082026_16k_production_4_seeds_4_sizes,thmedium,2026-09-21T19:46:23+00:00,0.4565,0.3521,0.7,89,0.1461,0.0449,NOT_KEPT
thm0016760615,thm00167606,thm001676,15082026_16k_production_4_seeds_4_sizes,thmedium,2026-09-21T19:46:23+00:00,0.4565,0.3521,0.7,89,0.1461,0.0449,NOT_KEPT
thm0016760616,thm00167606,thm001676,15082026_16k_production_4_seeds_4_sizes,thmedium,2026-09-21T19:46:23+00:00,0.4565,0.3521,0.7,89,0.1461,0.0449,NOT_KEPT
thm0016760602,thm00167606,thm001676,15082026_16k_production_4_seeds_4_sizes,thmedium,2026-09-21T19:46:23+00:00,0.4501,0.3405,0.7,89,0.1461,0.0449,NOT_KEPT
thm0016760601,thm00167606,thm001676,15082026_16k_production_4_seeds_4_sizes,thmedium,2026-09-21T19:46:23+00:00,0.4243,0.3381,0.5,89,0.1461,0.0449,NOT_KEPT
thm0016940211,thm00169402,thm001694,15082026_16k_production_4_seeds_4_sizes,thmedium,2026-09-21T19:46:23+00:00,0.4321,0.4268,0.6216,91,0.0549,0.1758,KEPT
thm0016940207,thm00169402,thm001694,15082026_16k_production_4_seeds_4_sizes,thmedium,2026-09-21T19:46:23+00:00,0.4244,0.4091,0.5405,91,0.0549,0.1648,KEPT
thm0016940204,thm00169402,thm001694,15082026_16k_production_4_seeds_4_sizes,thmedium,2026-09-21T19:46:23+00:00,0.4242,0.4174,0.5946,91,0.0549,0.1648,KEPT
thm0016940205,thm00169402,thm001694,15082026_16k_production_4_seeds_4_sizes,thmedium,2026-09-21T19:46:23+00:00,0.4233,0.4085,0.5405,91,0.0549,0.1648,NOT_KEPT
thm0016940214,thm00169402,thm001694,15082026_16k_production_4_seeds_4_sizes,thmedium,2026-09-21T19:46:23+00:00,0.422,0.4127,0.5405,91,0.0549,0.1648,NOT_KEPT
thm0016940215,thm00169402,thm001694,15082026_16k_production_4_seeds_4_sizes,thmedium,2026-09-21T19:46:23+00:00,0.4218,0.4157,0.5946,91,0.0549,0.1648,NOT_KEPT
thm0016940210,thm00169402,thm001694,15082026_16k_production_4_seeds_4_sizes,thmedium,2026-09-21T19:46:23+00:00,0.4189,0.4104,0.5946,91,0.0549,0.1648,NOT_KEPT
thm0016940209,thm00169402,thm001694,15082026_16k_production_4_seeds_4_sizes,thmedium,2026-09-21T19:46:23+00:00,0.4188,0.4092,0.6486,91,0.0549,0.1648,NOT_KEPT
thm0016940203,thm00169402,thm001694,15082026_16k_production_4_seeds_4_sizes,thmedium,2026-09-21T19:46:23+00:00,0.4145,0.4081,0.6757,91,0.0549,0.1648,NOT_KEPT
thm0016940216,thm00169402,thm001694,15082026_16k_production_4_seeds_4_sizes,thmedium,2026-09-21T19:46:23+00:00,0.4064,0.3943,0.6216,91,0.0549,0.1648,NOT_KEPT
thm0016940202,thm00169402,thm001694,15082026_16k_production_4_seeds_4_sizes,thmedium,2026-09-21T19:46:23+00:00,0.4052,0.3823,0.5135,91,0.0659,0.1538,NOT_KEPT
thm0016940206,thm00169402,thm001694,15082026_16k_production_4_seeds_4_sizes,thmedium,2026-09-21T19:46:23+00:00,0.405,0.3904,0.5405,91,0.0549,0.1648,NOT_KEPT
thm0016940201,thm00169402,thm001694,15082026_16k_production_4_seeds_4_sizes,thmedium,2026-09-21T19:46:23+00:00,0.4028,0.4017,0.5405,91,0.0549,0.1648,NOT_KEPT
thm0016940212,thm00169402,thm001694,15082026_16k_production_4_seeds_4_sizes,thmedium,2026-09-21T19:46:23+00:00,0.4013,0.3857,0.5946,91,0.0549,0.1648,NOT_KEPT
thm0016940213,thm00169402,thm001694,15082026_16k_production_4_seeds_4_sizes,thmedium,2026-09-21T19:46:23+00:00,0.4009,0.3905,0.5946,91,0.0549,0.1648,NOT_KEPT
thm0016940208,thm00169402,thm001694,15082026_16k_production_4_seeds_4_sizes,thmedium,2026-09-21T19:46:23+00:00,0.4006,0.3849,0.5946,91,0.0549,0.1648,NOT_KEPT
thm0017361015,thm00173610,thm001736,15082026_16k_production_4_seeds_4_sizes,thmedium,2026-09-21T19:46:23+00:00,0.3504,0.3881,0.5333,90,0.0444,0.1333,KEPT
thm0017361014,thm00173610,thm001736,15082026_16k_production_4_seeds_4_sizes,thmedium,2026-09-21T19:46:23+00:00,0.3488,0.4053,0.4,90,0.0444,0.1333,KEPT
thm0017361006,thm00173610,thm001736,15082026_16k_production_4_seeds_4_sizes,thmedium,2026-09-21T19:46:23+00:00,0.3425,0.3911,0.4667,90,0.0444,0.1222,KEPT
thm0017361007,thm00173610,thm001736,15082026_16k_production_4_seeds_4_sizes,thmedium,2026-09-21T19:46:23+00:00,0.3424,0.3909,0.5333,90,0.0444,0.1222,NOT_KEPT
thm0017361008,thm00173610,thm001736,15082026_16k_production_4_seeds_4_sizes,thmedium,2026-09-21T19:46:23+00:00,0.3424,0.3909,0.5333,90,0.0444,0.1222,NOT_KEPT
thm0017361013,thm00173610,thm001736,15082026_16k_production_4_seeds_4_sizes,thmedium,2026-09-21T19:46:23+00:00,0.3424,0.3909,0.5333,90,0.0444,0.1222,NOT_KEPT
thm0017361009,thm00173610,thm001736,15082026_16k_production_4_seeds_4_sizes,thmedium,2026-09-21T19:46:23+00:00,0.3404,0.4074,0.3333,90,0.0444,0.1222,NOT_KEPT
thm0017361002,thm00173610,thm001736,15082026_16k_production_4_seeds_4_sizes,thmedium,2026-09-21T19:46:23+00:00,0.3391,0.3898,0.5333,90,0.0444,0.1222,NOT_KEPT
thm0017361004,thm00173610,thm001736,15082026_16k_production_4_seeds_4_sizes,thmedium,2026-09-21T19:46:23+00:00,0.3391,0.3898,0.5333,90,0.0444,0.1222,NOT_KEPT
thm0017361003,thm00173610,thm001736,15082026_16k_production_4_seeds_4_sizes,thmedium,2026-09-21T19:46:23+00:00,0.3385,0.3884,0.4667,90,0.0444,0.1222,NOT_KEPT
thm0017361010,thm00173610,thm001736,15082026_16k_production_4_seeds_4_sizes,thmedium,2026-09-21T19:46:23+00:00,0.3385,0.3884,0.4667,90,0.0444,0.1222,NOT_KEPT
thm0017361012,thm00173610,thm001736,15082026_16k_production_4_seeds_4_sizes,thmedium,2026-09-21T19:46:23+00:00,0.3385,0.3884,0.4667,90,0.0444,0.1222,NOT_KEPT
thm0017361001,thm00173610,thm001736,15082026_16k_production_4_seeds_4_sizes,thmedium,2026-09-21T19:46:23+00:00,0.331,0.3699,0.4667,90,0.0444,0.1222,NOT_KEPT
thm0017361005,thm00173610,thm001736,15082026_16k_production_4_seeds_4_sizes,thmedium,2026-09-21T19:46:23+00:00,0.3273,0.3624,0.5333,90,0.0444,0.1222,NOT_KEPT
thm0017361011,thm00173610,thm001736,15082026_16k_production_4_seeds_4_sizes,thmedium,2026-09-21T19:46:23+00:00,0.3273,0.3624,0.5333,90,0.0444,0.1222,NOT_KEPT
thm0017361016,thm00173610,thm001736,15082026_16k_production_4_seeds_4_sizes,thmedium,2026-09-21T19:46:23+00:00,0.3256,0.358,0.5333,90,0.0444,0.1222,NOT_KEPT
thm0017361304,thm00173613,thm001736,15082026_16k_production_4_seeds_4_sizes,thmedium,2026-09-21T19:46:23+00:00,0.3527,0.3087,0.6471,90,0.0556,0.1111,KEPT
thm0017361309,thm00173613,thm001736,15082026_16k_production_4_seeds_4_sizes,thmedium,2026-09-21T19:46:23+00:00,0.3527,0.3087,0.6471,90,0.0556,0.1111,KEPT
thm0017361311,thm00173613,thm001736,15082026_16k_production_4_seeds_4_sizes,thmedium,2026-09-21T19:46:23+00:00,0.3527,0.3087,0.6471,90,0.0556,0.1111,KEPT
thm0017361313,thm00173613,thm001736,15082026_16k_production_4_seeds_4_sizes,thmedium,2026-09-21T19:46:23+00:00,0.3513,0.306,0.4706,90,0.0556,0.1222,NOT_KEPT
thm0017361316,thm00173613,thm001736,15082026_16k_production_4_seeds_4_sizes,thmedium,2026-09-21T19:46:23+00:00,0.3513,0.306,0.4706,90,0.0556,0.1222,NOT_KEPT
thm0017361305,thm00173613,thm001736,15082026_16k_production_4_seeds_4_sizes,thmedium,2026-09-21T19:46:23+00:00,0.35,0.3043,0.7059,90,0.0556,0.1111,NOT_KEPT
thm0017361312,thm00173613,thm001736,15082026_16k_production_4_seeds_4_sizes,thmedium,2026-09-21T19:46:23+00:00,0.3464,0.2987,0.6471,90,0.0556,0.1111,NOT_KEPT
thm0017361308,thm00173613,thm001736,15082026_16k_production_4_seeds_4_sizes,thmedium,2026-09-21T19:46:23+00:00,0.346,0.2981,0.6471,90,0.0556,0.1111,NOT_KEPT
thm0017361315,thm00173613,thm001736,15082026_16k_production_4_seeds_4_sizes,thmedium,2026-09-21T19:46:23+00:00,0.3451,0.2984,0.4118,90,0.0556,0.1222,NOT_KEPT
thm0017361306,thm00173613,thm001736,15082026_16k_production_4_seeds_4_sizes,thmedium,2026-09-21T19:46:23+00:00,0.3434,0.2962,0.6471,90,0.0556,0.1111,NOT_KEPT
thm0017361310,thm00173613,thm001736,15082026_16k_production_4_seeds_4_sizes,thmedium,2026-09-21T19:46:23+00:00,0.3434,0.2962,0.6471,90,0.0556,0.1111,NOT_KEPT
thm0017361302,thm00173613,thm001736,15082026_16k_production_4_seeds_4_sizes,thmedium,2026-09-21T19:46:23+00:00,0.3364,0.2874,0.7059,90,0.0556,0.1111,NOT_KEPT
thm0017361307,thm00173613,thm001736,15082026_16k_production_4_seeds_4_sizes,thmedium,2026-09-21T19:46:23+00:00,0.3239,0.2976,0.3529,90,0.0556,0.1222,NOT_KEPT
thm0017361301,thm00173613,thm001736,15082026_16k_production_4_seeds_4_sizes,thmedium,2026-09-21T19:46:23+00:00,0.3211,0.2693,0.6471,90,0.0556,0.1000,NOT_KEPT
thm0017361314,thm00173613,thm001736,15082026_16k_production_4_seeds_4_sizes,thmedium,2026-09-21T19:46:23+00:00,0.315,0.2753,0.4118,90,0.0556,0.1111,NOT_KEPT
thm0017361303,thm00173613,thm001736,15082026_16k_production_4_seeds_4_sizes,thmedium,2026-09-21T19:46:23+00:00,0.3092,0.2545,0.5882,90,0.0556,0.1111,NOT_KEPT
thm0018460104,thm00184601,thm001846,15082026_16k_production_4_seeds_4_sizes,thmedium,2026-09-21T19:46:23+00:00,0.4691,0.4011,0.5714,85,0.0471,0.0588,KEPT
thm0018460105,thm00184601,thm001846,15082026_16k_production_4_seeds_4_sizes,thmedium,2026-09-21T19:46:23+00:00,0.4691,0.4011,0.5714,85,0.0471,0.0588,KEPT
thm0018460106,thm00184601,thm001846,15082026_16k_production_4_seeds_4_sizes,thmedium,2026-09-21T19:46:23+00:00,0.4691,0.4011,0.5714,85,0.0471,0.0588,KEPT
thm0018460108,thm00184601,thm001846,15082026_16k_production_4_seeds_4_sizes,thmedium,2026-09-21T19:46:23+00:00,0.4691,0.4011,0.5714,85,0.0471,0.0588,NOT_KEPT
thm0018460110,thm00184601,thm001846,15082026_16k_production_4_seeds_4_sizes,thmedium,2026-09-21T19:46:23+00:00,0.4691,0.4011,0.5714,85,0.0471,0.0588,NOT_KEPT
thm0018460111,thm00184601,thm001846,15082026_16k_production_4_seeds_4_sizes,thmedium,2026-09-21T19:46:23+00:00,0.4691,0.4011,0.5714,85,0.0471,0.0588,NOT_KEPT
thm0018460115,thm00184601,thm001846,15082026_16k_production_4_seeds_4_sizes,thmedium,2026-09-21T19:46:23+00:00,0.4691,0.4011,0.5714,85,0.0471,0.0588,NOT_KEPT
thm0018460116,thm00184601,thm001846,15082026_16k_production_4_seeds_4_sizes,thmedium,2026-09-21T19:46:23+00:00,0.4691,0.4011,0.5714,85,0.0471,0.0588,NOT_KEPT
thm0018460109,thm00184601,thm001846,15082026_16k_production_4_seeds_4_sizes,thmedium,2026-09-21T19:46:23+00:00,0.4645,0.3893,0.5714,85,0.0471,0.0588,NOT_KEPT
thm0018460101,thm00184601,thm001846,15082026_16k_production_4_seeds_4_sizes,thmedium,2026-09-21T19:46:23+00:00,0.4631,0.3891,0.5714,85,0.0471,0.0588,NOT_KEPT
thm0018460102,thm00184601,thm001846,15082026_16k_production_4_seeds_4_sizes,thmedium,2026-09-21T19:46:23+00:00,0.4545,0.3682,0.5714,85,0.0471,0.0588,NOT_KEPT
thm0018460113,thm00184601,thm001846,15082026_16k_production_4_seeds_4_sizes,thmedium,2026-09-21T19:46:23+00:00,0.4545,0.3682,0.5714,85,0.0471,0.0588,NOT_KEPT
thm0018460107,thm00184601,thm001846,15082026_16k_production_4_seeds_4_sizes,thmedium,2026-09-21T19:46:23+00:00,0.4535,0.4011,0.6429,85,0.0471,0.0588,NOT_KEPT
thm0018460112,thm00184601,thm001846,15082026_16k_production_4_seeds_4_sizes,thmedium,2026-09-21T19:46:23+00:00,0.4371,0.401,0.5,85,0.0471,0.0588,NOT_KEPT
thm0018460114,thm00184601,thm001846,15082026_16k_production_4_seeds_4_sizes,thmedium,2026-09-21T19:46:23+00:00,0.4292,0.3871,0.5,85,0.0471,0.0588,NOT_KEPT
thm0018460103,thm00184601,thm001846,15082026_16k_production_4_seeds_4_sizes,thmedium,2026-09-21T19:46:23+00:00,0.4069,0.2842,0.7143,85,0.0471,0.0588,NOT_KEPT
thm0018460314,thm00184603,thm001846,15082026_16k_production_4_seeds_4_sizes,thmedium,2026-09-21T19:46:23+00:00,0.4124,0.3243,0.5294,85,0.0353,0.0706,KEPT
thm0018460313,thm00184603,thm001846,15082026_16k_production_4_seeds_4_sizes,thmedium,2026-09-21T19:46:23+00:00,0.3981,0.2938,0.5882,85,0.0353,0.0706,KEPT
thm0018460311,thm00184603,thm001846,15082026_16k_production_4_seeds_4_sizes,thmedium,2026-09-21T19:46:23+00:00,0.3977,0.3201,0.5294,85,0.0353,0.0706,KEPT
thm0018460301,thm00184603,thm001846,15082026_16k_production_4_seeds_4_sizes,thmedium,2026-09-21T19:46:23+00:00,0.3935,0.3331,0.5882,85,0.0353,0.0588,NOT_KEPT
thm0018460305,thm00184603,thm001846,15082026_16k_production_4_seeds_4_sizes,thmedium,2026-09-21T19:46:23+00:00,0.3935,0.3331,0.5882,85,0.0353,0.0588,NOT_KEPT
thm0018460302,thm00184603,thm001846,15082026_16k_production_4_seeds_4_sizes,thmedium,2026-09-21T19:46:23+00:00,0.3928,0.3235,0.5882,85,0.0471,0.0588,NOT_KEPT
thm0018460312,thm00184603,thm001846,15082026_16k_production_4_seeds_4_sizes,thmedium,2026-09-21T19:46:23+00:00,0.392,0.3045,0.5294,85,0.0471,0.0588,NOT_KEPT
thm0018460306,thm00184603,thm001846,15082026_16k_production_4_seeds_4_sizes,thmedium,2026-09-21T19:46:23+00:00,0.3899,0.2819,0.4706,85,0.0353,0.0706,NOT_KEPT
thm0018460309,thm00184603,thm001846,15082026_16k_production_4_seeds_4_sizes,thmedium,2026-09-21T19:46:23+00:00,0.3893,0.3242,0.5294,85,0.0353,0.0588,NOT_KEPT
thm0018460310,thm00184603,thm001846,15082026_16k_production_4_seeds_4_sizes,thmedium,2026-09-21T19:46:23+00:00,0.389,0.3227,0.5294,85,0.0353,0.0588,NOT_KEPT
thm0018460315,thm00184603,thm001846,15082026_16k_production_4_seeds_4_sizes,thmedium,2026-09-21T19:46:23+00:00,0.3864,0.3306,0.5882,85,0.0353,0.0588,NOT_KEPT
thm0018460303,thm00184603,thm001846,15082026_16k_production_4_seeds_4_sizes,thmedium,2026-09-21T19:46:23+00:00,0.3849,0.3226,0.5882,85,0.0353,0.0588,NOT_KEPT
thm0018460307,thm00184603,thm001846,15082026_16k_production_4_seeds_4_sizes,thmedium,2026-09-21T19:46:23+00:00,0.3803,0.2718,0.4706,85,0.0353,0.0706,NOT_KEPT
thm0018460304,thm00184603,thm001846,15082026_16k_production_4_seeds_4_sizes,thmedium,2026-09-21T19:46:23+00:00,0.3795,0.3009,0.5294,85,0.0353,0.0588,NOT_KEPT
thm0018460316,thm00184603,thm001846,15082026_16k_production_4_seeds_4_sizes,thmedium,2026-09-21T19:46:23+00:00,0.3761,0.3279,0.6471,85,0.0353,0.0588,NOT_KEPT
thm0018460308,thm00184603,thm001846,15082026_16k_production_4_seeds_4_sizes,thmedium,2026-09-21T19:46:23+00:00,0.3614,0.3256,0.6471,85,0.0353,0.0588,NOT_KEPT
thm0019301401,thm00193014,thm001930,15082026_16k_production_4_seeds_4_sizes,thmedium,2026-09-21T19:46:23+00:00,0.5359,0.4816,0.25,89,0.0337,0.0449,KEPT
thm0019301402,thm00193014,thm001930,15082026_16k_production_4_seeds_4_sizes,thmedium,2026-09-21T19:46:23+00:00,0.5359,0.4816,0.25,89,0.0337,0.0449,KEPT
thm0019301404,thm00193014,thm001930,15082026_16k_production_4_seeds_4_sizes,thmedium,2026-09-21T19:46:23+00:00,0.5359,0.4816,0.25,89,0.0337,0.0449,KEPT
thm0019301407,thm00193014,thm001930,15082026_16k_production_4_seeds_4_sizes,thmedium,2026-09-21T19:46:23+00:00,0.5359,0.4816,0.25,89,0.0337,0.0449,NOT_KEPT
thm0019301411,thm00193014,thm001930,15082026_16k_production_4_seeds_4_sizes,thmedium,2026-09-21T19:46:23+00:00,0.5359,0.4816,0.25,89,0.0337,0.0449,NOT_KEPT
thm0019301413,thm00193014,thm001930,15082026_16k_production_4_seeds_4_sizes,thmedium,2026-09-21T19:46:23+00:00,0.5359,0.4816,0.25,89,0.0337,0.0449,NOT_KEPT
thm0019301416,thm00193014,thm001930,15082026_16k_production_4_seeds_4_sizes,thmedium,2026-09-21T19:46:23+00:00,0.5359,0.4816,0.25,89,0.0337,0.0449,NOT_KEPT
thm0019301403,thm00193014,thm001930,15082026_16k_production_4_seeds_4_sizes,thmedium,2026-09-21T19:46:23+00:00,0.5355,0.4835,0.25,89,0.0337,0.0449,NOT_KEPT
thm0019301405,thm00193014,thm001930,15082026_16k_production_4_seeds_4_sizes,thmedium,2026-09-21T19:46:23+00:00,0.5355,0.4835,0.25,89,0.0337,0.0449,NOT_KEPT
thm0019301408,thm00193014,thm001930,15082026_16k_production_4_seeds_4_sizes,thmedium,2026-09-21T19:46:23+00:00,0.5355,0.4835,0.25,89,0.0337,0.0449,NOT_KEPT
thm0019301409,thm00193014,thm001930,15082026_16k_production_4_seeds_4_sizes,thmedium,2026-09-21T19:46:23+00:00,0.5355,0.4835,0.25,89,0.0337,0.0449,NOT_KEPT
thm0019301410,thm00193014,thm001930,15082026_16k_production_4_seeds_4_sizes,thmedium,2026-09-21T19:46:23+00:00,0.5355,0.4835,0.25,89,0.0337,0.0449,NOT_KEPT
thm0019301412,thm00193014,thm001930,15082026_16k_production_4_seeds_4_sizes,thmedium,2026-09-21T19:46:23+00:00,0.5355,0.4835,0.25,89,0.0337,0.0449,NOT_KEPT
thm0019301414,thm00193014,thm001930,15082026_16k_production_4_seeds_4_sizes,thmedium,2026-09-21T19:46:23+00:00,0.5355,0.4835,0.25,89,0.0337,0.0449,NOT_KEPT
thm0019301415,thm00193014,thm001930,15082026_16k_production_4_seeds_4_sizes,thmedium,2026-09-21T19:46:23+00:00,0.5355,0.4835,0.25,89,0.0337,0.0449,NOT_KEPT
thm0019301406,thm00193014,thm001930,15082026_16k_production_4_seeds_4_sizes,thmedium,2026-09-21T19:46:23+00:00,0.4991,0.4324,0.25,89,0.0337,0.0449,NOT_KEPT
thm0019400914,thm00194009,thm001940,15082026_16k_production_4_seeds_4_sizes,thmedium,2026-09-21T19:46:23+00:00,0.3727,0.3459,0.3333,93,0.0430,0.0538,KEPT
thm0019400907,thm00194009,thm001940,15082026_16k_production_4_seeds_4_sizes,thmedium,2026-09-21T19:46:23+00:00,0.3726,0.3472,0.4,93,0.0430,0.0538,KEPT
thm0019400906,thm00194009,thm001940,15082026_16k_production_4_seeds_4_sizes,thmedium,2026-09-21T19:46:23+00:00,0.3683,0.3379,0.4,93,0.0430,0.0538,KEPT
thm0019400911,thm00194009,thm001940,15082026_16k_production_4_seeds_4_sizes,thmedium,2026-09-21T19:46:23+00:00,0.3673,0.3459,0.4,93,0.0430,0.0538,NOT_KEPT
thm0019400912,thm00194009,thm001940,15082026_16k_production_4_seeds_4_sizes,thmedium,2026-09-21T19:46:23+00:00,0.3673,0.3459,0.4,93,0.0430,0.0538,NOT_KEPT
thm0019400915,thm00194009,thm001940,15082026_16k_production_4_seeds_4_sizes,thmedium,2026-09-21T19:46:23+00:00,0.3673,0.3459,0.4,93,0.0430,0.0538,NOT_KEPT
thm0019400902,thm00194009,thm001940,15082026_16k_production_4_seeds_4_sizes,thmedium,2026-09-21T19:46:23+00:00,0.3647,0.3361,0.4,93,0.0430,0.0538,NOT_KEPT
thm0019400908,thm00194009,thm001940,15082026_16k_production_4_seeds_4_sizes,thmedium,2026-09-21T19:46:23+00:00,0.3634,0.3472,0.4667,93,0.0430,0.0538,NOT_KEPT
thm0019400901,thm00194009,thm001940,15082026_16k_production_4_seeds_4_sizes,thmedium,2026-09-21T19:46:23+00:00,0.3632,0.3459,0.3333,93,0.0430,0.0538,NOT_KEPT
thm0019400916,thm00194009,thm001940,15082026_16k_production_4_seeds_4_sizes,thmedium,2026-09-21T19:46:23+00:00,0.3632,0.3459,0.3333,93,0.0430,0.0538,NOT_KEPT
thm0019400910,thm00194009,thm001940,15082026_16k_production_4_seeds_4_sizes,thmedium,2026-09-21T19:46:23+00:00,0.3627,0.332,0.3333,93,0.0430,0.0538,NOT_KEPT
thm0019400909,thm00194009,thm001940,15082026_16k_production_4_seeds_4_sizes,thmedium,2026-09-21T19:46:23+00:00,0.3519,0.3156,0.4667,93,0.0430,0.0538,NOT_KEPT
thm0019400903,thm00194009,thm001940,15082026_16k_production_4_seeds_4_sizes,thmedium,2026-09-21T19:46:23+00:00,0.3518,0.332,0.4,93,0.0430,0.0538,NOT_KEPT
thm0019400905,thm00194009,thm001940,15082026_16k_production_4_seeds_4_sizes,thmedium,2026-09-21T19:46:23+00:00,0.3509,0.3138,0.3333,93,0.0430,0.0538,NOT_KEPT
thm0019400913,thm00194009,thm001940,15082026_16k_production_4_seeds_4_sizes,thmedium,2026-09-21T19:46:23+00:00,0.3499,0.3327,0.3333,93,0.0430,0.0538,NOT_KEPT
thm0019400904,thm00194009,thm001940,15082026_16k_production_4_seeds_4_sizes,thmedium,2026-09-21T19:46:23+00:00,0.344,0.3367,0.4,93,0.0430,0.0538,NOT_KEPT
thm0019751502,thm00197515,thm001975,15082026_16k_production_4_seeds_4_sizes,thmedium,2026-09-21T19:46:23+00:00,0.4274,0.4024,0.6429,96,0.1250,0.1667,KEPT
thm0019751503,thm00197515,thm001975,15082026_16k_production_4_seeds_4_sizes,thmedium,2026-09-21T19:46:23+00:00,0.4274,0.4024,0.6429,96,0.1250,0.1667,KEPT
thm0019751504,thm00197515,thm001975,15082026_16k_production_4_seeds_4_sizes,thmedium,2026-09-21T19:46:23+00:00,0.4274,0.4024,0.6429,96,0.1250,0.1667,KEPT
thm0019751505,thm00197515,thm001975,15082026_16k_production_4_seeds_4_sizes,thmedium,2026-09-21T19:46:23+00:00,0.4274,0.4024,0.6429,96,0.1250,0.1667,NOT_KEPT
thm0019751508,thm00197515,thm001975,15082026_16k_production_4_seeds_4_sizes,thmedium,2026-09-21T19:46:23+00:00,0.4274,0.4024,0.6429,96,0.1250,0.1667,NOT_KEPT
thm0019751509,thm00197515,thm001975,15082026_16k_production_4_seeds_4_sizes,thmedium,2026-09-21T19:46:23+00:00,0.4274,0.4024,0.6429,96,0.1250,0.1667,NOT_KEPT
thm0019751510,thm00197515,thm001975,15082026_16k_production_4_seeds_4_sizes,thmedium,2026-09-21T19:46:23+00:00,0.4274,0.4024,0.6429,96,0.1250,0.1667,NOT_KEPT
thm0019751511,thm00197515,thm001975,15082026_16k_production_4_seeds_4_sizes,thmedium,2026-09-21T19:46:23+00:00,0.4274,0.4024,0.6429,96,0.1250,0.1667,NOT_KEPT
thm0019751512,thm00197515,thm001975,15082026_16k_production_4_seeds_4_sizes,thmedium,2026-09-21T19:46:23+00:00,0.4274,0.4024,0.6429,96,0.1250,0.1667,NOT_KEPT
thm0019751513,thm00197515,thm001975,15082026_16k_production_4_seeds_4_sizes,thmedium,2026-09-21T19:46:23+00:00,0.4274,0.4024,0.6429,96,0.1250,0.1667,NOT_KEPT
thm0019751514,thm00197515,thm001975,15082026_16k_production_4_seeds_4_sizes,thmedium,2026-09-21T19:46:23+00:00,0.4069,0.3863,0.5714,96,0.1250,0.1667,NOT_KEPT
thm0019751515,thm00197515,thm001975,15082026_16k_production_4_seeds_4_sizes,thmedium,2026-09-21T19:46:23+00:00,0.4069,0.3863,0.5714,96,0.1250,0.1667,NOT_KEPT
thm0019751516,thm00197515,thm001975,15082026_16k_production_4_seeds_4_sizes,thmedium,2026-09-21T19:46:23+00:00,0.4069,0.3863,0.5714,96,0.1250,0.1667,NOT_KEPT
thm0019751501,thm00197515,thm001975,15082026_16k_production_4_seeds_4_sizes,thmedium,2026-09-21T19:46:23+00:00,0.404,0.3808,0.5,96,0.1250,0.1667,NOT_KEPT
thm0019751507,thm00197515,thm001975,15082026_16k_production_4_seeds_4_sizes,thmedium,2026-09-21T19:46:23+00:00,0.4028,0.3578,0.6429,96,0.1250,0.1667,NOT_KEPT
thm0019751506,thm00197515,thm001975,15082026_16k_production_4_seeds_4_sizes,thmedium,2026-09-21T19:46:23+00:00,0.3903,0.3558,0.5,96,0.1250,0.1667,NOT_KEPT
thm0019940705,thm00199407,thm001994,15082026_16k_production_4_seeds_4_sizes,thmedium,2026-09-21T19:46:23+00:00,0.3336,0.2939,0.375,94,0.1489,0.0638,KEPT
thm0019940712,thm00199407,thm001994,15082026_16k_production_4_seeds_4_sizes,thmedium,2026-09-21T19:46:23+00:00,0.3336,0.2939,0.375,94,0.1489,0.0638,KEPT
thm0019940716,thm00199407,thm001994,15082026_16k_production_4_seeds_4_sizes,thmedium,2026-09-21T19:46:23+00:00,0.3336,0.2939,0.375,94,0.1489,0.0638,KEPT
thm0019940703,thm00199407,thm001994,15082026_16k_production_4_seeds_4_sizes,thmedium,2026-09-21T19:46:23+00:00,0.3279,0.3039,0.375,94,0.1489,0.0638,NOT_KEPT
thm0019940701,thm00199407,thm001994,15082026_16k_production_4_seeds_4_sizes,thmedium,2026-09-21T19:46:23+00:00,0.3272,0.2715,0.3125,94,0.1489,0.0745,NOT_KEPT
thm0019940714,thm00199407,thm001994,15082026_16k_production_4_seeds_4_sizes,thmedium,2026-09-21T19:46:23+00:00,0.3272,0.2715,0.3125,94,0.1489,0.0745,NOT_KEPT
thm0019940715,thm00199407,thm001994,15082026_16k_production_4_seeds_4_sizes,thmedium,2026-09-21T19:46:23+00:00,0.3258,0.2686,0.3125,94,0.1489,0.0745,NOT_KEPT
thm0019940707,thm00199407,thm001994,15082026_16k_production_4_seeds_4_sizes,thmedium,2026-09-21T19:46:23+00:00,0.3219,0.2714,0.375,94,0.1489,0.0638,NOT_KEPT
thm0019940713,thm00199407,thm001994,15082026_16k_production_4_seeds_4_sizes,thmedium,2026-09-21T19:46:23+00:00,0.3192,0.2814,0.375,94,0.1489,0.0745,NOT_KEPT
thm0019940702,thm00199407,thm001994,15082026_16k_production_4_seeds_4_sizes,thmedium,2026-09-21T19:46:23+00:00,0.3189,0.2895,0.375,94,0.1489,0.0638,NOT_KEPT
thm0019940704,thm00199407,thm001994,15082026_16k_production_4_seeds_4_sizes,thmedium,2026-09-21T19:46:23+00:00,0.3189,0.2895,0.375,94,0.1489,0.0638,NOT_KEPT
thm0019940708,thm00199407,thm001994,15082026_16k_production_4_seeds_4_sizes,thmedium,2026-09-21T19:46:23+00:00,0.304,0.2676,0.375,94,0.1489,0.0638,NOT_KEPT
thm0019940711,thm00199407,thm001994,15082026_16k_production_4_seeds_4_sizes,thmedium,2026-09-21T19:46:23+00:00,0.3022,0.2342,0.375,94,0.1489,0.0532,NOT_KEPT
thm0019940706,thm00199407,thm001994,15082026_16k_production_4_seeds_4_sizes,thmedium,2026-09-21T19:46:23+00:00,0.298,0.2559,0.375,94,0.1489,0.0638,NOT_KEPT
thm0019940709,thm00199407,thm001994,15082026_16k_production_4_seeds_4_sizes,thmedium,2026-09-21T19:46:23+00:00,0.2973,0.2264,0.375,94,0.1489,0.0532,NOT_KEPT
thm0019940710,thm00199407,thm001994,15082026_16k_production_4_seeds_4_sizes,thmedium,2026-09-21T19:46:23+00:00,0.2957,0.2434,0.375,94,0.1489,0.0638,NOT_KEPT
ths0000061506,ths00000615,ths000006,15082026_16k_production_4_seeds_4_sizes,thsmall,2026-09-21T19:46:23+00:00,0.4068,0.3433,0.5333,89,0.0225,0.0899,KEPT
ths0000061516,ths00000615,ths000006,15082026_16k_production_4_seeds_4_sizes,thsmall,2026-09-21T19:46:23+00:00,0.3979,0.34,0.6,89,0.0225,0.0899,KEPT
ths0000061512,ths00000615,ths000006,15082026_16k_production_4_seeds_4_sizes,thsmall,2026-09-21T19:46:23+00:00,0.3962,0.3389,0.5333,89,0.0225,0.0899,KEPT
ths0000061507,ths00000615,ths000006,15082026_16k_production_4_seeds_4_sizes,thsmall,2026-09-21T19:46:23+00:00,0.3948,0.3355,0.4667,89,0.0225,0.0899,NOT_KEPT
ths0000061511,ths00000615,ths000006,15082026_16k_production_4_seeds_4_sizes,thsmall,2026-09-21T19:46:23+00:00,0.3943,0.3277,0.4667,89,0.0225,0.0899,NOT_KEPT
ths0000061502,ths00000615,ths000006,15082026_16k_production_4_seeds_4_sizes,thsmall,2026-09-21T19:46:23+00:00,0.3933,0.341,0.5333,89,0.0225,0.0899,NOT_KEPT
ths0000061510,ths00000615,ths000006,15082026_16k_production_4_seeds_4_sizes,thsmall,2026-09-21T19:46:23+00:00,0.3933,0.341,0.5333,89,0.0225,0.0899,NOT_KEPT
ths0000061509,ths00000615,ths000006,15082026_16k_production_4_seeds_4_sizes,thsmall,2026-09-21T19:46:23+00:00,0.3916,0.3263,0.5333,89,0.0225,0.0899,NOT_KEPT
ths0000061513,ths00000615,ths000006,15082026_16k_production_4_seeds_4_sizes,thsmall,2026-09-21T19:46:23+00:00,0.3915,0.3351,0.4667,89,0.0225,0.0899,NOT_KEPT
ths0000061501,ths00000615,ths000006,15082026_16k_production_4_seeds_4_sizes,thsmall,2026-09-21T19:46:23+00:00,0.3888,0.3304,0.5333,89,0.0225,0.0899,NOT_KEPT
ths0000061504,ths00000615,ths000006,15082026_16k_production_4_seeds_4_sizes,thsmall,2026-09-21T19:46:23+00:00,0.3851,0.3315,0.4667,89,0.0225,0.0899,NOT_KEPT
ths0000061515,ths00000615,ths000006,15082026_16k_production_4_seeds_4_sizes,thsmall,2026-09-21T19:46:23+00:00,0.3851,0.3372,0.4667,89,0.0225,0.0899,NOT_KEPT
ths0000061508,ths00000615,ths000006,15082026_16k_production_4_seeds_4_sizes,thsmall,2026-09-21T19:46:23+00:00,0.3845,0.3244,0.6,89,0.0225,0.0899,NOT_KEPT
ths0000061505,ths00000615,ths000006,15082026_16k_production_4_seeds_4_sizes,thsmall,2026-09-21T19:46:23+00:00,0.3764,0.316,0.4667,89,0.0225,0.0899,NOT_KEPT
ths0000061503,ths00000615,ths000006,15082026_16k_production_4_seeds_4_sizes,thsmall,2026-09-21T19:46:23+00:00,0.3749,0.3198,0.5333,89,0.0225,0.0899,NOT_KEPT
ths0000061514,ths00000615,ths000006,15082026_16k_production_4_seeds_4_sizes,thsmall,2026-09-21T19:46:23+00:00,0.373,0.3129,0.4667,89,0.0225,0.0899,NOT_KEPT
ths0000531104,ths00005311,ths000053,15082026_16k_production_4_seeds_4_sizes,thsmall,2026-09-21T19:46:23+00:00,0.4149,0.4604,0.9,74,0.0946,0.0811,KEPT
ths0000531102,ths00005311,ths000053,15082026_16k_production_4_seeds_4_sizes,thsmall,2026-09-21T19:46:23+00:00,0.4146,0.4646,0.7,74,0.0946,0.0811,KEPT
ths0000531112,ths00005311,ths000053,15082026_16k_production_4_seeds_4_sizes,thsmall,2026-09-21T19:46:23+00:00,0.4106,0.4349,0.6,74,0.0946,0.0811,KEPT
ths0000531105,ths00005311,ths000053,15082026_16k_production_4_seeds_4_sizes,thsmall,2026-09-21T19:46:23+00:00,0.4105,0.4356,0.8,74,0.0946,0.0811,NOT_KEPT
ths0000531109,ths00005311,ths000053,15082026_16k_production_4_seeds_4_sizes,thsmall,2026-09-21T19:46:23+00:00,0.4105,0.4356,0.8,74,0.0946,0.0811,NOT_KEPT
ths0000531116,ths00005311,ths000053,15082026_16k_production_4_seeds_4_sizes,thsmall,2026-09-21T19:46:23+00:00,0.4105,0.4356,0.8,74,0.0946,0.0811,NOT_KEPT
ths0000531106,ths00005311,ths000053,15082026_16k_production_4_seeds_4_sizes,thsmall,2026-09-21T19:46:23+00:00,0.4,0.4272,0.7,74,0.0946,0.0811,NOT_KEPT
ths0000531103,ths00005311,ths000053,15082026_16k_production_4_seeds_4_sizes,thsmall,2026-09-21T19:46:23+00:00,0.3926,0.4317,0.6,74,0.0946,0.0811,NOT_KEPT
ths0000531111,ths00005311,ths000053,15082026_16k_production_4_seeds_4_sizes,thsmall,2026-09-21T19:46:23+00:00,0.3926,0.4317,0.6,74,0.0946,0.0811,NOT_KEPT
ths0000531115,ths00005311,ths000053,15082026_16k_production_4_seeds_4_sizes,thsmall,2026-09-21T19:46:23+00:00,0.3859,0.4239,0.8,74,0.0946,0.0811,NOT_KEPT
ths0000531110,ths00005311,ths000053,15082026_16k_production_4_seeds_4_sizes,thsmall,2026-09-21T19:46:23+00:00,0.3838,0.474,0.5,74,0.0946,0.0811,NOT_KEPT
ths0000531108,ths00005311,ths000053,15082026_16k_production_4_seeds_4_sizes,thsmall,2026-09-21T19:46:23+00:00,0.3823,0.4695,0.8,74,0.0946,0.0811,NOT_KEPT
ths0000531101,ths00005311,ths000053,15082026_16k_production_4_seeds_4_sizes,thsmall,2026-09-21T19:46:23+00:00,0.3751,0.4365,0.5,74,0.0946,0.0811,NOT_KEPT
ths0000531114,ths00005311,ths000053,15082026_16k_production_4_seeds_4_sizes,thsmall,2026-09-21T19:46:23+00:00,0.3681,0.4215,0.5,74,0.0946,0.0811,NOT_KEPT
ths0000531113,ths00005311,ths000053,15082026_16k_production_4_seeds_4_sizes,thsmall,2026-09-21T19:46:23+00:00,0.3637,0.471,0.7,74,0.0946,0.0811,NOT_KEPT
ths0000531107,ths00005311,ths000053,15082026_16k_production_4_seeds_4_sizes,thsmall,2026-09-21T19:46:23+00:00,0.3231,0.3644,0.4,74,0.0946,0.0811,NOT_KEPT
ths0000750601,ths00007506,ths000075,15082026_16k_production_4_seeds_4_sizes,thsmall,2026-09-21T19:46:23+00:00,0.6206,0.5966,0.9,75,0.0800,0.1067,KEPT
ths0000750602,ths00007506,ths000075,15082026_16k_production_4_seeds_4_sizes,thsmall,2026-09-21T19:46:23+00:00,0.6206,0.5966,0.9,75,0.0800,0.1067,KEPT
ths0000750603,ths00007506,ths000075,15082026_16k_production_4_seeds_4_sizes,thsmall,2026-09-21T19:46:23+00:00,0.6206,0.5966,0.9,75,0.0800,0.1067,KEPT
ths0000750604,ths00007506,ths000075,15082026_16k_production_4_seeds_4_sizes,thsmall,2026-09-21T19:46:23+00:00,0.6206,0.5966,0.9,75,0.0800,0.1067,NOT_KEPT
ths0000750605,ths00007506,ths000075,15082026_16k_production_4_seeds_4_sizes,thsmall,2026-09-21T19:46:23+00:00,0.6206,0.5966,0.9,75,0.0800,0.1067,NOT_KEPT
ths0000750606,ths00007506,ths000075,15082026_16k_production_4_seeds_4_sizes,thsmall,2026-09-21T19:46:23+00:00,0.6206,0.5966,0.9,75,0.0800,0.1067,NOT_KEPT
ths0000750607,ths00007506,ths000075,15082026_16k_production_4_seeds_4_sizes,thsmall,2026-09-21T19:46:23+00:00,0.6206,0.5966,0.9,75,0.0800,0.1067,NOT_KEPT
ths0000750608,ths00007506,ths000075,15082026_16k_production_4_seeds_4_sizes,thsmall,2026-09-21T19:46:23+00:00,0.6206,0.5966,0.9,75,0.0800,0.1067,NOT_KEPT
ths0000750609,ths00007506,ths000075,15082026_16k_production_4_seeds_4_sizes,thsmall,2026-09-21T19:46:23+00:00,0.6206,0.5966,0.9,75,0.0800,0.1067,NOT_KEPT
ths0000750610,ths00007506,ths000075,15082026_16k_production_4_seeds_4_sizes,thsmall,2026-09-21T19:46:23+00:00,0.6206,0.5966,0.9,75,0.0800,0.1067,NOT_KEPT
ths0000750612,ths00007506,ths000075,15082026_16k_production_4_seeds_4_sizes,thsmall,2026-09-21T19:46:23+00:00,0.6206,0.5966,0.9,75,0.0800,0.1067,NOT_KEPT
ths0000750613,ths00007506,ths000075,15082026_16k_production_4_seeds_4_sizes,thsmall,2026-09-21T19:46:23+00:00,0.6206,0.5966,0.9,75,0.0800,0.1067,NOT_KEPT
ths0000750614,ths00007506,ths000075,15082026_16k_production_4_seeds_4_sizes,thsmall,2026-09-21T19:46:23+00:00,0.6206,0.5966,0.9,75,0.0800,0.1067,NOT_KEPT
ths0000750615,ths00007506,ths000075,15082026_16k_production_4_seeds_4_sizes,thsmall,2026-09-21T19:46:23+00:00,0.6206,0.5966,0.9,75,0.0800,0.1067,NOT_KEPT
ths0000750616,ths00007506,ths000075,15082026_16k_production_4_seeds_4_sizes,thsmall,2026-09-21T19:46:23+00:00,0.5745,0.5438,0.9,75,0.0800,0.1067,NOT_KEPT
ths0000750611,ths00007506,ths000075,15082026_16k_production_4_seeds_4_sizes,thsmall,2026-09-21T19:46:23+00:00,0.5604,0.5577,1,75,0.0800,0.1067,NOT_KEPT
ths0000750708,ths00007507,ths000075,15082026_16k_production_4_seeds_4_sizes,thsmall,2026-09-21T19:46:23+00:00,0.4184,0.338,0.5385,75,0.0800,0.1067,KEPT
ths0000750706,ths00007507,ths000075,15082026_16k_production_4_seeds_4_sizes,thsmall,2026-09-21T19:46:23+00:00,0.4162,0.338,0.6154,75,0.0800,0.1067,KEPT
ths0000750712,ths00007507,ths000075,15082026_16k_production_4_seeds_4_sizes,thsmall,2026-09-21T19:46:23+00:00,0.416,0.336,0.5385,75,0.0800,0.1067,KEPT
ths0000750711,ths00007507,ths000075,15082026_16k_production_4_seeds_4_sizes,thsmall,2026-09-21T19:46:23+00:00,0.414,0.336,0.6154,75,0.0800,0.1067,NOT_KEPT
ths0000750701,ths00007507,ths000075,15082026_16k_production_4_seeds_4_sizes,thsmall,2026-09-21T19:46:23+00:00,0.4065,0.3058,0.6154,75,0.0800,0.1067,NOT_KEPT
ths0000750705,ths00007507,ths000075,15082026_16k_production_4_seeds_4_sizes,thsmall,2026-09-21T19:46:23+00:00,0.4065,0.3058,0.6154,75,0.0800,0.1067,NOT_KEPT
ths0000750714,ths00007507,ths000075,15082026_16k_production_4_seeds_4_sizes,thsmall,2026-09-21T19:46:23+00:00,0.4065,0.3058,0.6154,75,0.0800,0.1067,NOT_KEPT
ths0000750715,ths00007507,ths000075,15082026_16k_production_4_seeds_4_sizes,thsmall,2026-09-21T19:46:23+00:00,0.4065,0.3058,0.6154,75,0.0800,0.1067,NOT_KEPT
ths0000750716,ths00007507,ths000075,15082026_16k_production_4_seeds_4_sizes,thsmall,2026-09-21T19:46:23+00:00,0.4065,0.3058,0.6154,75,0.0800,0.1067,NOT_KEPT
ths0000750703,ths00007507,ths000075,15082026_16k_production_4_seeds_4_sizes,thsmall,2026-09-21T19:46:23+00:00,0.4042,0.3041,0.6154,75,0.0800,0.1067,NOT_KEPT
ths0000750704,ths00007507,ths000075,15082026_16k_production_4_seeds_4_sizes,thsmall,2026-09-21T19:46:23+00:00,0.4042,0.3041,0.6154,75,0.0800,0.1067,NOT_KEPT
ths0000750713,ths00007507,ths000075,15082026_16k_production_4_seeds_4_sizes,thsmall,2026-09-21T19:46:23+00:00,0.4042,0.3041,0.6154,75,0.0800,0.1067,NOT_KEPT
ths0000750710,ths00007507,ths000075,15082026_16k_production_4_seeds_4_sizes,thsmall,2026-09-21T19:46:23+00:00,0.3938,0.3015,0.5385,75,0.0800,0.1067,NOT_KEPT
ths0000750709,ths00007507,ths000075,15082026_16k_production_4_seeds_4_sizes,thsmall,2026-09-21T19:46:23+00:00,0.3896,0.2998,0.6154,75,0.0800,0.1067,NOT_KEPT
ths0000750707,ths00007507,ths000075,15082026_16k_production_4_seeds_4_sizes,thsmall,2026-09-21T19:46:23+00:00,0.3763,0.3112,0.6154,75,0.0800,0.1067,NOT_KEPT
ths0000750702,ths00007507,ths000075,15082026_16k_production_4_seeds_4_sizes,thsmall,2026-09-21T19:46:23+00:00,0.3746,0.2467,0.6923,75,0.0800,0.1067,NOT_KEPT
ths0000750805,ths00007508,ths000075,15082026_16k_production_4_seeds_4_sizes,thsmall,2026-09-21T19:46:23+00:00,0.423,0.4038,0.6,75,0.0800,0.0933,KEPT
ths0000750808,ths00007508,ths000075,15082026_16k_production_4_seeds_4_sizes,thsmall,2026-09-21T19:46:23+00:00,0.423,0.4038,0.6,75,0.0800,0.0933,KEPT
ths0000750810,ths00007508,ths000075,15082026_16k_production_4_seeds_4_sizes,thsmall,2026-09-21T19:46:23+00:00,0.423,0.4038,0.6,75,0.0800,0.0933,KEPT
ths0000750814,ths00007508,ths000075,15082026_16k_production_4_seeds_4_sizes,thsmall,2026-09-21T19:46:23+00:00,0.423,0.4038,0.6,75,0.0800,0.0933,NOT_KEPT
ths0000750801,ths00007508,ths000075,15082026_16k_production_4_seeds_4_sizes,thsmall,2026-09-21T19:46:23+00:00,0.4228,0.4038,0.7,75,0.0800,0.0933,NOT_KEPT
ths0000750803,ths00007508,ths000075,15082026_16k_production_4_seeds_4_sizes,thsmall,2026-09-21T19:46:23+00:00,0.4228,0.4038,0.7,75,0.0800,0.0933,NOT_KEPT
ths0000750806,ths00007508,ths000075,15082026_16k_production_4_seeds_4_sizes,thsmall,2026-09-21T19:46:23+00:00,0.4228,0.4038,0.7,75,0.0800,0.0933,NOT_KEPT
ths0000750807,ths00007508,ths000075,15082026_16k_production_4_seeds_4_sizes,thsmall,2026-09-21T19:46:23+00:00,0.4228,0.4038,0.7,75,0.0800,0.0933,NOT_KEPT
ths0000750809,ths00007508,ths000075,15082026_16k_production_4_seeds_4_sizes,thsmall,2026-09-21T19:46:23+00:00,0.4228,0.4038,0.7,75,0.0800,0.0933,NOT_KEPT
ths0000750813,ths00007508,ths000075,15082026_16k_production_4_seeds_4_sizes,thsmall,2026-09-21T19:46:23+00:00,0.4228,0.4038,0.7,75,0.0800,0.0933,NOT_KEPT
ths0000750804,ths00007508,ths000075,15082026_16k_production_4_seeds_4_sizes,thsmall,2026-09-21T19:46:23+00:00,0.4126,0.3881,0.8,75,0.0800,0.0933,NOT_KEPT
ths0000750812,ths00007508,ths000075,15082026_16k_production_4_seeds_4_sizes,thsmall,2026-09-21T19:46:23+00:00,0.4084,0.3782,0.7,75,0.0800,0.1067,NOT_KEPT
ths0000750811,ths00007508,ths000075,15082026_16k_production_4_seeds_4_sizes,thsmall,2026-09-21T19:46:23+00:00,0.4079,0.3816,0.5,75,0.0800,0.0933,NOT_KEPT
ths0000750816,ths00007508,ths000075,15082026_16k_production_4_seeds_4_sizes,thsmall,2026-09-21T19:46:23+00:00,0.4074,0.3742,0.5,75,0.0800,0.0933,NOT_KEPT
ths0000750802,ths00007508,ths000075,15082026_16k_production_4_seeds_4_sizes,thsmall,2026-09-21T19:46:23+00:00,0.4067,0.3816,0.6,75,0.0800,0.0933,NOT_KEPT
ths0000750815,ths00007508,ths000075,15082026_16k_production_4_seeds_4_sizes,thsmall,2026-09-21T19:46:23+00:00,0.4056,0.3687,0.6,75,0.0800,0.0933,NOT_KEPT
ths0000961110,ths00009611,ths000096,15082026_16k_production_4_seeds_4_sizes,thsmall,2026-09-21T19:46:23+00:00,0.4175,0.5151,0.6667,79,0.0759,0.1013,KEPT
ths0000961116,ths00009611,ths000096,15082026_16k_production_4_seeds_4_sizes,thsmall,2026-09-21T19:46:23+00:00,0.4175,0.5151,0.6667,79,0.0759,0.1013,KEPT
ths0000961104,ths00009611,ths000096,15082026_16k_production_4_seeds_4_sizes,thsmall,2026-09-21T19:46:23+00:00,0.4112,0.5002,0.6667,79,0.0759,0.1013,KEPT
ths0000961108,ths00009611,ths000096,15082026_16k_production_4_seeds_4_sizes,thsmall,2026-09-21T19:46:23+00:00,0.4112,0.5002,0.6667,79,0.0759,0.1013,NOT_KEPT
ths0000961109,ths00009611,ths000096,15082026_16k_production_4_seeds_4_sizes,thsmall,2026-09-21T19:46:23+00:00,0.4112,0.5002,0.6667,79,0.0759,0.1013,NOT_KEPT
ths0000961102,ths00009611,ths000096,15082026_16k_production_4_seeds_4_sizes,thsmall,2026-09-21T19:46:23+00:00,0.4061,0.5286,0.6,79,0.0759,0.1013,NOT_KEPT
ths0000961105,ths00009611,ths000096,15082026_16k_production_4_seeds_4_sizes,thsmall,2026-09-21T19:46:23+00:00,0.4061,0.5286,0.6,79,0.0759,0.1013,NOT_KEPT
ths0000961111,ths00009611,ths000096,15082026_16k_production_4_seeds_4_sizes,thsmall,2026-09-21T19:46:23+00:00,0.4061,0.5286,0.6,79,0.0759,0.1013,NOT_KEPT
ths0000961101,ths00009611,ths000096,15082026_16k_production_4_seeds_4_sizes,thsmall,2026-09-21T19:46:23+00:00,0.4025,0.5286,0.5333,79,0.0759,0.1013,NOT_KEPT
ths0000961103,ths00009611,ths000096,15082026_16k_production_4_seeds_4_sizes,thsmall,2026-09-21T19:46:23+00:00,0.4018,0.5138,0.6,79,0.0759,0.1013,NOT_KEPT
ths0000961106,ths00009611,ths000096,15082026_16k_production_4_seeds_4_sizes,thsmall,2026-09-21T19:46:23+00:00,0.4018,0.5138,0.6,79,0.0759,0.1013,NOT_KEPT
ths0000961115,ths00009611,ths000096,15082026_16k_production_4_seeds_4_sizes,thsmall,2026-09-21T19:46:23+00:00,0.4018,0.5138,0.6,79,0.0759,0.1013,NOT_KEPT
ths0000961113,ths00009611,ths000096,15082026_16k_production_4_seeds_4_sizes,thsmall,2026-09-21T19:46:23+00:00,0.3982,0.5138,0.5333,79,0.0759,0.1013,NOT_KEPT
ths0000961112,ths00009611,ths000096,15082026_16k_production_4_seeds_4_sizes,thsmall,2026-09-21T19:46:23+00:00,0.3848,0.5154,0.4667,79,0.0759,0.1013,NOT_KEPT
ths0000961107,ths00009611,ths000096,15082026_16k_production_4_seeds_4_sizes,thsmall,2026-09-21T19:46:23+00:00,0.3826,0.5278,0.6,79,0.0759,0.1013,NOT_KEPT
ths0000961114,ths00009611,ths000096,15082026_16k_production_4_seeds_4_sizes,thsmall,2026-09-21T19:46:23+00:00,0.3757,0.4957,0.4,79,0.0759,0.1013,NOT_KEPT
ths0001111508,ths00011115,ths000111,15082026_16k_production_4_seeds_4_sizes,thsmall,2026-09-21T19:46:23+00:00,0.4349,0.491,0.7,70,0.0571,0.1000,KEPT
ths0001111503,ths00011115,ths000111,15082026_16k_production_4_seeds_4_sizes,thsmall,2026-09-21T19:46:23+00:00,0.4325,0.4813,0.65,70,0.0571,0.1000,KEPT
ths0001111504,ths00011115,ths000111,15082026_16k_production_4_seeds_4_sizes,thsmall,2026-09-21T19:46:23+00:00,0.4322,0.4806,0.65,70,0.0571,0.1000,KEPT
ths0001111511,ths00011115,ths000111,15082026_16k_production_4_seeds_4_sizes,thsmall,2026-09-21T19:46:23+00:00,0.4322,0.4806,0.65,70,0.0571,0.1000,NOT_KEPT
ths0001111515,ths00011115,ths000111,15082026_16k_production_4_seeds_4_sizes,thsmall,2026-09-21T19:46:23+00:00,0.4322,0.4806,0.65,70,0.0571,0.1000,NOT_KEPT
ths0001111510,ths00011115,ths000111,15082026_16k_production_4_seeds_4_sizes,thsmall,2026-09-21T19:46:23+00:00,0.4226,0.4913,0.65,70,0.0571,0.1000,NOT_KEPT
ths0001111507,ths00011115,ths000111,15082026_16k_production_4_seeds_4_sizes,thsmall,2026-09-21T19:46:23+00:00,0.4149,0.3732,0.65,70,0.0571,0.0857,NOT_KEPT
ths0001111512,ths00011115,ths000111,15082026_16k_production_4_seeds_4_sizes,thsmall,2026-09-21T19:46:23+00:00,0.4145,0.3691,0.7,70,0.0571,0.0857,NOT_KEPT
ths0001111514,ths00011115,ths000111,15082026_16k_production_4_seeds_4_sizes,thsmall,2026-09-21T19:46:23+00:00,0.4143,0.4608,0.65,70,0.0571,0.1000,NOT_KEPT
ths0001111509,ths00011115,ths000111,15082026_16k_production_4_seeds_4_sizes,thsmall,2026-09-21T19:46:23+00:00,0.412,0.4876,0.6,70,0.0571,0.1000,NOT_KEPT
ths0001111501,ths00011115,ths000111,15082026_16k_production_4_seeds_4_sizes,thsmall,2026-09-21T19:46:23+00:00,0.4061,0.3813,0.65,70,0.0571,0.0857,NOT_KEPT
ths0001111502,ths00011115,ths000111,15082026_16k_production_4_seeds_4_sizes,thsmall,2026-09-21T19:46:23+00:00,0.406,0.376,0.65,70,0.0571,0.0857,NOT_KEPT
ths0001111506,ths00011115,ths000111,15082026_16k_production_4_seeds_4_sizes,thsmall,2026-09-21T19:46:23+00:00,0.4058,0.3762,0.65,70,0.0571,0.0857,NOT_KEPT
ths0001111505,ths00011115,ths000111,15082026_16k_production_4_seeds_4_sizes,thsmall,2026-09-21T19:46:23+00:00,0.4033,0.3725,0.65,70,0.0571,0.0857,NOT_KEPT
ths0001111513,ths00011115,ths000111,15082026_16k_production_4_seeds_4_sizes,thsmall,2026-09-21T19:46:23+00:00,0.3933,0.3716,0.6,70,0.0571,0.0857,NOT_KEPT
ths0001111516,ths00011115,ths000111,15082026_16k_production_4_seeds_4_sizes,thsmall,2026-09-21T19:46:23+00:00,0.3807,0.3738,0.65,70,0.0571,0.0857,NOT_KEPT
ths0001630205,ths00016302,ths000163,15082026_16k_production_4_seeds_4_sizes,thsmall,2026-09-21T19:46:23+00:00,0.4122,0.5563,0.5714,84,0.0119,0.0476,KEPT
ths0001630206,ths00016302,ths000163,15082026_16k_production_4_seeds_4_sizes,thsmall,2026-09-21T19:46:23+00:00,0.4122,0.5563,0.5714,84,0.0119,0.0476,KEPT
ths0001630211,ths00016302,ths000163,15082026_16k_production_4_seeds_4_sizes,thsmall,2026-09-21T19:46:23+00:00,0.4122,0.5563,0.5714,84,0.0119,0.0476,KEPT
ths0001630207,ths00016302,ths000163,15082026_16k_production_4_seeds_4_sizes,thsmall,2026-09-21T19:46:23+00:00,0.4067,0.5313,0.4286,84,0.0119,0.0476,NOT_KEPT
ths0001630214,ths00016302,ths000163,15082026_16k_production_4_seeds_4_sizes,thsmall,2026-09-21T19:46:23+00:00,0.4002,0.5561,0.5,84,0.0119,0.0476,NOT_KEPT
ths0001630204,ths00016302,ths000163,15082026_16k_production_4_seeds_4_sizes,thsmall,2026-09-21T19:46:23+00:00,0.3954,0.5728,0.5,84,0.0119,0.0476,NOT_KEPT
ths0001630212,ths00016302,ths000163,15082026_16k_production_4_seeds_4_sizes,thsmall,2026-09-21T19:46:23+00:00,0.3808,0.5855,0.5714,84,0.0119,0.0357,NOT_KEPT
ths0001630210,ths00016302,ths000163,15082026_16k_production_4_seeds_4_sizes,thsmall,2026-09-21T19:46:23+00:00,0.3732,0.564,0.5,84,0.0119,0.0357,NOT_KEPT
ths0001630215,ths00016302,ths000163,15082026_16k_production_4_seeds_4_sizes,thsmall,2026-09-21T19:46:23+00:00,0.3732,0.564,0.5,84,0.0119,0.0357,NOT_KEPT
ths0001630213,ths00016302,ths000163,15082026_16k_production_4_seeds_4_sizes,thsmall,2026-09-21T19:46:23+00:00,0.371,0.5783,0.7143,84,0.0119,0.0357,NOT_KEPT
ths0001630202,ths00016302,ths000163,15082026_16k_production_4_seeds_4_sizes,thsmall,2026-09-21T19:46:23+00:00,0.3706,0.5536,0.6429,84,0.0119,0.0357,NOT_KEPT
ths0001630208,ths00016302,ths000163,15082026_16k_production_4_seeds_4_sizes,thsmall,2026-09-21T19:46:23+00:00,0.3706,0.5536,0.6429,84,0.0119,0.0357,NOT_KEPT
ths0001630201,ths00016302,ths000163,15082026_16k_production_4_seeds_4_sizes,thsmall,2026-09-21T19:46:23+00:00,0.3649,0.5556,0.7143,84,0.0119,0.0357,NOT_KEPT
ths0001630203,ths00016302,ths000163,15082026_16k_production_4_seeds_4_sizes,thsmall,2026-09-21T19:46:23+00:00,0.352,0.5534,0.5714,84,0.0119,0.0357,NOT_KEPT
ths0001630209,ths00016302,ths000163,15082026_16k_production_4_seeds_4_sizes,thsmall,2026-09-21T19:46:23+00:00,0.351,0.5611,0.5714,84,0.0119,0.0357,NOT_KEPT
ths0001630216,ths00016302,ths000163,15082026_16k_production_4_seeds_4_sizes,thsmall,2026-09-21T19:46:23+00:00,0.3418,0.5537,0.5714,84,0.0119,0.0357,NOT_KEPT
ths0001630805,ths00016308,ths000163,15082026_16k_production_4_seeds_4_sizes,thsmall,2026-09-21T19:46:23+00:00,0.4271,0.4861,0.5,84,0.0119,0.0476,KEPT
ths0001630816,ths00016308,ths000163,15082026_16k_production_4_seeds_4_sizes,thsmall,2026-09-21T19:46:23+00:00,0.4271,0.4861,0.5,84,0.0119,0.0476,KEPT
ths0001630808,ths00016308,ths000163,15082026_16k_production_4_seeds_4_sizes,thsmall,2026-09-21T19:46:23+00:00,0.4238,0.4876,0.5,84,0.0119,0.0476,KEPT
ths0001630813,ths00016308,ths000163,15082026_16k_production_4_seeds_4_sizes,thsmall,2026-09-21T19:46:23+00:00,0.4142,0.4739,0.4286,84,0.0119,0.0476,NOT_KEPT
ths0001630807,ths00016308,ths000163,15082026_16k_production_4_seeds_4_sizes,thsmall,2026-09-21T19:46:23+00:00,0.4068,0.4918,0.5714,84,0.0119,0.0357,NOT_KEPT
ths0001630814,ths00016308,ths000163,15082026_16k_production_4_seeds_4_sizes,thsmall,2026-09-21T19:46:23+00:00,0.4035,0.4516,0.5714,84,0.0119,0.0476,NOT_KEPT
ths0001630810,ths00016308,ths000163,15082026_16k_production_4_seeds_4_sizes,thsmall,2026-09-21T19:46:23+00:00,0.4017,0.4834,0.5714,84,0.0119,0.0357,NOT_KEPT
ths0001630801,ths00016308,ths000163,15082026_16k_production_4_seeds_4_sizes,thsmall,2026-09-21T19:46:23+00:00,0.4007,0.4871,0.5,84,0.0119,0.0357,NOT_KEPT
ths0001630803,ths00016308,ths000163,15082026_16k_production_4_seeds_4_sizes,thsmall,2026-09-21T19:46:23+00:00,0.4007,0.4871,0.5,84,0.0119,0.0357,NOT_KEPT
ths0001630804,ths00016308,ths000163,15082026_16k_production_4_seeds_4_sizes,thsmall,2026-09-21T19:46:23+00:00,0.4007,0.4871,0.5,84,0.0119,0.0357,NOT_KEPT
ths0001630809,ths00016308,ths000163,15082026_16k_production_4_seeds_4_sizes,thsmall,2026-09-21T19:46:23+00:00,0.4007,0.4871,0.5,84,0.0119,0.0357,NOT_KEPT
ths0001630802,ths00016308,ths000163,15082026_16k_production_4_seeds_4_sizes,thsmall,2026-09-21T19:46:23+00:00,0.3926,0.4744,0.5714,84,0.0119,0.0357,NOT_KEPT
ths0001630815,ths00016308,ths000163,15082026_16k_production_4_seeds_4_sizes,thsmall,2026-09-21T19:46:23+00:00,0.3926,0.4744,0.5714,84,0.0119,0.0357,NOT_KEPT
ths0001630806,ths00016308,ths000163,15082026_16k_production_4_seeds_4_sizes,thsmall,2026-09-21T19:46:23+00:00,0.3907,0.4763,0.5,84,0.0119,0.0357,NOT_KEPT
ths0001630812,ths00016308,ths000163,15082026_16k_production_4_seeds_4_sizes,thsmall,2026-09-21T19:46:23+00:00,0.3649,0.4726,0.5,84,0.0119,0.0476,NOT_KEPT
ths0001630811,ths00016308,ths000163,15082026_16k_production_4_seeds_4_sizes,thsmall,2026-09-21T19:46:23+00:00,0.3505,0.4601,0.5,84,0.0119,0.0357,NOT_KEPT
ths0001990916,ths00019909,ths000199,15082026_16k_production_4_seeds_4_sizes,thsmall,2026-09-21T19:46:23+00:00,0.4496,0.4703,0.5,90,0.0667,0.0444,KEPT
ths0001990911,ths00019909,ths000199,15082026_16k_production_4_seeds_4_sizes,thsmall,2026-09-21T19:46:23+00:00,0.448,0.4133,0.6667,90,0.0667,0.0444,KEPT
ths0001990907,ths00019909,ths000199,15082026_16k_production_4_seeds_4_sizes,thsmall,2026-09-21T19:46:23+00:00,0.4404,0.4138,0.5833,90,0.0667,0.0444,KEPT
ths0001990904,ths00019909,ths000199,15082026_16k_production_4_seeds_4_sizes,thsmall,2026-09-21T19:46:23+00:00,0.4301,0.3836,0.5833,90,0.0667,0.0444,NOT_KEPT
ths0001990914,ths00019909,ths000199,15082026_16k_production_4_seeds_4_sizes,thsmall,2026-09-21T19:46:23+00:00,0.4301,0.3836,0.5833,90,0.0667,0.0444,NOT_KEPT
ths0001990903,ths00019909,ths000199,15082026_16k_production_4_seeds_4_sizes,thsmall,2026-09-21T19:46:23+00:00,0.4207,0.3678,0.6667,90,0.0667,0.0444,NOT_KEPT
ths0001990913,ths00019909,ths000199,15082026_16k_production_4_seeds_4_sizes,thsmall,2026-09-21T19:46:23+00:00,0.4207,0.3678,0.6667,90,0.0667,0.0444,NOT_KEPT
ths0001990912,ths00019909,ths000199,15082026_16k_production_4_seeds_4_sizes,thsmall,2026-09-21T19:46:23+00:00,0.4191,0.3736,0.5833,90,0.0667,0.0444,NOT_KEPT
ths0001990910,ths00019909,ths000199,15082026_16k_production_4_seeds_4_sizes,thsmall,2026-09-21T19:46:23+00:00,0.4149,0.3752,0.5833,90,0.0667,0.0444,NOT_KEPT
ths0001990909,ths00019909,ths000199,15082026_16k_production_4_seeds_4_sizes,thsmall,2026-09-21T19:46:23+00:00,0.4141,0.3663,0.5,90,0.0667,0.0444,NOT_KEPT
ths0001990902,ths00019909,ths000199,15082026_16k_production_4_seeds_4_sizes,thsmall,2026-09-21T19:46:23+00:00,0.4123,0.3636,0.6667,90,0.0667,0.0444,NOT_KEPT
ths0001990906,ths00019909,ths000199,15082026_16k_production_4_seeds_4_sizes,thsmall,2026-09-21T19:46:23+00:00,0.4094,0.395,0.6667,90,0.0667,0.0444,NOT_KEPT
ths0001990908,ths00019909,ths000199,15082026_16k_production_4_seeds_4_sizes,thsmall,2026-09-21T19:46:23+00:00,0.4029,0.345,0.6667,90,0.0667,0.0444,NOT_KEPT
ths0001990905,ths00019909,ths000199,15082026_16k_production_4_seeds_4_sizes,thsmall,2026-09-21T19:46:23+00:00,0.4015,0.3468,0.5833,90,0.0667,0.0444,NOT_KEPT
ths0001990915,ths00019909,ths000199,15082026_16k_production_4_seeds_4_sizes,thsmall,2026-09-21T19:46:23+00:00,0.3843,0.3195,0.6667,90,0.0667,0.0444,NOT_KEPT
ths0001990901,ths00019909,ths000199,15082026_16k_production_4_seeds_4_sizes,thsmall,2026-09-21T19:46:23+00:00,0.3796,0.3114,0.8333,90,0.0667,0.0444,NOT_KEPT
ths0002500806,ths00025008,ths000250,15082026_16k_production_4_seeds_4_sizes,thsmall,2026-09-21T19:46:23+00:00,0.4849,0.4136,0.5,84,0.0595,0.1310,KEPT
ths0002500807,ths00025008,ths000250,15082026_16k_production_4_seeds_4_sizes,thsmall,2026-09-21T19:46:23+00:00,0.4849,0.4136,0.5,84,0.0595,0.1310,KEPT
ths0002500810,ths00025008,ths000250,15082026_16k_production_4_seeds_4_sizes,thsmall,2026-09-21T19:46:23+00:00,0.4849,0.4136,0.5,84,0.0595,0.1310,KEPT
ths0002500803,ths00025008,ths000250,15082026_16k_production_4_seeds_4_sizes,thsmall,2026-09-21T19:46:23+00:00,0.4814,0.3997,0.5,84,0.0595,0.1310,NOT_KEPT
ths0002500808,ths00025008,ths000250,15082026_16k_production_4_seeds_4_sizes,thsmall,2026-09-21T19:46:23+00:00,0.4814,0.3997,0.5,84,0.0595,0.1310,NOT_KEPT
ths0002500811,ths00025008,ths000250,15082026_16k_production_4_seeds_4_sizes,thsmall,2026-09-21T19:46:23+00:00,0.4814,0.3997,0.5,84,0.0595,0.1310,NOT_KEPT
ths0002500804,ths00025008,ths000250,15082026_16k_production_4_seeds_4_sizes,thsmall,2026-09-21T19:46:23+00:00,0.4769,0.3999,0.5,84,0.0595,0.1310,NOT_KEPT
ths0002500809,ths00025008,ths000250,15082026_16k_production_4_seeds_4_sizes,thsmall,2026-09-21T19:46:23+00:00,0.4769,0.3999,0.5,84,0.0595,0.1310,NOT_KEPT
ths0002500814,ths00025008,ths000250,15082026_16k_production_4_seeds_4_sizes,thsmall,2026-09-21T19:46:23+00:00,0.4713,0.3818,0.4286,84,0.0595,0.1310,NOT_KEPT
ths0002500812,ths00025008,ths000250,15082026_16k_production_4_seeds_4_sizes,thsmall,2026-09-21T19:46:23+00:00,0.4578,0.4018,0.6429,84,0.0595,0.1310,NOT_KEPT
ths0002500801,ths00025008,ths000250,15082026_16k_production_4_seeds_4_sizes,thsmall,2026-09-21T19:46:23+00:00,0.4532,0.3894,0.5714,84,0.0595,0.1310,NOT_KEPT
ths0002500816,ths00025008,ths000250,15082026_16k_production_4_seeds_4_sizes,thsmall,2026-09-21T19:46:23+00:00,0.4532,0.3894,0.5714,84,0.0595,0.1310,NOT_KEPT
ths0002500805,ths00025008,ths000250,15082026_16k_production_4_seeds_4_sizes,thsmall,2026-09-21T19:46:23+00:00,0.451,0.4115,0.4286,84,0.0595,0.1310,NOT_KEPT
ths0002500813,ths00025008,ths000250,15082026_16k_production_4_seeds_4_sizes,thsmall,2026-09-21T19:46:23+00:00,0.4497,0.3952,0.5714,84,0.0595,0.1310,NOT_KEPT
ths0002500802,ths00025008,ths000250,15082026_16k_production_4_seeds_4_sizes,thsmall,2026-09-21T19:46:23+00:00,0.4442,0.3901,0.4286,84,0.0595,0.1310,NOT_KEPT
ths0002500815,ths00025008,ths000250,15082026_16k_production_4_seeds_4_sizes,thsmall,2026-09-21T19:46:23+00:00,0.4376,0.3328,0.5,84,0.0595,0.1310,NOT_KEPT
ths0002501401,ths00025014,ths000250,15082026_16k_production_4_seeds_4_sizes,thsmall,2026-09-21T19:46:23+00:00,0.4753,0.4795,0.4667,84,0.0357,0.1429,KEPT
ths0002501405,ths00025014,ths000250,15082026_16k_production_4_seeds_4_sizes,thsmall,2026-09-21T19:46:23+00:00,0.4753,0.4795,0.4667,84,0.0357,0.1429,KEPT
ths0002501407,ths00025014,ths000250,15082026_16k_production_4_seeds_4_sizes,thsmall,2026-09-21T19:46:23+00:00,0.4753,0.4795,0.4667,84,0.0357,0.1429,KEPT
ths0002501408,ths00025014,ths000250,15082026_16k_production_4_seeds_4_sizes,thsmall,2026-09-21T19:46:23+00:00,0.4753,0.4795,0.4667,84,0.0357,0.1429,NOT_KEPT
ths0002501409,ths00025014,ths000250,15082026_16k_production_4_seeds_4_sizes,thsmall,2026-09-21T19:46:23+00:00,0.4753,0.4795,0.4667,84,0.0357,0.1429,NOT_KEPT
ths0002501410,ths00025014,ths000250,15082026_16k_production_4_seeds_4_sizes,thsmall,2026-09-21T19:46:23+00:00,0.4753,0.4795,0.4667,84,0.0357,0.1429,NOT_KEPT
ths0002501411,ths00025014,ths000250,15082026_16k_production_4_seeds_4_sizes,thsmall,2026-09-21T19:46:23+00:00,0.4753,0.4795,0.4667,84,0.0357,0.1429,NOT_KEPT
ths0002501413,ths00025014,ths000250,15082026_16k_production_4_seeds_4_sizes,thsmall,2026-09-21T19:46:23+00:00,0.4753,0.4795,0.4667,84,0.0357,0.1429,NOT_KEPT
ths0002501414,ths00025014,ths000250,15082026_16k_production_4_seeds_4_sizes,thsmall,2026-09-21T19:46:23+00:00,0.4753,0.4795,0.4667,84,0.0357,0.1429,NOT_KEPT
ths0002501412,ths00025014,ths000250,15082026_16k_production_4_seeds_4_sizes,thsmall,2026-09-21T19:46:23+00:00,0.4409,0.4238,0.4667,84,0.0238,0.1429,NOT_KEPT
ths0002501415,ths00025014,ths000250,15082026_16k_production_4_seeds_4_sizes,thsmall,2026-09-21T19:46:23+00:00,0.4409,0.4238,0.4667,84,0.0238,0.1429,NOT_KEPT
ths0002501416,ths00025014,ths000250,15082026_16k_production_4_seeds_4_sizes,thsmall,2026-09-21T19:46:23+00:00,0.4409,0.4238,0.4667,84,0.0238,0.1429,NOT_KEPT
ths0002501406,ths00025014,ths000250,15082026_16k_production_4_seeds_4_sizes,thsmall,2026-09-21T19:46:23+00:00,0.4406,0.4281,0.4,84,0.0357,0.1429,NOT_KEPT
ths0002501402,ths00025014,ths000250,15082026_16k_production_4_seeds_4_sizes,thsmall,2026-09-21T19:46:23+00:00,0.4332,0.4413,0.4,84,0.0357,0.1429,NOT_KEPT
ths0002501404,ths00025014,ths000250,15082026_16k_production_4_seeds_4_sizes,thsmall,2026-09-21T19:46:23+00:00,0.4203,0.4033,0.4667,84,0.0238,0.1429,NOT_KEPT
ths0002501403,ths00025014,ths000250,15082026_16k_production_4_seeds_4_sizes,thsmall,2026-09-21T19:46:23+00:00,0.4055,0.4033,0.4667,84,0.0238,0.1429,NOT_KEPT
ths0002501508,ths00025015,ths000250,15082026_16k_production_4_seeds_4_sizes,thsmall,2026-09-21T19:46:23+00:00,0.4131,0.3428,0.5625,84,0.0833,0.1190,KEPT
ths0002501501,ths00025015,ths000250,15082026_16k_production_4_seeds_4_sizes,thsmall,2026-09-21T19:46:23+00:00,0.4079,0.3319,0.5625,84,0.0714,0.1190,KEPT
ths0002501502,ths00025015,ths000250,15082026_16k_production_4_seeds_4_sizes,thsmall,2026-09-21T19:46:23+00:00,0.4079,0.3319,0.5625,84,0.0714,0.1190,KEPT
ths0002501507,ths00025015,ths000250,15082026_16k_production_4_seeds_4_sizes,thsmall,2026-09-21T19:46:23+00:00,0.4079,0.3319,0.5625,84,0.0714,0.1190,NOT_KEPT
ths0002501513,ths00025015,ths000250,15082026_16k_production_4_seeds_4_sizes,thsmall,2026-09-21T19:46:23+00:00,0.4079,0.3319,0.5625,84,0.0714,0.1190,NOT_KEPT
ths0002501503,ths00025015,ths000250,15082026_16k_production_4_seeds_4_sizes,thsmall,2026-09-21T19:46:23+00:00,0.4037,0.3273,0.625,84,0.0714,0.1190,NOT_KEPT
ths0002501504,ths00025015,ths000250,15082026_16k_production_4_seeds_4_sizes,thsmall,2026-09-21T19:46:23+00:00,0.4037,0.3273,0.625,84,0.0714,0.1190,NOT_KEPT
ths0002501509,ths00025015,ths000250,15082026_16k_production_4_seeds_4_sizes,thsmall,2026-09-21T19:46:23+00:00,0.4037,0.3273,0.625,84,0.0714,0.1190,NOT_KEPT
ths0002501511,ths00025015,ths000250,15082026_16k_production_4_seeds_4_sizes,thsmall,2026-09-21T19:46:23+00:00,0.4037,0.3273,0.625,84,0.0714,0.1190,NOT_KEPT
ths0002501515,ths00025015,ths000250,15082026_16k_production_4_seeds_4_sizes,thsmall,2026-09-21T19:46:23+00:00,0.3941,0.3118,0.625,84,0.0714,0.1190,NOT_KEPT
ths0002501514,ths00025015,ths000250,15082026_16k_production_4_seeds_4_sizes,thsmall,2026-09-21T19:46:23+00:00,0.3918,0.3127,0.5625,84,0.0714,0.1190,NOT_KEPT
ths0002501516,ths00025015,ths000250,15082026_16k_production_4_seeds_4_sizes,thsmall,2026-09-21T19:46:23+00:00,0.3918,0.3127,0.5625,84,0.0714,0.1190,NOT_KEPT
ths0002501510,ths00025015,ths000250,15082026_16k_production_4_seeds_4_sizes,thsmall,2026-09-21T19:46:23+00:00,0.3887,0.3082,0.625,84,0.0714,0.1190,NOT_KEPT
ths0002501512,ths00025015,ths000250,15082026_16k_production_4_seeds_4_sizes,thsmall,2026-09-21T19:46:23+00:00,0.3763,0.2944,0.5,84,0.0714,0.1190,NOT_KEPT
ths0002501506,ths00025015,ths000250,15082026_16k_production_4_seeds_4_sizes,thsmall,2026-09-21T19:46:23+00:00,0.3704,0.2864,0.5,84,0.0714,0.1190,NOT_KEPT
ths0002501505,ths00025015,ths000250,15082026_16k_production_4_seeds_4_sizes,thsmall,2026-09-21T19:46:23+00:00,0.3408,0.2582,0.625,84,0.0714,0.1190,NOT_KEPT
ths0002840401,ths00028404,ths000284,15082026_16k_production_4_seeds_4_sizes,thsmall,2026-09-21T19:46:23+00:00,0.4509,0.3298,0.7778,78,0.0641,0.0128,KEPT
ths0002840402,ths00028404,ths000284,15082026_16k_production_4_seeds_4_sizes,thsmall,2026-09-21T19:46:23+00:00,0.4509,0.3298,0.7778,78,0.0641,0.0128,KEPT
ths0002840404,ths00028404,ths000284,15082026_16k_production_4_seeds_4_sizes,thsmall,2026-09-21T19:46:23+00:00,0.4509,0.3298,0.7778,78,0.0641,0.0128,KEPT
ths0002840405,ths00028404,ths000284,15082026_16k_production_4_seeds_4_sizes,thsmall,2026-09-21T19:46:23+00:00,0.4509,0.3298,0.7778,78,0.0641,0.0128,NOT_KEPT
ths0002840406,ths00028404,ths000284,15082026_16k_production_4_seeds_4_sizes,thsmall,2026-09-21T19:46:23+00:00,0.4509,0.3298,0.7778,78,0.0641,0.0128,NOT_KEPT
ths0002840410,ths00028404,ths000284,15082026_16k_production_4_seeds_4_sizes,thsmall,2026-09-21T19:46:23+00:00,0.4509,0.3298,0.7778,78,0.0641,0.0128,NOT_KEPT
ths0002840411,ths00028404,ths000284,15082026_16k_production_4_seeds_4_sizes,thsmall,2026-09-21T19:46:23+00:00,0.4509,0.3298,0.7778,78,0.0641,0.0128,NOT_KEPT
ths0002840413,ths00028404,ths000284,15082026_16k_production_4_seeds_4_sizes,thsmall,2026-09-21T19:46:23+00:00,0.4509,0.3298,0.7778,78,0.0641,0.0128,NOT_KEPT
ths0002840415,ths00028404,ths000284,15082026_16k_production_4_seeds_4_sizes,thsmall,2026-09-21T19:46:23+00:00,0.4509,0.3298,0.7778,78,0.0641,0.0128,NOT_KEPT
ths0002840416,ths00028404,ths000284,15082026_16k_production_4_seeds_4_sizes,thsmall,2026-09-21T19:46:23+00:00,0.4509,0.3298,0.7778,78,0.0641,0.0128,NOT_KEPT
ths0002840408,ths00028404,ths000284,15082026_16k_production_4_seeds_4_sizes,thsmall,2026-09-21T19:46:23+00:00,0.4373,0.3311,0.6667,78,0.0641,0.0128,NOT_KEPT
ths0002840412,ths00028404,ths000284,15082026_16k_production_4_seeds_4_sizes,thsmall,2026-09-21T19:46:23+00:00,0.4373,0.3311,0.6667,78,0.0641,0.0128,NOT_KEPT
ths0002840403,ths00028404,ths000284,15082026_16k_production_4_seeds_4_sizes,thsmall,2026-09-21T19:46:23+00:00,0.4346,0.3047,0.7778,78,0.0641,0.0128,NOT_KEPT
ths0002840409,ths00028404,ths000284,15082026_16k_production_4_seeds_4_sizes,thsmall,2026-09-21T19:46:23+00:00,0.4346,0.3047,0.7778,78,0.0641,0.0128,NOT_KEPT
ths0002840407,ths00028404,ths000284,15082026_16k_production_4_seeds_4_sizes,thsmall,2026-09-21T19:46:23+00:00,0.4305,0.3007,0.6667,78,0.0641,0.0128,NOT_KEPT
ths0002840414,ths00028404,ths000284,15082026_16k_production_4_seeds_4_sizes,thsmall,2026-09-21T19:46:23+00:00,0.4305,0.3007,0.6667,78,0.0641,0.0128,NOT_KEPT
ths0003150415,ths00031504,ths000315,15082026_16k_production_4_seeds_4_sizes,thsmall,2026-09-21T19:46:23+00:00,0.3024,0.463,0.4348,80,0.0625,0.1375,KEPT
ths0003150413,ths00031504,ths000315,15082026_16k_production_4_seeds_4_sizes,thsmall,2026-09-21T19:46:23+00:00,0.3023,0.4637,0.4348,80,0.0625,0.1375,KEPT
ths0003150401,ths00031504,ths000315,15082026_16k_production_4_seeds_4_sizes,thsmall,2026-09-21T19:46:23+00:00,0.3006,0.4637,0.3913,80,0.0625,0.1375,KEPT
ths0003150404,ths00031504,ths000315,15082026_16k_production_4_seeds_4_sizes,thsmall,2026-09-21T19:46:23+00:00,0.2965,0.4616,0.4348,80,0.0625,0.1375,NOT_KEPT
ths0003150414,ths00031504,ths000315,15082026_16k_production_4_seeds_4_sizes,thsmall,2026-09-21T19:46:23+00:00,0.2928,0.4668,0.4348,80,0.0625,0.1375,NOT_KEPT
ths0003150410,ths00031504,ths000315,15082026_16k_production_4_seeds_4_sizes,thsmall,2026-09-21T19:46:23+00:00,0.291,0.4668,0.3913,80,0.0625,0.1375,NOT_KEPT
ths0003150408,ths00031504,ths000315,15082026_16k_production_4_seeds_4_sizes,thsmall,2026-09-21T19:46:23+00:00,0.2896,0.4562,0.4348,80,0.0625,0.1375,NOT_KEPT
ths0003150412,ths00031504,ths000315,15082026_16k_production_4_seeds_4_sizes,thsmall,2026-09-21T19:46:23+00:00,0.2871,0.4471,0.3913,80,0.0625,0.1375,NOT_KEPT
ths0003150405,ths00031504,ths000315,15082026_16k_production_4_seeds_4_sizes,thsmall,2026-09-21T19:46:23+00:00,0.2865,0.4637,0.4348,80,0.0625,0.1250,NOT_KEPT
ths0003150407,ths00031504,ths000315,15082026_16k_production_4_seeds_4_sizes,thsmall,2026-09-21T19:46:23+00:00,0.2865,0.4635,0.4348,80,0.0625,0.1250,NOT_KEPT
ths0003150406,ths00031504,ths000315,15082026_16k_production_4_seeds_4_sizes,thsmall,2026-09-21T19:46:23+00:00,0.283,0.4595,0.4783,80,0.0625,0.1250,NOT_KEPT
ths0003150403,ths00031504,ths000315,15082026_16k_production_4_seeds_4_sizes,thsmall,2026-09-21T19:46:23+00:00,0.2825,0.4532,0.4348,80,0.0625,0.1250,NOT_KEPT
ths0003150409,ths00031504,ths000315,15082026_16k_production_4_seeds_4_sizes,thsmall,2026-09-21T19:46:23+00:00,0.2803,0.4668,0.4348,80,0.0625,0.1250,NOT_KEPT
ths0003150416,ths00031504,ths000315,15082026_16k_production_4_seeds_4_sizes,thsmall,2026-09-21T19:46:23+00:00,0.2775,0.4117,0.3913,80,0.0625,0.1250,NOT_KEPT
ths0003150402,ths00031504,ths000315,15082026_16k_production_4_seeds_4_sizes,thsmall,2026-09-21T19:46:23+00:00,0.266,0.4693,0.4348,80,0.0625,0.1250,NOT_KEPT
ths0003150411,ths00031504,ths000315,15082026_16k_production_4_seeds_4_sizes,thsmall,2026-09-21T19:46:23+00:00,0.2599,0.4117,0.4348,80,0.0625,0.1125,NOT_KEPT
ths0003151501,ths00031515,ths000315,15082026_16k_production_4_seeds_4_sizes,thsmall,2026-09-21T19:46:23+00:00,0.5386,0.5084,0.5385,80,0.0750,0.0750,KEPT
ths0003151502,ths00031515,ths000315,15082026_16k_production_4_seeds_4_sizes,thsmall,2026-09-21T19:46:23+00:00,0.5386,0.5084,0.5385,80,0.0750,0.0750,KEPT
ths0003151504,ths00031515,ths000315,15082026_16k_production_4_seeds_4_sizes,thsmall,2026-09-21T19:46:23+00:00,0.5386,0.5084,0.5385,80,0.0750,0.0750,KEPT
ths0003151506,ths00031515,ths000315,15082026_16k_production_4_seeds_4_sizes,thsmall,2026-09-21T19:46:23+00:00,0.5386,0.5084,0.5385,80,0.0750,0.0750,NOT_KEPT
ths0003151507,ths00031515,ths000315,15082026_16k_production_4_seeds_4_sizes,thsmall,2026-09-21T19:46:23+00:00,0.5386,0.5084,0.5385,80,0.0750,0.0750,NOT_KEPT
ths0003151512,ths00031515,ths000315,15082026_16k_production_4_seeds_4_sizes,thsmall,2026-09-21T19:46:23+00:00,0.5386,0.5084,0.5385,80,0.0750,0.0750,NOT_KEPT
ths0003151514,ths00031515,ths000315,15082026_16k_production_4_seeds_4_sizes,thsmall,2026-09-21T19:46:23+00:00,0.5386,0.5084,0.5385,80,0.0750,0.0750,NOT_KEPT
ths0003151515,ths00031515,ths000315,15082026_16k_production_4_seeds_4_sizes,thsmall,2026-09-21T19:46:23+00:00,0.5386,0.5084,0.5385,80,0.0750,0.0750,NOT_KEPT
ths0003151503,ths00031515,ths000315,15082026_16k_production_4_seeds_4_sizes,thsmall,2026-09-21T19:46:23+00:00,0.5251,0.5096,0.4615,80,0.0750,0.0750,NOT_KEPT
ths0003151510,ths00031515,ths000315,15082026_16k_production_4_seeds_4_sizes,thsmall,2026-09-21T19:46:23+00:00,0.5251,0.5096,0.4615,80,0.0750,0.0750,NOT_KEPT
ths0003151516,ths00031515,ths000315,15082026_16k_production_4_seeds_4_sizes,thsmall,2026-09-21T19:46:23+00:00,0.5251,0.5096,0.4615,80,0.0750,0.0750,NOT_KEPT
ths0003151511,ths00031515,ths000315,15082026_16k_production_4_seeds_4_sizes,thsmall,2026-09-21T19:46:23+00:00,0.4944,0.424,0.4615,80,0.0750,0.0750,NOT_KEPT
ths0003151505,ths00031515,ths000315,15082026_16k_production_4_seeds_4_sizes,thsmall,2026-09-21T19:46:23+00:00,0.4843,0.4287,0.4615,80,0.0750,0.0750,NOT_KEPT
ths0003151508,ths00031515,ths000315,15082026_16k_production_4_seeds_4_sizes,thsmall,2026-09-21T19:46:23+00:00,0.4806,0.5086,0.6923,80,0.0625,0.0750,NOT_KEPT
ths0003151509,ths00031515,ths000315,15082026_16k_production_4_seeds_4_sizes,thsmall,2026-09-21T19:46:23+00:00,0.4806,0.5086,0.6923,80,0.0625,0.0750,NOT_KEPT
ths0003151513,ths00031515,ths000315,15082026_16k_production_4_seeds_4_sizes,thsmall,2026-09-21T19:46:23+00:00,0.4806,0.5086,0.6923,80,0.0625,0.0750,NOT_KEPT
ths0003460313,ths00034603,ths000346,15082026_16k_production_4_seeds_4_sizes,thsmall,2026-09-21T19:46:23+00:00,0.3968,0.2988,0.7222,74,0.0541,0.1216,KEPT
ths0003460304,ths00034603,ths000346,15082026_16k_production_4_seeds_4_sizes,thsmall,2026-09-21T19:46:23+00:00,0.3942,0.3043,0.6667,74,0.0541,0.1216,KEPT
ths0003460309,ths00034603,ths000346,15082026_16k_production_4_seeds_4_sizes,thsmall,2026-09-21T19:46:23+00:00,0.3924,0.3018,0.6667,74,0.0541,0.1216,KEPT
ths0003460303,ths00034603,ths000346,15082026_16k_production_4_seeds_4_sizes,thsmall,2026-09-21T19:46:23+00:00,0.3848,0.2819,0.6111,74,0.0541,0.1216,NOT_KEPT
ths0003460307,ths00034603,ths000346,15082026_16k_production_4_seeds_4_sizes,thsmall,2026-09-21T19:46:23+00:00,0.3828,0.2878,0.5556,74,0.0541,0.1216,NOT_KEPT
ths0003460305,ths00034603,ths000346,15082026_16k_production_4_seeds_4_sizes,thsmall,2026-09-21T19:46:23+00:00,0.3821,0.2799,0.7778,74,0.0541,0.1216,NOT_KEPT
ths0003460311,ths00034603,ths000346,15082026_16k_production_4_seeds_4_sizes,thsmall,2026-09-21T19:46:23+00:00,0.3785,0.2784,0.5556,74,0.0541,0.1216,NOT_KEPT
ths0003460314,ths00034603,ths000346,15082026_16k_production_4_seeds_4_sizes,thsmall,2026-09-21T19:46:23+00:00,0.3747,0.278,0.5556,74,0.0541,0.1216,NOT_KEPT
ths0003460310,ths00034603,ths000346,15082026_16k_production_4_seeds_4_sizes,thsmall,2026-09-21T19:46:23+00:00,0.3738,0.2767,0.6111,74,0.0541,0.1216,NOT_KEPT
ths0003460312,ths00034603,ths000346,15082026_16k_production_4_seeds_4_sizes,thsmall,2026-09-21T19:46:23+00:00,0.3721,0.2728,0.6667,74,0.0541,0.1081,NOT_KEPT
ths0003460316,ths00034603,ths000346,15082026_16k_production_4_seeds_4_sizes,thsmall,2026-09-21T19:46:23+00:00,0.3694,0.2718,0.5556,74,0.0541,0.1216,NOT_KEPT
ths0003460306,ths00034603,ths000346,15082026_16k_production_4_seeds_4_sizes,thsmall,2026-09-21T19:46:23+00:00,0.367,0.2642,0.5556,74,0.0541,0.1216,NOT_KEPT
ths0003460301,ths00034603,ths000346,15082026_16k_production_4_seeds_4_sizes,thsmall,2026-09-21T19:46:23+00:00,0.3588,0.2514,0.6667,74,0.0541,0.1216,NOT_KEPT
ths0003460302,ths00034603,ths000346,15082026_16k_production_4_seeds_4_sizes,thsmall,2026-09-21T19:46:23+00:00,0.3519,0.2445,0.6111,74,0.0541,0.1081,NOT_KEPT
ths0003460315,ths00034603,ths000346,15082026_16k_production_4_seeds_4_sizes,thsmall,2026-09-21T19:46:23+00:00,0.3478,0.2058,0.6111,74,0.0541,0.0946,NOT_KEPT
ths0003460308,ths00034603,ths000346,15082026_16k_production_4_seeds_4_sizes,thsmall,2026-09-21T19:46:23+00:00,0.3405,0.2064,0.7222,74,0.0541,0.0946,NOT_KEPT
ths0003461212,ths00034612,ths000346,15082026_16k_production_4_seeds_4_sizes,thsmall,2026-09-21T19:46:23+00:00,0.3743,0.2681,0.6667,74,0.0405,0.0811,KEPT
ths0003461211,ths00034612,ths000346,15082026_16k_production_4_seeds_4_sizes,thsmall,2026-09-21T19:46:23+00:00,0.3725,0.2677,0.5556,74,0.0405,0.0946,KEPT
ths0003461216,ths00034612,ths000346,15082026_16k_production_4_seeds_4_sizes,thsmall,2026-09-21T19:46:23+00:00,0.3711,0.2659,0.7778,74,0.0405,0.0811,KEPT
ths0003461202,ths00034612,ths000346,15082026_16k_production_4_seeds_4_sizes,thsmall,2026-09-21T19:46:23+00:00,0.3638,0.2571,0.7778,74,0.0541,0.0676,NOT_KEPT
ths0003461205,ths00034612,ths000346,15082026_16k_production_4_seeds_4_sizes,thsmall,2026-09-21T19:46:23+00:00,0.3618,0.2656,0.6111,74,0.0405,0.0811,NOT_KEPT
ths0003461215,ths00034612,ths000346,15082026_16k_production_4_seeds_4_sizes,thsmall,2026-09-21T19:46:23+00:00,0.3594,0.2412,0.6667,74,0.0405,0.0676,NOT_KEPT
ths0003461210,ths00034612,ths000346,15082026_16k_production_4_seeds_4_sizes,thsmall,2026-09-21T19:46:23+00:00,0.3591,0.2608,0.6111,74,0.0405,0.0811,NOT_KEPT
ths0003461207,ths00034612,ths000346,15082026_16k_production_4_seeds_4_sizes,thsmall,2026-09-21T19:46:23+00:00,0.3565,0.2584,0.5,74,0.0405,0.0811,NOT_KEPT
ths0003461201,ths00034612,ths000346,15082026_16k_production_4_seeds_4_sizes,thsmall,2026-09-21T19:46:23+00:00,0.3531,0.2337,0.5556,74,0.0405,0.0676,NOT_KEPT
ths0003461203,ths00034612,ths000346,15082026_16k_production_4_seeds_4_sizes,thsmall,2026-09-21T19:46:23+00:00,0.3531,0.2337,0.5556,74,0.0405,0.0676,NOT_KEPT
ths0003461208,ths00034612,ths000346,15082026_16k_production_4_seeds_4_sizes,thsmall,2026-09-21T19:46:23+00:00,0.3519,0.2409,0.6111,74,0.0405,0.0676,NOT_KEPT
ths0003461214,ths00034612,ths000346,15082026_16k_production_4_seeds_4_sizes,thsmall,2026-09-21T19:46:23+00:00,0.3463,0.2381,0.6667,74,0.0405,0.0676,NOT_KEPT
ths0003461213,ths00034612,ths000346,15082026_16k_production_4_seeds_4_sizes,thsmall,2026-09-21T19:46:23+00:00,0.3383,0.2266,0.7778,74,0.0405,0.0676,NOT_KEPT
ths0003461209,ths00034612,ths000346,15082026_16k_production_4_seeds_4_sizes,thsmall,2026-09-21T19:46:23+00:00,0.3304,0.2194,0.6667,74,0.0405,0.0541,NOT_KEPT
ths0003461206,ths00034612,ths000346,15082026_16k_production_4_seeds_4_sizes,thsmall,2026-09-21T19:46:23+00:00,0.3257,0.2174,0.6667,74,0.0405,0.0541,NOT_KEPT
ths0003461204,ths00034612,ths000346,15082026_16k_production_4_seeds_4_sizes,thsmall,2026-09-21T19:46:23+00:00,0.3239,0.2197,0.5556,74,0.0405,0.0541,NOT_KEPT
ths0003630615,ths00036306,ths000363,15082026_16k_production_4_seeds_4_sizes,thsmall,2026-09-21T19:46:23+00:00,0.4248,0.4895,0.5455,77,0.1429,0.0909,KEPT
ths0003630616,ths00036306,ths000363,15082026_16k_production_4_seeds_4_sizes,thsmall,2026-09-21T19:46:23+00:00,0.4248,0.4895,0.5455,77,0.1429,0.0909,KEPT
ths0003630606,ths00036306,ths000363,15082026_16k_production_4_seeds_4_sizes,thsmall,2026-09-21T19:46:23+00:00,0.4209,0.4842,0.6364,77,0.1429,0.0909,KEPT
ths0003630609,ths00036306,ths000363,15082026_16k_production_4_seeds_4_sizes,thsmall,2026-09-21T19:46:23+00:00,0.4209,0.4842,0.6364,77,0.1429,0.0909,NOT_KEPT
ths0003630614,ths00036306,ths000363,15082026_16k_production_4_seeds_4_sizes,thsmall,2026-09-21T19:46:23+00:00,0.4209,0.4842,0.6364,77,0.1429,0.0909,NOT_KEPT
ths0003630604,ths00036306,ths000363,15082026_16k_production_4_seeds_4_sizes,thsmall,2026-09-21T19:46:23+00:00,0.4197,0.4851,0.5455,77,0.1429,0.0909,NOT_KEPT
ths0003630613,ths00036306,ths000363,15082026_16k_production_4_seeds_4_sizes,thsmall,2026-09-21T19:46:23+00:00,0.4197,0.4851,0.5455,77,0.1429,0.0909,NOT_KEPT
ths0003630607,ths00036306,ths000363,15082026_16k_production_4_seeds_4_sizes,thsmall,2026-09-21T19:46:23+00:00,0.4145,0.4824,0.5455,77,0.1429,0.0909,NOT_KEPT
ths0003630608,ths00036306,ths000363,15082026_16k_production_4_seeds_4_sizes,thsmall,2026-09-21T19:46:23+00:00,0.4095,0.4549,0.4545,77,0.1429,0.0909,NOT_KEPT
ths0003630610,ths00036306,ths000363,15082026_16k_production_4_seeds_4_sizes,thsmall,2026-09-21T19:46:23+00:00,0.4088,0.4867,0.4545,77,0.1429,0.0909,NOT_KEPT
ths0003630602,ths00036306,ths000363,15082026_16k_production_4_seeds_4_sizes,thsmall,2026-09-21T19:46:23+00:00,0.3987,0.4517,0.3636,77,0.1429,0.0909,NOT_KEPT
ths0003630603,ths00036306,ths000363,15082026_16k_production_4_seeds_4_sizes,thsmall,2026-09-21T19:46:23+00:00,0.3947,0.4753,0.4545,77,0.1429,0.0909,NOT_KEPT
ths0003630612,ths00036306,ths000363,15082026_16k_production_4_seeds_4_sizes,thsmall,2026-09-21T19:46:23+00:00,0.3883,0.4758,0.4545,77,0.1429,0.0909,NOT_KEPT
ths0003630601,ths00036306,ths000363,15082026_16k_production_4_seeds_4_sizes,thsmall,2026-09-21T19:46:23+00:00,0.3835,0.477,0.3636,77,0.1429,0.0909,NOT_KEPT
ths0003630605,ths00036306,ths000363,15082026_16k_production_4_seeds_4_sizes,thsmall,2026-09-21T19:46:23+00:00,0.3832,0.4013,0.5455,77,0.1429,0.0909,NOT_KEPT
ths0003630611,ths00036306,ths000363,15082026_16k_production_4_seeds_4_sizes,thsmall,2026-09-21T19:46:23+00:00,0.3832,0.4013,0.5455,77,0.1429,0.0909,NOT_KEPT
ths0004730001,ths00047300,ths000473,15082026_16k_production_4_seeds_4_sizes,thsmall,2026-09-21T19:46:23+00:00,0.3455,0.3028,0.3636,77,0.0779,0.0649,KEPT
ths0004730005,ths00047300,ths000473,15082026_16k_production_4_seeds_4_sizes,thsmall,2026-09-21T19:46:23+00:00,0.3347,0.2842,0.2727,77,0.0779,0.0649,KEPT
ths0004730002,ths00047300,ths000473,15082026_16k_production_4_seeds_4_sizes,thsmall,2026-09-21T19:46:23+00:00,0.3307,0.2746,0.4545,77,0.0779,0.0649,KEPT
ths0004730013,ths00047300,ths000473,15082026_16k_production_4_seeds_4_sizes,thsmall,2026-09-21T19:46:23+00:00,0.3302,0.2851,0.4545,77,0.0649,0.0649,NOT_KEPT
ths0004730014,ths00047300,ths000473,15082026_16k_production_4_seeds_4_sizes,thsmall,2026-09-21T19:46:23+00:00,0.3191,0.2742,0.4545,77,0.0649,0.0649,NOT_KEPT
ths0004730010,ths00047300,ths000473,15082026_16k_production_4_seeds_4_sizes,thsmall,2026-09-21T19:46:23+00:00,0.319,0.2629,0.3636,77,0.0649,0.0649,NOT_KEPT
ths0004730015,ths00047300,ths000473,15082026_16k_production_4_seeds_4_sizes,thsmall,2026-09-21T19:46:23+00:00,0.3138,0.2524,0.3636,77,0.0649,0.0649,NOT_KEPT
ths0004730003,ths00047300,ths000473,15082026_16k_production_4_seeds_4_sizes,thsmall,2026-09-21T19:46:23+00:00,0.3121,0.2544,0.2727,77,0.0649,0.0649,NOT_KEPT
ths0004730006,ths00047300,ths000473,15082026_16k_production_4_seeds_4_sizes,thsmall,2026-09-21T19:46:23+00:00,0.3121,0.2527,0.4545,77,0.0649,0.0649,NOT_KEPT
ths0004730011,ths00047300,ths000473,15082026_16k_production_4_seeds_4_sizes,thsmall,2026-09-21T19:46:23+00:00,0.3121,0.2527,0.4545,77,0.0649,0.0649,NOT_KEPT
ths0004730012,ths00047300,ths000473,15082026_16k_production_4_seeds_4_sizes,thsmall,2026-09-21T19:46:23+00:00,0.3111,0.2519,0.3636,77,0.0649,0.0649,NOT_KEPT
ths0004730007,ths00047300,ths000473,15082026_16k_production_4_seeds_4_sizes,thsmall,2026-09-21T19:46:23+00:00,0.3058,0.2817,0.3636,77,0.0649,0.0649,NOT_KEPT
ths0004730009,ths00047300,ths000473,15082026_16k_production_4_seeds_4_sizes,thsmall,2026-09-21T19:46:23+00:00,0.2737,0.2556,0.2727,77,0.0649,0.0649,NOT_KEPT
ths0004730008,ths00047300,ths000473,15082026_16k_production_4_seeds_4_sizes,thsmall,2026-09-21T19:46:23+00:00,0.2673,0.292,0.1818,77,0.0779,0.0649,NOT_KEPT
ths0004730004,ths00047300,ths000473,15082026_16k_production_4_seeds_4_sizes,thsmall,2026-09-21T19:46:23+00:00,0.2632,0.2572,0.2727,77,0.0649,0.0649,NOT_KEPT
ths0004730016,ths00047300,ths000473,15082026_16k_production_4_seeds_4_sizes,thsmall,2026-09-21T19:46:23+00:00,0.2403,0.1744,0.2727,77,0.0649,0.0649,NOT_KEPT
ths0004731502,ths00047315,ths000473,15082026_16k_production_4_seeds_4_sizes,thsmall,2026-09-21T19:46:23+00:00,0.3109,0.4087,0.2727,77,0.0779,0.0779,KEPT
ths0004731511,ths00047315,ths000473,15082026_16k_production_4_seeds_4_sizes,thsmall,2026-09-21T19:46:23+00:00,0.3109,0.394,0.2727,77,0.0909,0.0779,KEPT
ths0004731505,ths00047315,ths000473,15082026_16k_production_4_seeds_4_sizes,thsmall,2026-09-21T19:46:23+00:00,0.3048,0.4029,0.3636,77,0.0909,0.0649,KEPT
ths0004731515,ths00047315,ths000473,15082026_16k_production_4_seeds_4_sizes,thsmall,2026-09-21T19:46:23+00:00,0.3004,0.3922,0.3636,77,0.0779,0.0779,NOT_KEPT
ths0004731504,ths00047315,ths000473,15082026_16k_production_4_seeds_4_sizes,thsmall,2026-09-21T19:46:23+00:00,0.2984,0.394,0.2727,77,0.0779,0.0779,NOT_KEPT
ths0004731509,ths00047315,ths000473,15082026_16k_production_4_seeds_4_sizes,thsmall,2026-09-21T19:46:23+00:00,0.2984,0.394,0.2727,77,0.0779,0.0779,NOT_KEPT
ths0004731506,ths00047315,ths000473,15082026_16k_production_4_seeds_4_sizes,thsmall,2026-09-21T19:46:23+00:00,0.2963,0.3813,0.1818,77,0.0779,0.0779,NOT_KEPT
ths0004731501,ths00047315,ths000473,15082026_16k_production_4_seeds_4_sizes,thsmall,2026-09-21T19:46:23+00:00,0.2962,0.4087,0.3636,77,0.0779,0.0649,NOT_KEPT
ths0004731514,ths00047315,ths000473,15082026_16k_production_4_seeds_4_sizes,thsmall,2026-09-21T19:46:23+00:00,0.293,0.3922,0.3636,77,0.0779,0.0779,NOT_KEPT
ths0004731503,ths00047315,ths000473,15082026_16k_production_4_seeds_4_sizes,thsmall,2026-09-21T19:46:23+00:00,0.2918,0.3813,0.1818,77,0.0779,0.0649,NOT_KEPT
ths0004731510,ths00047315,ths000473,15082026_16k_production_4_seeds_4_sizes,thsmall,2026-09-21T19:46:23+00:00,0.2842,0.394,0.3636,77,0.0779,0.0649,NOT_KEPT
ths0004731512,ths00047315,ths000473,15082026_16k_production_4_seeds_4_sizes,thsmall,2026-09-21T19:46:23+00:00,0.2841,0.4087,0.2727,77,0.0779,0.0649,NOT_KEPT
ths0004731513,ths00047315,ths000473,15082026_16k_production_4_seeds_4_sizes,thsmall,2026-09-21T19:46:23+00:00,0.2839,0.4087,0.3636,77,0.0779,0.0649,NOT_KEPT
ths0004731508,ths00047315,ths000473,15082026_16k_production_4_seeds_4_sizes,thsmall,2026-09-21T19:46:23+00:00,0.2803,0.3813,0.1818,77,0.0779,0.0649,NOT_KEPT
ths0004731507,ths00047315,ths000473,15082026_16k_production_4_seeds_4_sizes,thsmall,2026-09-21T19:46:23+00:00,0.2797,0.4125,0.3636,77,0.0779,0.0649,NOT_KEPT
ths0004731516,ths00047315,ths000473,15082026_16k_production_4_seeds_4_sizes,thsmall,2026-09-21T19:46:23+00:00,0.2668,0.3132,0.1818,77,0.0779,0.0779,NOT_KEPT
ths0004880001,ths00048800,ths000488,15082026_16k_production_4_seeds_4_sizes,thsmall,2026-09-21T19:46:23+00:00,0.4423,0.4237,0.7778,87,0.0920,0.0230,KEPT
ths0004880009,ths00048800,ths000488,15082026_16k_production_4_seeds_4_sizes,thsmall,2026-09-21T19:46:23+00:00,0.4423,0.4237,0.7778,87,0.0920,0.0230,KEPT
ths0004880015,ths00048800,ths000488,15082026_16k_production_4_seeds_4_sizes,thsmall,2026-09-21T19:46:23+00:00,0.4423,0.4237,0.7778,87,0.0920,0.0230,KEPT
ths0004880016,ths00048800,ths000488,15082026_16k_production_4_seeds_4_sizes,thsmall,2026-09-21T19:46:23+00:00,0.4295,0.4028,0.6667,87,0.0920,0.0230,NOT_KEPT
ths0004880005,ths00048800,ths000488,15082026_16k_production_4_seeds_4_sizes,thsmall,2026-09-21T19:46:23+00:00,0.4181,0.3827,0.6667,87,0.0920,0.0230,NOT_KEPT
ths0004880008,ths00048800,ths000488,15082026_16k_production_4_seeds_4_sizes,thsmall,2026-09-21T19:46:23+00:00,0.4181,0.3827,0.6667,87,0.0920,0.0230,NOT_KEPT
ths0004880002,ths00048800,ths000488,15082026_16k_production_4_seeds_4_sizes,thsmall,2026-09-21T19:46:23+00:00,0.3952,0.4236,0.6667,87,0.0805,0.0230,NOT_KEPT
ths0004880003,ths00048800,ths000488,15082026_16k_production_4_seeds_4_sizes,thsmall,2026-09-21T19:46:23+00:00,0.3952,0.4236,0.6667,87,0.0805,0.0230,NOT_KEPT
ths0004880006,ths00048800,ths000488,15082026_16k_production_4_seeds_4_sizes,thsmall,2026-09-21T19:46:23+00:00,0.3952,0.4236,0.6667,87,0.0805,0.0230,NOT_KEPT
ths0004880007,ths00048800,ths000488,15082026_16k_production_4_seeds_4_sizes,thsmall,2026-09-21T19:46:23+00:00,0.3952,0.4236,0.6667,87,0.0805,0.0230,NOT_KEPT
ths0004880010,ths00048800,ths000488,15082026_16k_production_4_seeds_4_sizes,thsmall,2026-09-21T19:46:23+00:00,0.3952,0.4236,0.6667,87,0.0805,0.0230,NOT_KEPT
ths0004880012,ths00048800,ths000488,15082026_16k_production_4_seeds_4_sizes,thsmall,2026-09-21T19:46:23+00:00,0.3952,0.4236,0.6667,87,0.0805,0.0230,NOT_KEPT
ths0004880013,ths00048800,ths000488,15082026_16k_production_4_seeds_4_sizes,thsmall,2026-09-21T19:46:23+00:00,0.3952,0.4236,0.6667,87,0.0805,0.0230,NOT_KEPT
ths0004880004,ths00048800,ths000488,15082026_16k_production_4_seeds_4_sizes,thsmall,2026-09-21T19:46:23+00:00,0.3848,0.4027,0.5556,87,0.0805,0.0230,NOT_KEPT
ths0004880011,ths00048800,ths000488,15082026_16k_production_4_seeds_4_sizes,thsmall,2026-09-21T19:46:23+00:00,0.3848,0.4027,0.5556,87,0.0805,0.0230,NOT_KEPT
ths0004880014,ths00048800,ths000488,15082026_16k_production_4_seeds_4_sizes,thsmall,2026-09-21T19:46:23+00:00,0.3848,0.4027,0.5556,87,0.0805,0.0230,NOT_KEPT
ths0005071103,ths00050711,ths000507,15082026_16k_production_4_seeds_4_sizes,thsmall,2026-09-21T19:46:23+00:00,0.4605,0.3732,0.6111,80,0.1125,0.1375,KEPT
ths0005071107,ths00050711,ths000507,15082026_16k_production_4_seeds_4_sizes,thsmall,2026-09-21T19:46:23+00:00,0.4605,0.3732,0.6111,80,0.1125,0.1375,KEPT
ths0005071108,ths00050711,ths000507,15082026_16k_production_4_seeds_4_sizes,thsmall,2026-09-21T19:46:23+00:00,0.4605,0.3732,0.6111,80,0.1125,0.1375,KEPT
ths0005071115,ths00050711,ths000507,15082026_16k_production_4_seeds_4_sizes,thsmall,2026-09-21T19:46:23+00:00,0.46,0.3776,0.6111,80,0.1125,0.1375,NOT_KEPT
ths0005071101,ths00050711,ths000507,15082026_16k_production_4_seeds_4_sizes,thsmall,2026-09-21T19:46:23+00:00,0.458,0.3698,0.6111,80,0.1125,0.1375,NOT_KEPT
ths0005071105,ths00050711,ths000507,15082026_16k_production_4_seeds_4_sizes,thsmall,2026-09-21T19:46:23+00:00,0.458,0.3698,0.6111,80,0.1125,0.1375,NOT_KEPT
ths0005071106,ths00050711,ths000507,15082026_16k_production_4_seeds_4_sizes,thsmall,2026-09-21T19:46:23+00:00,0.4271,0.344,0.6111,80,0.1000,0.1375,NOT_KEPT
ths0005071113,ths00050711,ths000507,15082026_16k_production_4_seeds_4_sizes,thsmall,2026-09-21T19:46:23+00:00,0.4271,0.344,0.6111,80,0.1000,0.1375,NOT_KEPT
ths0005071102,ths00050711,ths000507,15082026_16k_production_4_seeds_4_sizes,thsmall,2026-09-21T19:46:23+00:00,0.427,0.3495,0.6111,80,0.1000,0.1375,NOT_KEPT
ths0005071109,ths00050711,ths000507,15082026_16k_production_4_seeds_4_sizes,thsmall,2026-09-21T19:46:23+00:00,0.4247,0.3407,0.6111,80,0.1000,0.1375,NOT_KEPT
ths0005071110,ths00050711,ths000507,15082026_16k_production_4_seeds_4_sizes,thsmall,2026-09-21T19:46:23+00:00,0.4247,0.3407,0.6111,80,0.1000,0.1375,NOT_KEPT
ths0005071114,ths00050711,ths000507,15082026_16k_production_4_seeds_4_sizes,thsmall,2026-09-21T19:46:23+00:00,0.4247,0.3407,0.6111,80,0.1000,0.1375,NOT_KEPT
ths0005071104,ths00050711,ths000507,15082026_16k_production_4_seeds_4_sizes,thsmall,2026-09-21T19:46:23+00:00,0.4059,0.3672,0.6111,80,0.1000,0.1375,NOT_KEPT
ths0005071111,ths00050711,ths000507,15082026_16k_production_4_seeds_4_sizes,thsmall,2026-09-21T19:46:23+00:00,0.3961,0.3167,0.6111,80,0.1000,0.1250,NOT_KEPT
ths0005071112,ths00050711,ths000507,15082026_16k_production_4_seeds_4_sizes,thsmall,2026-09-21T19:46:23+00:00,0.3897,0.288,0.5556,80,0.1000,0.1250,NOT_KEPT
ths0005071116,ths00050711,ths000507,15082026_16k_production_4_seeds_4_sizes,thsmall,2026-09-21T19:46:23+00:00,0.3864,0.2907,0.6667,80,0.1000,0.1250,NOT_KEPT
ths0005100602,ths00051006,ths000510,15082026_16k_production_4_seeds_4_sizes,thsmall,2026-09-21T19:46:23+00:00,0.3616,0.5012,0.7778,80,0.0625,0.0500,KEPT
ths0005100603,ths00051006,ths000510,15082026_16k_production_4_seeds_4_sizes,thsmall,2026-09-21T19:46:23+00:00,0.3616,0.5012,0.7778,80,0.0625,0.0500,KEPT
ths0005100608,ths00051006,ths000510,15082026_16k_production_4_seeds_4_sizes,thsmall,2026-09-21T19:46:23+00:00,0.3616,0.5012,0.7778,80,0.0625,0.0500,KEPT
ths0005100611,ths00051006,ths000510,15082026_16k_production_4_seeds_4_sizes,thsmall,2026-09-21T19:46:23+00:00,0.3616,0.5012,0.7778,80,0.0625,0.0500,NOT_KEPT
ths0005100616,ths00051006,ths000510,15082026_16k_production_4_seeds_4_sizes,thsmall,2026-09-21T19:46:23+00:00,0.3616,0.5012,0.7778,80,0.0625,0.0500,NOT_KEPT
ths0005100613,ths00051006,ths000510,15082026_16k_production_4_seeds_4_sizes,thsmall,2026-09-21T19:46:23+00:00,0.3553,0.5032,0.6667,80,0.0625,0.0500,NOT_KEPT
ths0005100614,ths00051006,ths000510,15082026_16k_production_4_seeds_4_sizes,thsmall,2026-09-21T19:46:23+00:00,0.3553,0.5032,0.6667,80,0.0625,0.0500,NOT_KEPT
ths0005100615,ths00051006,ths000510,15082026_16k_production_4_seeds_4_sizes,thsmall,2026-09-21T19:46:23+00:00,0.3553,0.5032,0.6667,80,0.0625,0.0500,NOT_KEPT
ths0005100601,ths00051006,ths000510,15082026_16k_production_4_seeds_4_sizes,thsmall,2026-09-21T19:46:23+00:00,0.3518,0.5003,0.6667,80,0.0625,0.0500,NOT_KEPT
ths0005100609,ths00051006,ths000510,15082026_16k_production_4_seeds_4_sizes,thsmall,2026-09-21T19:46:23+00:00,0.3502,0.4963,0.8889,80,0.0625,0.0500,NOT_KEPT
ths0005100610,ths00051006,ths000510,15082026_16k_production_4_seeds_4_sizes,thsmall,2026-09-21T19:46:23+00:00,0.3502,0.4963,0.8889,80,0.0625,0.0500,NOT_KEPT
ths0005100612,ths00051006,ths000510,15082026_16k_production_4_seeds_4_sizes,thsmall,2026-09-21T19:46:23+00:00,0.3268,0.4956,0.8889,80,0.0625,0.0500,NOT_KEPT
ths0005100605,ths00051006,ths000510,15082026_16k_production_4_seeds_4_sizes,thsmall,2026-09-21T19:46:23+00:00,0.3248,0.491,0.7778,80,0.0625,0.0500,NOT_KEPT
ths0005100607,ths00051006,ths000510,15082026_16k_production_4_seeds_4_sizes,thsmall,2026-09-21T19:46:23+00:00,0.3168,0.506,0.6667,80,0.0625,0.0500,NOT_KEPT
ths0005100604,ths00051006,ths000510,15082026_16k_production_4_seeds_4_sizes,thsmall,2026-09-21T19:46:23+00:00,0.3159,0.5039,0.5556,80,0.0625,0.0500,NOT_KEPT
ths0005100606,ths00051006,ths000510,15082026_16k_production_4_seeds_4_sizes,thsmall,2026-09-21T19:46:23+00:00,0.3051,0.4983,0.6667,80,0.0625,0.0500,NOT_KEPT
ths0006260401,ths00062604,ths000626,15082026_16k_production_4_seeds_4_sizes,thsmall,2026-09-21T19:46:23+00:00,0.4189,0.4076,0.25,76,0.0526,0.0789,KEPT
ths0006260403,ths00062604,ths000626,15082026_16k_production_4_seeds_4_sizes,thsmall,2026-09-21T19:46:23+00:00,0.4189,0.4076,0.25,76,0.0526,0.0789,KEPT
ths0006260415,ths00062604,ths000626,15082026_16k_production_4_seeds_4_sizes,thsmall,2026-09-21T19:46:23+00:00,0.4189,0.4076,0.25,76,0.0526,0.0789,KEPT
ths0006260407,ths00062604,ths000626,15082026_16k_production_4_seeds_4_sizes,thsmall,2026-09-21T19:46:23+00:00,0.4156,0.4172,0.25,76,0.0526,0.0789,NOT_KEPT
ths0006260408,ths00062604,ths000626,15082026_16k_production_4_seeds_4_sizes,thsmall,2026-09-21T19:46:23+00:00,0.4156,0.4172,0.25,76,0.0526,0.0789,NOT_KEPT
ths0006260410,ths00062604,ths000626,15082026_16k_production_4_seeds_4_sizes,thsmall,2026-09-21T19:46:23+00:00,0.4156,0.4172,0.25,76,0.0526,0.0789,NOT_KEPT
ths0006260409,ths00062604,ths000626,15082026_16k_production_4_seeds_4_sizes,thsmall,2026-09-21T19:46:23+00:00,0.414,0.4005,0.25,76,0.0526,0.0789,NOT_KEPT
ths0006260411,ths00062604,ths000626,15082026_16k_production_4_seeds_4_sizes,thsmall,2026-09-21T19:46:23+00:00,0.4118,0.4111,0.25,76,0.0526,0.0789,NOT_KEPT
ths0006260406,ths00062604,ths000626,15082026_16k_production_4_seeds_4_sizes,thsmall,2026-09-21T19:46:23+00:00,0.4108,0.3948,0.3333,76,0.0526,0.0789,NOT_KEPT
ths0006260413,ths00062604,ths000626,15082026_16k_production_4_seeds_4_sizes,thsmall,2026-09-21T19:46:23+00:00,0.4101,0.3939,0.25,76,0.0526,0.0789,NOT_KEPT
ths0006260404,ths00062604,ths000626,15082026_16k_production_4_seeds_4_sizes,thsmall,2026-09-21T19:46:23+00:00,0.4029,0.3967,0.3333,76,0.0526,0.0789,NOT_KEPT
ths0006260402,ths00062604,ths000626,15082026_16k_production_4_seeds_4_sizes,thsmall,2026-09-21T19:46:23+00:00,0.3976,0.3745,0.3333,76,0.0526,0.0789,NOT_KEPT
ths0006260414,ths00062604,ths000626,15082026_16k_production_4_seeds_4_sizes,thsmall,2026-09-21T19:46:23+00:00,0.3976,0.3745,0.3333,76,0.0526,0.0789,NOT_KEPT
ths0006260412,ths00062604,ths000626,15082026_16k_production_4_seeds_4_sizes,thsmall,2026-09-21T19:46:23+00:00,0.3922,0.3674,0.25,76,0.0526,0.0789,NOT_KEPT
ths0006260405,ths00062604,ths000626,15082026_16k_production_4_seeds_4_sizes,thsmall,2026-09-21T19:46:23+00:00,0.3792,0.3616,0.4167,76,0.0526,0.0789,NOT_KEPT
ths0006260416,ths00062604,ths000626,15082026_16k_production_4_seeds_4_sizes,thsmall,2026-09-21T19:46:23+00:00,0.3786,0.3478,0.3333,76,0.0526,0.0789,NOT_KEPT
ths0006300001,ths00063000,ths000630,15082026_16k_production_4_seeds_4_sizes,thsmall,2026-09-21T19:46:23+00:00,0.3248,0.2887,0.4,72,0.0417,0.0694,KEPT
ths0006300002,ths00063000,ths000630,15082026_16k_production_4_seeds_4_sizes,thsmall,2026-09-21T19:46:23+00:00,0.3235,0.292,0.6,72,0.0417,0.0694,KEPT
ths0006300006,ths00063000,ths000630,15082026_16k_production_4_seeds_4_sizes,thsmall,2026-09-21T19:46:23+00:00,0.3235,0.292,0.6,72,0.0417,0.0694,KEPT
ths0006300015,ths00063000,ths000630,15082026_16k_production_4_seeds_4_sizes,thsmall,2026-09-21T19:46:23+00:00,0.3235,0.292,0.6,72,0.0417,0.0694,NOT_KEPT
ths0006300007,ths00063000,ths000630,15082026_16k_production_4_seeds_4_sizes,thsmall,2026-09-21T19:46:23+00:00,0.3179,0.2824,0.7,72,0.0417,0.0694,NOT_KEPT
ths0006300010,ths00063000,ths000630,15082026_16k_production_4_seeds_4_sizes,thsmall,2026-09-21T19:46:23+00:00,0.3179,0.2824,0.7,72,0.0417,0.0694,NOT_KEPT
ths0006300013,ths00063000,ths000630,15082026_16k_production_4_seeds_4_sizes,thsmall,2026-09-21T19:46:23+00:00,0.3154,0.2786,0.6,72,0.0417,0.0694,NOT_KEPT
ths0006300016,ths00063000,ths000630,15082026_16k_production_4_seeds_4_sizes,thsmall,2026-09-21T19:46:23+00:00,0.3154,0.2786,0.6,72,0.0417,0.0694,NOT_KEPT
ths0006300003,ths00063000,ths000630,15082026_16k_production_4_seeds_4_sizes,thsmall,2026-09-21T19:46:23+00:00,0.3153,0.277,0.6,72,0.0417,0.0694,NOT_KEPT
ths0006300009,ths00063000,ths000630,15082026_16k_production_4_seeds_4_sizes,thsmall,2026-09-21T19:46:23+00:00,0.313,0.2759,0.5,72,0.0417,0.0694,NOT_KEPT
ths0006300011,ths00063000,ths000630,15082026_16k_production_4_seeds_4_sizes,thsmall,2026-09-21T19:46:23+00:00,0.3117,0.2732,0.6,72,0.0417,0.0694,NOT_KEPT
ths0006300012,ths00063000,ths000630,15082026_16k_production_4_seeds_4_sizes,thsmall,2026-09-21T19:46:23+00:00,0.3117,0.2732,0.6,72,0.0417,0.0694,NOT_KEPT
ths0006300014,ths00063000,ths000630,15082026_16k_production_4_seeds_4_sizes,thsmall,2026-09-21T19:46:23+00:00,0.3086,0.2699,0.5,72,0.0417,0.0694,NOT_KEPT
ths0006300005,ths00063000,ths000630,15082026_16k_production_4_seeds_4_sizes,thsmall,2026-09-21T19:46:23+00:00,0.3019,0.2842,0.4,72,0.0417,0.0694,NOT_KEPT
ths0006300004,ths00063000,ths000630,15082026_16k_production_4_seeds_4_sizes,thsmall,2026-09-21T19:46:23+00:00,0.2994,0.2585,0.6,72,0.0417,0.0694,NOT_KEPT
ths0006300008,ths00063000,ths000630,15082026_16k_production_4_seeds_4_sizes,thsmall,2026-09-21T19:46:23+00:00,0.2964,0.2519,0.6,72,0.0417,0.0694,NOT_KEPT
ths0006300306,ths00063003,ths000630,15082026_16k_production_4_seeds_4_sizes,thsmall,2026-09-21T19:46:23+00:00,0.3404,0.3024,0.6,72,0.0694,0.0972,KEPT
ths0006300311,ths00063003,ths000630,15082026_16k_production_4_seeds_4_sizes,thsmall,2026-09-21T19:46:23+00:00,0.3404,0.3024,0.6,72,0.0694,0.0972,KEPT
ths0006300305,ths00063003,ths000630,15082026_16k_production_4_seeds_4_sizes,thsmall,2026-09-21T19:46:23+00:00,0.3377,0.2992,0.5333,72,0.0694,0.0972,KEPT
ths0006300313,ths00063003,ths000630,15082026_16k_production_4_seeds_4_sizes,thsmall,2026-09-21T19:46:23+00:00,0.3377,0.2992,0.5333,72,0.0694,0.0972,NOT_KEPT
ths0006300301,ths00063003,ths000630,15082026_16k_production_4_seeds_4_sizes,thsmall,2026-09-21T19:46:23+00:00,0.337,0.2979,0.6667,72,0.0694,0.0972,NOT_KEPT
ths0006300307,ths00063003,ths000630,15082026_16k_production_4_seeds_4_sizes,thsmall,2026-09-21T19:46:23+00:00,0.3354,0.2961,0.6,72,0.0694,0.0972,NOT_KEPT
ths0006300309,ths00063003,ths000630,15082026_16k_production_4_seeds_4_sizes,thsmall,2026-09-21T19:46:23+00:00,0.3343,0.2981,0.6,72,0.0694,0.0972,NOT_KEPT
ths0006300315,ths00063003,ths000630,15082026_16k_production_4_seeds_4_sizes,thsmall,2026-09-21T19:46:23+00:00,0.3343,0.2981,0.6,72,0.0694,0.0972,NOT_KEPT
ths0006300304,ths00063003,ths000630,15082026_16k_production_4_seeds_4_sizes,thsmall,2026-09-21T19:46:23+00:00,0.3316,0.2945,0.6667,72,0.0694,0.0972,NOT_KEPT
ths0006300312,ths00063003,ths000630,15082026_16k_production_4_seeds_4_sizes,thsmall,2026-09-21T19:46:23+00:00,0.3316,0.2945,0.6667,72,0.0694,0.0972,NOT_KEPT
ths0006300316,ths00063003,ths000630,15082026_16k_production_4_seeds_4_sizes,thsmall,2026-09-21T19:46:23+00:00,0.3316,0.2945,0.6667,72,0.0694,0.0972,NOT_KEPT
ths0006300314,ths00063003,ths000630,15082026_16k_production_4_seeds_4_sizes,thsmall,2026-09-21T19:46:23+00:00,0.3295,0.2884,0.5333,72,0.0694,0.0972,NOT_KEPT
ths0006300303,ths00063003,ths000630,15082026_16k_production_4_seeds_4_sizes,thsmall,2026-09-21T19:46:23+00:00,0.3247,0.2816,0.6667,72,0.0694,0.0972,NOT_KEPT
ths0006300310,ths00063003,ths000630,15082026_16k_production_4_seeds_4_sizes,thsmall,2026-09-21T19:46:23+00:00,0.3132,0.2703,0.6667,72,0.0694,0.0972,NOT_KEPT
ths0006300308,ths00063003,ths000630,15082026_16k_production_4_seeds_4_sizes,thsmall,2026-09-21T19:46:23+00:00,0.3115,0.2793,0.5333,72,0.0694,0.0972,NOT_KEPT
ths0006300302,ths00063003,ths000630,15082026_16k_production_4_seeds_4_sizes,thsmall,2026-09-21T19:46:23+00:00,0.3112,0.279,0.6,72,0.0694,0.0972,NOT_KEPT
ths0008921405,ths00089214,ths000892,15082026_16k_production_4_seeds_4_sizes,thsmall,2026-09-21T19:46:23+00:00,0.3074,0.2955,0.2,76,0.0395,0.0395,KEPT
ths0008921411,ths00089214,ths000892,15082026_16k_production_4_seeds_4_sizes,thsmall,2026-09-21T19:46:23+00:00,0.3074,0.2955,0.2,76,0.0395,0.0395,KEPT
ths0008921413,ths00089214,ths000892,15082026_16k_production_4_seeds_4_sizes,thsmall,2026-09-21T19:46:23+00:00,0.3022,0.2883,0.2,76,0.0395,0.0395,KEPT
ths0008921402,ths00089214,ths000892,15082026_16k_production_4_seeds_4_sizes,thsmall,2026-09-21T19:46:23+00:00,0.2951,0.2955,0.2,76,0.0395,0.0395,NOT_KEPT
ths0008921403,ths00089214,ths000892,15082026_16k_production_4_seeds_4_sizes,thsmall,2026-09-21T19:46:23+00:00,0.2937,0.2959,0.3,76,0.0395,0.0395,NOT_KEPT
ths0008921407,ths00089214,ths000892,15082026_16k_production_4_seeds_4_sizes,thsmall,2026-09-21T19:46:23+00:00,0.2906,0.2714,0.3,76,0.0395,0.0395,NOT_KEPT
ths0008921401,ths00089214,ths000892,15082026_16k_production_4_seeds_4_sizes,thsmall,2026-09-21T19:46:23+00:00,0.2896,0.2716,0.1,76,0.0395,0.0395,NOT_KEPT
ths0008921415,ths00089214,ths000892,15082026_16k_production_4_seeds_4_sizes,thsmall,2026-09-21T19:46:23+00:00,0.2883,0.2958,0.3,76,0.0395,0.0395,NOT_KEPT
ths0008921406,ths00089214,ths000892,15082026_16k_production_4_seeds_4_sizes,thsmall,2026-09-21T19:46:23+00:00,0.2828,0.2891,0.3,76,0.0395,0.0395,NOT_KEPT
ths0008921410,ths00089214,ths000892,15082026_16k_production_4_seeds_4_sizes,thsmall,2026-09-21T19:46:23+00:00,0.2809,0.2933,0.3,76,0.0395,0.0395,NOT_KEPT
ths0008921404,ths00089214,ths000892,15082026_16k_production_4_seeds_4_sizes,thsmall,2026-09-21T19:46:23+00:00,0.28,0.2768,0.2,76,0.0395,0.0395,NOT_KEPT
ths0008921414,ths00089214,ths000892,15082026_16k_production_4_seeds_4_sizes,thsmall,2026-09-21T19:46:23+00:00,0.2782,0.2787,0.2,76,0.0395,0.0395,NOT_KEPT
ths0008921409,ths00089214,ths000892,15082026_16k_production_4_seeds_4_sizes,thsmall,2026-09-21T19:46:23+00:00,0.2763,0.2759,0.2,76,0.0395,0.0395,NOT_KEPT
ths0008921412,ths00089214,ths000892,15082026_16k_production_4_seeds_4_sizes,thsmall,2026-09-21T19:46:23+00:00,0.2667,0.2857,0.2,76,0.0526,0.0395,NOT_KEPT
ths0008921408,ths00089214,ths000892,15082026_16k_production_4_seeds_4_sizes,thsmall,2026-09-21T19:46:23+00:00,0.2539,0.2406,0.1,76,0.0395,0.0395,NOT_KEPT
ths0008921416,ths00089214,ths000892,15082026_16k_production_4_seeds_4_sizes,thsmall,2026-09-21T19:46:23+00:00,0.2473,0.2309,0.2,76,0.0395,0.0395,NOT_KEPT
