protein_id,experiment_name,time_stamp,protein_cellulose_clash_cutoff,protein_protein_clash_cutoff,protein_protein_contacts_cutoff,rmsd_after_kabsch,protein_cellulose_clashes,protein_protein_clashes,clashing_residues,protein_protein_contacts,status,rejection_reason
shl010774,15082026_16k_production_4_seeds_4_sizes_20260818_pp_1p8_pc_2p2_cont_4p0_8p0,2026-08-18T17:10:42.927615,0,0,7,0.36388822028869644,14,7,"[(14, 72), (15, 73), (65, 42), (91, 29), (93, 82), (98, 79), (101, 31)]",404,REJECTED,"['more_than_0_protein_protein_clashes', 'protein_cellulose_clashes']"
shm009715,15082026_16k_production_4_seeds_4_sizes_20260818_pp_1p8_pc_2p2_cont_4p0_8p0,2026-08-18T17:10:34.585215,0,0,7,0.3574761984651799,4,5,"[(1, 77), (5, 75), (8, 25), (16, 28), (57, 35)]",371,REJECTED,"['more_than_0_protein_protein_clashes', 'protein_cellulose_clashes']"
shx011946,15082026_16k_production_4_seeds_4_sizes_20260818_pp_1p8_pc_2p2_cont_4p0_8p0,2026-08-18T17:09:40.698782,0,0,7,0.3486763001798586,36,3,"[(67, 33), (69, 43), (100, 46)]",391,REJECTED,"['more_than_0_protein_protein_clashes', 'protein_cellulose_clashes']"
shl010814,15082026_16k_production_4_seeds_4_sizes_20260818_pp_1p8_pc_2p2_cont_4p0_8p0,2026-08-18T17:10:43.066088,0,0,7,0.3590005296715941,0,4,"[(6, 73), (7, 81), (14, 78), (93, 46)]",323,REJECTED,['more_than_0_protein_protein_clashes']
shl010524,15082026_16k_production_4_seeds_4_sizes_20260818_pp_1p8_pc_2p2_cont_4p0_8p0,2026-08-18T17:10:42.021329,0,0,7,0.3733205039731554,0,3,"[(17, 79), (99, 31), (101, 33)]",306,REJECTED,['more_than_0_protein_protein_clashes']
thx003029,15082026_16k_production_4_seeds_4_sizes_20260818_pp_1p8_pc_2p2_cont_4p0_8p0,2026-08-18T17:10:10.433225,0,0,7,0.3661931711019617,47,3,"[(23, 34), (25, 82), (71, 43)]",348,REJECTED,"['more_than_0_protein_protein_clashes', 'protein_cellulose_clashes']"
shx011683,15082026_16k_production_4_seeds_4_sizes_20260818_pp_1p8_pc_2p2_cont_4p0_8p0,2026-08-18T17:09:35.849264,0,0,7,0.36453152215640156,14,5,"[(27, 81), (66, 43), (94, 78), (100, 83), (103, 37)]",309,REJECTED,"['more_than_0_protein_protein_clashes', 'protein_cellulose_clashes']"
shl010408,15082026_16k_production_4_seeds_4_sizes_20260818_pp_1p8_pc_2p2_cont_4p0_8p0,2026-08-18T17:10:41.745620,0,0,7,0.3615784231742443,75,4,"[(54, 35), (63, 73), (102, 78), (103, 80)]",358,REJECTED,"['more_than_0_protein_protein_clashes', 'protein_cellulose_clashes']"
thx003753,15082026_16k_production_4_seeds_4_sizes_20260818_pp_1p8_pc_2p2_cont_4p0_8p0,2026-08-18T17:10:25.297741,0,0,7,0.3471229838387273,67,6,"[(28, 81), (29, 82), (30, 83), (71, 51), (105, 93), (106, 41)]",350,REJECTED,"['more_than_0_protein_protein_clashes', 'protein_cellulose_clashes']"
shm009270,15082026_16k_production_4_seeds_4_sizes_20260818_pp_1p8_pc_2p2_cont_4p0_8p0,2026-08-18T17:10:33.109677,0,0,7,0.367051330506338,0,4,"[(47, 17), (50, 16), (86, 67), (92, 73)]",277,REJECTED,['more_than_0_protein_protein_clashes']
shx011460,15082026_16k_production_4_seeds_4_sizes_20260818_pp_1p8_pc_2p2_cont_4p0_8p0,2026-08-18T17:09:29.369382,0,0,7,0.37828748567261455,9,3,"[(79, 43), (114, 92), (115, 93)]",280,REJECTED,"['more_than_0_protein_protein_clashes', 'protein_cellulose_clashes']"
thl002008,15082026_16k_production_4_seeds_4_sizes_20260818_pp_1p8_pc_2p2_cont_4p0_8p0,2026-08-18T17:09:55.645403,0,0,7,0.38373898074767465,3,4,"[(5, 75), (12, 30), (107, 79), (108, 80)]",256,REJECTED,"['more_than_0_protein_protein_clashes', 'protein_cellulose_clashes']"
shx011630,15082026_16k_production_4_seeds_4_sizes_20260818_pp_1p8_pc_2p2_cont_4p0_8p0,2026-08-18T17:09:34.149356,0,0,7,0.33487097298353435,46,3,"[(2, 40), (26, 45), (29, 96)]",290,REJECTED,"['more_than_0_protein_protein_clashes', 'protein_cellulose_clashes']"
shm009005,15082026_16k_production_4_seeds_4_sizes_20260818_pp_1p8_pc_2p2_cont_4p0_8p0,2026-08-18T17:10:31.754105,0,0,7,0.36415448898588365,13,2,"[(90, 66), (91, 68)]",253,REJECTED,"['more_than_0_protein_protein_clashes', 'protein_cellulose_clashes']"
shm009523,15082026_16k_production_4_seeds_4_sizes_20260818_pp_1p8_pc_2p2_cont_4p0_8p0,2026-08-18T17:10:34.020949,0,0,7,0.37509266476606434,0,3,"[(4, 68), (46, 17), (82, 61)]",241,REJECTED,['more_than_0_protein_protein_clashes']
shx011110,15082026_16k_production_4_seeds_4_sizes_20260818_pp_1p8_pc_2p2_cont_4p0_8p0,2026-08-18T17:09:23.503295,0,0,7,0.36384892145648234,34,5,"[(17, 81), (20, 79), (97, 85), (101, 36), (102, 38)]",273,REJECTED,"['more_than_0_protein_protein_clashes', 'protein_cellulose_clashes']"
shx011660,15082026_16k_production_4_seeds_4_sizes_20260818_pp_1p8_pc_2p2_cont_4p0_8p0,2026-08-18T17:09:34.772268,0,0,7,0.36845558592108285,0,3,"[(17, 80), (20, 83), (62, 35)]",234,REJECTED,['more_than_0_protein_protein_clashes']
shm009654,15082026_16k_production_4_seeds_4_sizes_20260818_pp_1p8_pc_2p2_cont_4p0_8p0,2026-08-18T17:10:34.315641,0,0,7,0.3757024317844133,4,6,"[(1, 72), (3, 23), (5, 74), (8, 27), (9, 82), (104, 78)]",239,REJECTED,"['more_than_0_protein_protein_clashes', 'protein_cellulose_clashes']"
thx003722,15082026_16k_production_4_seeds_4_sizes_20260818_pp_1p8_pc_2p2_cont_4p0_8p0,2026-08-18T17:10:24.223544,0,0,7,0.39607384785005867,48,5,"[(18, 85), (19, 84), (23, 83), (61, 39), (102, 90)]",278,REJECTED,"['more_than_0_protein_protein_clashes', 'protein_cellulose_clashes']"
shx011023,15082026_16k_production_4_seeds_4_sizes_20260818_pp_1p8_pc_2p2_cont_4p0_8p0,2026-08-18T17:09:21.955464,0,0,7,0.37832449821083025,0,2,"[(19, 44), (22, 81)]",225,REJECTED,['more_than_0_protein_protein_clashes']
shm009738,15082026_16k_production_4_seeds_4_sizes_20260818_pp_1p8_pc_2p2_cont_4p0_8p0,2026-08-18T17:10:34.714493,0,0,7,0.36685146040237804,77,4,"[(55, 20), (57, 30), (58, 29), (92, 70)]",304,REJECTED,"['more_than_0_protein_protein_clashes', 'protein_cellulose_clashes']"
shm009264,15082026_16k_production_4_seeds_4_sizes_20260818_pp_1p8_pc_2p2_cont_4p0_8p0,2026-08-18T17:10:32.981977,0,0,7,0.3601972692344191,4,4,"[(9, 60), (11, 64), (74, 22), (83, 25)]",217,REJECTED,"['more_than_0_protein_protein_clashes', 'protein_cellulose_clashes']"
shl010269,15082026_16k_production_4_seeds_4_sizes_20260818_pp_1p8_pc_2p2_cont_4p0_8p0,2026-08-18T17:10:41.175045,0,0,7,0.3525885023332147,1,2,"[(87, 68), (89, 25)]",212,REJECTED,"['more_than_0_protein_protein_clashes', 'protein_cellulose_clashes']"
shm009245,15082026_16k_production_4_seeds_4_sizes_20260818_pp_1p8_pc_2p2_cont_4p0_8p0,2026-08-18T17:10:32.735050,0,0,7,0.3736458998192745,0,2,"[(7, 26), (88, 67)]",209,REJECTED,['more_than_0_protein_protein_clashes']
shm009336,15082026_16k_production_4_seeds_4_sizes_20260818_pp_1p8_pc_2p2_cont_4p0_8p0,2026-08-18T17:10:33.235785,0,0,7,0.35339443850234187,2,1,"[(91, 68)]",209,REJECTED,"['more_than_0_protein_protein_clashes', 'protein_cellulose_clashes']"
shx011923,15082026_16k_production_4_seeds_4_sizes_20260818_pp_1p8_pc_2p2_cont_4p0_8p0,2026-08-18T17:09:40.257098,0,0,7,0.35510061239942736,0,2,"[(16, 81), (19, 75)]",207,REJECTED,['more_than_0_protein_protein_clashes']
shx011387,15082026_16k_production_4_seeds_4_sizes_20260818_pp_1p8_pc_2p2_cont_4p0_8p0,2026-08-18T17:09:28.006899,0,0,7,0.360289413911548,12,2,"[(103, 44), (104, 45)]",218,REJECTED,"['more_than_0_protein_protein_clashes', 'protein_cellulose_clashes']"
shx011004,15082026_16k_production_4_seeds_4_sizes_20260818_pp_1p8_pc_2p2_cont_4p0_8p0,2026-08-18T17:09:21.582026,0,0,7,0.35364926895211046,0,1,"[(25, 82)]",200,REJECTED,['more_than_0_protein_protein_clashes']
shm009257,15082026_16k_production_4_seeds_4_sizes_20260818_pp_1p8_pc_2p2_cont_4p0_8p0,2026-08-18T17:10:32.859901,0,0,7,0.3565644907586705,3,1,"[(2, 70)]",203,REJECTED,"['more_than_0_protein_protein_clashes', 'protein_cellulose_clashes']"
thm001704,15082026_16k_production_4_seeds_4_sizes_20260818_pp_1p8_pc_2p2_cont_4p0_8p0,2026-08-18T17:09:50.906145,0,0,7,0.35958701372214236,0,4,"[(8, 80), (9, 75), (13, 78), (56, 72)]",201,REJECTED,['more_than_0_protein_protein_clashes']
thl002332,15082026_16k_production_4_seeds_4_sizes_20260818_pp_1p8_pc_2p2_cont_4p0_8p0,2026-08-18T17:09:57.913151,0,0,7,0.35964362656944876,43,5,"[(12, 92), (16, 90), (20, 88), (103, 42), (104, 45)]",244,REJECTED,"['more_than_0_protein_protein_clashes', 'protein_cellulose_clashes']"
shx011267,15082026_16k_production_4_seeds_4_sizes_20260818_pp_1p8_pc_2p2_cont_4p0_8p0,2026-08-18T17:09:26.671190,0,0,7,0.37318667686823237,175,3,"[(4, 55), (32, 91), (112, 89)]",373,REJECTED,"['more_than_0_protein_protein_clashes', 'protein_cellulose_clashes']"
shl010947,15082026_16k_production_4_seeds_4_sizes_20260818_pp_1p8_pc_2p2_cont_4p0_8p0,2026-08-18T17:10:44.544308,0,0,7,0.3652205489233366,56,1,"[(10, 86)]",250,REJECTED,"['more_than_0_protein_protein_clashes', 'protein_cellulose_clashes']"
ths000772,15082026_16k_production_4_seeds_4_sizes_20260818_pp_1p8_pc_2p2_cont_4p0_8p0,2026-08-18T17:10:07.945886,0,0,7,0.34808684103217147,0,3,"[(1, 73), (2, 20), (47, 27)]",195,REJECTED,['more_than_0_protein_protein_clashes']
shl010534,15082026_16k_production_4_seeds_4_sizes_20260818_pp_1p8_pc_2p2_cont_4p0_8p0,2026-08-18T17:10:42.167110,0,0,7,0.37394441067415407,0,4,"[(9, 73), (13, 75), (15, 26), (16, 27)]",195,REJECTED,['more_than_0_protein_protein_clashes']
thm001038,15082026_16k_production_4_seeds_4_sizes_20260818_pp_1p8_pc_2p2_cont_4p0_8p0,2026-08-18T17:09:44.542990,0,0,7,0.36346090850205975,0,5,"[(4, 59), (5, 60), (40, 16), (42, 22), (78, 26)]",194,REJECTED,['more_than_0_protein_protein_clashes']
shs008297,15082026_16k_production_4_seeds_4_sizes_20260818_pp_1p8_pc_2p2_cont_4p0_8p0,2026-08-18T17:09:42.162060,0,0,7,0.36288544455611477,0,2,"[(47, 73), (52, 64)]",187,REJECTED,['more_than_0_protein_protein_clashes']
thl002478,15082026_16k_production_4_seeds_4_sizes_20260818_pp_1p8_pc_2p2_cont_4p0_8p0,2026-08-18T17:09:58.358707,0,0,7,0.3584009675967805,76,1,"[(10, 28)]",262,REJECTED,"['more_than_0_protein_protein_clashes', 'protein_cellulose_clashes']"
shx011580,15082026_16k_production_4_seeds_4_sizes_20260818_pp_1p8_pc_2p2_cont_4p0_8p0,2026-08-18T17:09:32.451813,0,0,7,0.35957143970988864,70,4,"[(18, 86), (24, 84), (103, 91), (105, 34)]",256,REJECTED,"['more_than_0_protein_protein_clashes', 'protein_cellulose_clashes']"
shx011629,15082026_16k_production_4_seeds_4_sizes_20260818_pp_1p8_pc_2p2_cont_4p0_8p0,2026-08-18T17:09:33.933516,0,0,7,0.39784760426354165,28,5,"[(19, 75), (20, 74), (21, 79), (89, 32), (92, 30)]",215,REJECTED,"['more_than_0_protein_protein_clashes', 'protein_cellulose_clashes']"
shx011680,15082026_16k_production_4_seeds_4_sizes_20260818_pp_1p8_pc_2p2_cont_4p0_8p0,2026-08-18T17:09:35.418115,0,0,7,0.3762664758899775,0,1,"[(25, 43)]",182,REJECTED,['more_than_0_protein_protein_clashes']
shl010658,15082026_16k_production_4_seeds_4_sizes_20260818_pp_1p8_pc_2p2_cont_4p0_8p0,2026-08-18T17:10:42.320324,0,0,7,0.3869086123920877,30,3,"[(19, 82), (20, 81), (98, 79)]",214,REJECTED,"['more_than_0_protein_protein_clashes', 'protein_cellulose_clashes']"
shx011422,15082026_16k_production_4_seeds_4_sizes_20260818_pp_1p8_pc_2p2_cont_4p0_8p0,2026-08-18T17:09:28.782615,0,0,7,0.3841581165534598,2,4,"[(111, 89), (114, 96), (117, 94), (118, 41)]",186,REJECTED,"['more_than_0_protein_protein_clashes', 'protein_cellulose_clashes']"
thl002092,15082026_16k_production_4_seeds_4_sizes_20260818_pp_1p8_pc_2p2_cont_4p0_8p0,2026-08-18T17:09:56.319098,0,0,7,0.37158536193605113,2,1,"[(20, 76)]",183,REJECTED,"['more_than_0_protein_protein_clashes', 'protein_cellulose_clashes']"
shm009895,15082026_16k_production_4_seeds_4_sizes_20260818_pp_1p8_pc_2p2_cont_4p0_8p0,2026-08-18T17:10:35.378355,0,0,7,0.3525888495838305,1,3,"[(4, 78), (6, 72), (11, 75)]",184,REJECTED,"['more_than_0_protein_protein_clashes', 'protein_cellulose_clashes']"
shm009937,15082026_16k_production_4_seeds_4_sizes_20260818_pp_1p8_pc_2p2_cont_4p0_8p0,2026-08-18T17:10:35.782471,0,0,7,0.37412767014188303,0,4,"[(6, 76), (9, 77), (54, 24), (60, 71)]",184,REJECTED,['more_than_0_protein_protein_clashes']
shx011083,15082026_16k_production_4_seeds_4_sizes_20260818_pp_1p8_pc_2p2_cont_4p0_8p0,2026-08-18T17:09:23.162653,0,0,7,0.33967116943659464,0,1,"[(110, 37)]",180,REJECTED,['more_than_0_protein_protein_clashes']
shm009857,15082026_16k_production_4_seeds_4_sizes_20260818_pp_1p8_pc_2p2_cont_4p0_8p0,2026-08-18T17:10:35.099571,0,0,7,0.36790670128664776,0,4,"[(7, 71), (8, 64), (10, 69), (13, 68)]",183,REJECTED,['more_than_0_protein_protein_clashes']
shx011092,15082026_16k_production_4_seeds_4_sizes_20260818_pp_1p8_pc_2p2_cont_4p0_8p0,2026-08-18T17:09:23.331071,0,0,7,0.3539757161834044,0,1,"[(100, 39)]",179,REJECTED,['more_than_0_protein_protein_clashes']
thm001145,15082026_16k_production_4_seeds_4_sizes_20260818_pp_1p8_pc_2p2_cont_4p0_8p0,2026-08-18T17:09:45.931716,0,0,7,0.36040907541821887,5,3,"[(2, 22), (11, 74), (93, 72)]",185,REJECTED,"['more_than_0_protein_protein_clashes', 'protein_cellulose_clashes']"
thm001880,15082026_16k_production_4_seeds_4_sizes_20260818_pp_1p8_pc_2p2_cont_4p0_8p0,2026-08-18T17:09:52.829936,0,0,7,0.35076166200069187,11,1,"[(86, 73)]",188,REJECTED,"['more_than_0_protein_protein_clashes', 'protein_cellulose_clashes']"
ths000880,15082026_16k_production_4_seeds_4_sizes_20260818_pp_1p8_pc_2p2_cont_4p0_8p0,2026-08-18T17:10:08.895679,0,0,7,0.33349604181625825,2,0,[],178,REJECTED,['protein_cellulose_clashes']
shm009107,15082026_16k_production_4_seeds_4_sizes_20260818_pp_1p8_pc_2p2_cont_4p0_8p0,2026-08-18T17:10:32.093464,0,0,7,0.3729438023347983,0,0,[],176,PASSED,[]
thx003721,15082026_16k_production_4_seeds_4_sizes_20260818_pp_1p8_pc_2p2_cont_4p0_8p0,2026-08-18T17:10:24.027729,0,0,7,0.3643035515483622,0,0,[],175,PASSED,[]
thx003928,15082026_16k_production_4_seeds_4_sizes_20260818_pp_1p8_pc_2p2_cont_4p0_8p0,2026-08-18T17:10:29.304001,0,0,7,0.35131631432559396,3,4,"[(1, 93), (30, 41), (31, 102), (112, 43)]",180,REJECTED,"['more_than_0_protein_protein_clashes', 'protein_cellulose_clashes']"
shx011329,15082026_16k_production_4_seeds_4_sizes_20260818_pp_1p8_pc_2p2_cont_4p0_8p0,2026-08-18T17:09:27.635896,0,0,7,0.36155694997314625,0,3,"[(94, 34), (95, 85), (96, 75)]",175,REJECTED,['more_than_0_protein_protein_clashes']
shm009776,15082026_16k_production_4_seeds_4_sizes_20260818_pp_1p8_pc_2p2_cont_4p0_8p0,2026-08-18T17:10:34.832763,0,0,7,0.3439458622166322,2,4,"[(8, 63), (10, 60), (47, 22), (76, 65)]",178,REJECTED,"['more_than_0_protein_protein_clashes', 'protein_cellulose_clashes']"
shx011597,15082026_16k_production_4_seeds_4_sizes_20260818_pp_1p8_pc_2p2_cont_4p0_8p0,2026-08-18T17:09:32.656424,0,0,7,0.36023702855743317,6,2,"[(23, 83), (26, 79)]",175,REJECTED,"['more_than_0_protein_protein_clashes', 'protein_cellulose_clashes']"
shx011754,15082026_16k_production_4_seeds_4_sizes_20260818_pp_1p8_pc_2p2_cont_4p0_8p0,2026-08-18T17:09:36.919165,0,0,7,0.36648113690064305,0,0,[],167,PASSED,[]
thx003298,15082026_16k_production_4_seeds_4_sizes_20260818_pp_1p8_pc_2p2_cont_4p0_8p0,2026-08-18T17:10:15.911849,0,0,7,0.34998565063270703,1,7,"[(27, 93), (29, 95), (31, 86), (110, 88), (111, 89), (112, 92), (113, 91)]",175,REJECTED,"['more_than_0_protein_protein_clashes', 'protein_cellulose_clashes']"
thx003798,15082026_16k_production_4_seeds_4_sizes_20260818_pp_1p8_pc_2p2_cont_4p0_8p0,2026-08-18T17:10:25.921546,0,0,7,0.3460930716764619,0,4,"[(23, 79), (24, 77), (25, 76), (29, 74)]",171,REJECTED,['more_than_0_protein_protein_clashes']
shx011835,15082026_16k_production_4_seeds_4_sizes_20260818_pp_1p8_pc_2p2_cont_4p0_8p0,2026-08-18T17:09:38.476654,0,0,7,0.3595967098139713,58,2,"[(103, 55), (104, 56)]",224,REJECTED,"['more_than_0_protein_protein_clashes', 'protein_cellulose_clashes']"
shx011711,15082026_16k_production_4_seeds_4_sizes_20260818_pp_1p8_pc_2p2_cont_4p0_8p0,2026-08-18T17:09:36.270182,0,0,7,0.35347230317293904,0,3,"[(28, 86), (30, 80), (99, 41)]",166,REJECTED,['more_than_0_protein_protein_clashes']
thx003617,15082026_16k_production_4_seeds_4_sizes_20260818_pp_1p8_pc_2p2_cont_4p0_8p0,2026-08-18T17:10:22.791366,0,0,7,0.33420903883955305,1,1,"[(30, 82)]",165,REJECTED,"['more_than_0_protein_protein_clashes', 'protein_cellulose_clashes']"
thx003929,15082026_16k_production_4_seeds_4_sizes_20260818_pp_1p8_pc_2p2_cont_4p0_8p0,2026-08-18T17:10:29.523448,0,0,7,0.3622222892635271,14,5,"[(18, 83), (19, 84), (20, 77), (25, 75), (26, 76)]",182,REJECTED,"['more_than_0_protein_protein_clashes', 'protein_cellulose_clashes']"
shl010308,15082026_16k_production_4_seeds_4_sizes_20260818_pp_1p8_pc_2p2_cont_4p0_8p0,2026-08-18T17:10:41.457937,0,0,7,0.3776175388054992,0,2,"[(102, 31), (104, 30)]",164,REJECTED,['more_than_0_protein_protein_clashes']
shl010913,15082026_16k_production_4_seeds_4_sizes_20260818_pp_1p8_pc_2p2_cont_4p0_8p0,2026-08-18T17:10:44.093232,0,0,7,0.3543931905004935,10,4,"[(55, 26), (58, 24), (97, 74), (102, 77)]",176,REJECTED,"['more_than_0_protein_protein_clashes', 'protein_cellulose_clashes']"
thx003072,15082026_16k_production_4_seeds_4_sizes_20260818_pp_1p8_pc_2p2_cont_4p0_8p0,2026-08-18T17:10:11.566850,0,0,7,0.35888463178665275,27,1,"[(56, 79)]",188,REJECTED,"['more_than_0_protein_protein_clashes', 'protein_cellulose_clashes']"
thx003093,15082026_16k_production_4_seeds_4_sizes_20260818_pp_1p8_pc_2p2_cont_4p0_8p0,2026-08-18T17:10:12.051397,0,0,7,0.3838128830485804,0,0,[],160,PASSED,[]
shx011154,15082026_16k_production_4_seeds_4_sizes_20260818_pp_1p8_pc_2p2_cont_4p0_8p0,2026-08-18T17:09:24.194721,0,0,7,0.3507609693166322,6,1,"[(72, 35)]",166,REJECTED,"['more_than_0_protein_protein_clashes', 'protein_cellulose_clashes']"
shs008995,15082026_16k_production_4_seeds_4_sizes_20260818_pp_1p8_pc_2p2_cont_4p0_8p0,2026-08-18T17:09:44.151044,0,0,7,0.3889153022762495,1,1,"[(4, 69)]",161,REJECTED,"['more_than_0_protein_protein_clashes', 'protein_cellulose_clashes']"
shm009437,15082026_16k_production_4_seeds_4_sizes_20260818_pp_1p8_pc_2p2_cont_4p0_8p0,2026-08-18T17:10:33.614249,0,0,7,0.35712844241271274,2,2,"[(89, 70), (94, 73)]",159,REJECTED,"['more_than_0_protein_protein_clashes', 'protein_cellulose_clashes']"
shx011075,15082026_16k_production_4_seeds_4_sizes_20260818_pp_1p8_pc_2p2_cont_4p0_8p0,2026-08-18T17:09:22.813376,0,0,7,0.38016667872199317,0,3,"[(10, 88), (104, 84), (108, 36)]",157,REJECTED,['more_than_0_protein_protein_clashes']
shm009710,15082026_16k_production_4_seeds_4_sizes_20260818_pp_1p8_pc_2p2_cont_4p0_8p0,2026-08-18T17:10:34.451142,0,0,7,0.37789287587315823,0,2,"[(3, 24), (8, 33)]",155,REJECTED,['more_than_0_protein_protein_clashes']
shl010929,15082026_16k_production_4_seeds_4_sizes_20260818_pp_1p8_pc_2p2_cont_4p0_8p0,2026-08-18T17:10:44.235817,0,0,7,0.341757610531644,0,3,"[(90, 69), (91, 68), (96, 72)]",156,REJECTED,['more_than_0_protein_protein_clashes']
shx011120,15082026_16k_production_4_seeds_4_sizes_20260818_pp_1p8_pc_2p2_cont_4p0_8p0,2026-08-18T17:09:23.668511,0,0,7,0.3671975973157958,0,0,[],152,PASSED,[]
shx011631,15082026_16k_production_4_seeds_4_sizes_20260818_pp_1p8_pc_2p2_cont_4p0_8p0,2026-08-18T17:09:34.346918,0,0,7,0.3546737164066023,9,1,"[(99, 39)]",161,REJECTED,"['more_than_0_protein_protein_clashes', 'protein_cellulose_clashes']"
ths000395,15082026_16k_production_4_seeds_4_sizes_20260818_pp_1p8_pc_2p2_cont_4p0_8p0,2026-08-18T17:10:03.829777,0,0,7,0.35461902134562023,0,3,"[(41, 66), (46, 69), (48, 57)]",154,REJECTED,['more_than_0_protein_protein_clashes']
thx003470,15082026_16k_production_4_seeds_4_sizes_20260818_pp_1p8_pc_2p2_cont_4p0_8p0,2026-08-18T17:10:19.547997,0,0,7,0.3622726853996096,26,2,"[(27, 81), (98, 85)]",178,REJECTED,"['more_than_0_protein_protein_clashes', 'protein_cellulose_clashes']"
thx003687,15082026_16k_production_4_seeds_4_sizes_20260818_pp_1p8_pc_2p2_cont_4p0_8p0,2026-08-18T17:10:23.621044,0,0,7,0.3626974197313239,18,2,"[(19, 44), (106, 86)]",170,REJECTED,"['more_than_0_protein_protein_clashes', 'protein_cellulose_clashes']"
thx003320,15082026_16k_production_4_seeds_4_sizes_20260818_pp_1p8_pc_2p2_cont_4p0_8p0,2026-08-18T17:10:16.281160,0,0,7,0.34451458535715934,0,1,"[(100, 86)]",150,REJECTED,['more_than_0_protein_protein_clashes']
shx011618,15082026_16k_production_4_seeds_4_sizes_20260818_pp_1p8_pc_2p2_cont_4p0_8p0,2026-08-18T17:09:33.312522,0,0,7,0.374466892719127,22,4,"[(21, 91), (105, 88), (107, 40), (109, 41)]",174,REJECTED,"['more_than_0_protein_protein_clashes', 'protein_cellulose_clashes']"
thm001964,15082026_16k_production_4_seeds_4_sizes_20260818_pp_1p8_pc_2p2_cont_4p0_8p0,2026-08-18T17:09:53.896870,0,0,7,0.3470182252431959,0,1,"[(77, 16)]",149,REJECTED,['more_than_0_protein_protein_clashes']
shl010817,15082026_16k_production_4_seeds_4_sizes_20260818_pp_1p8_pc_2p2_cont_4p0_8p0,2026-08-18T17:10:43.201298,0,0,7,0.3594563031206554,0,5,"[(1, 76), (4, 74), (6, 67), (10, 70), (11, 71)]",153,REJECTED,['more_than_0_protein_protein_clashes']
thx003901,15082026_16k_production_4_seeds_4_sizes_20260818_pp_1p8_pc_2p2_cont_4p0_8p0,2026-08-18T17:10:28.815209,0,0,7,0.3760264886176162,0,1,"[(24, 82)]",148,REJECTED,['more_than_0_protein_protein_clashes']
shs008711,15082026_16k_production_4_seeds_4_sizes_20260818_pp_1p8_pc_2p2_cont_4p0_8p0,2026-08-18T17:09:43.424566,0,0,7,0.3671789873024325,0,1,"[(83, 62)]",146,REJECTED,['more_than_0_protein_protein_clashes']
thx003595,15082026_16k_production_4_seeds_4_sizes_20260818_pp_1p8_pc_2p2_cont_4p0_8p0,2026-08-18T17:10:22.167564,0,0,7,0.3467689341411665,2,0,[],146,REJECTED,['protein_cellulose_clashes']
shm009029,15082026_16k_production_4_seeds_4_sizes_20260818_pp_1p8_pc_2p2_cont_4p0_8p0,2026-08-18T17:10:31.868444,0,0,7,0.3470508368732269,0,0,[],144,PASSED,[]
thm001588,15082026_16k_production_4_seeds_4_sizes_20260818_pp_1p8_pc_2p2_cont_4p0_8p0,2026-08-18T17:09:49.799030,0,0,7,0.3818134718296486,0,2,"[(1, 74), (4, 73)]",145,REJECTED,['more_than_0_protein_protein_clashes']
thl002504,15082026_16k_production_4_seeds_4_sizes_20260818_pp_1p8_pc_2p2_cont_4p0_8p0,2026-08-18T17:09:58.647579,0,0,7,0.352615406616405,0,1,"[(13, 72)]",144,REJECTED,['more_than_0_protein_protein_clashes']
thx003426,15082026_16k_production_4_seeds_4_sizes_20260818_pp_1p8_pc_2p2_cont_4p0_8p0,2026-08-18T17:10:18.009251,0,0,7,0.3503275043640068,0,1,"[(26, 79)]",144,REJECTED,['more_than_0_protein_protein_clashes']
shl010682,15082026_16k_production_4_seeds_4_sizes_20260818_pp_1p8_pc_2p2_cont_4p0_8p0,2026-08-18T17:10:42.484226,0,0,7,0.3483093789408517,0,1,"[(74, 83)]",144,REJECTED,['more_than_0_protein_protein_clashes']
thm001975,15082026_16k_production_4_seeds_4_sizes_20260818_pp_1p8_pc_2p2_cont_4p0_8p0,2026-08-18T17:09:54.519145,0,0,7,0.3657845720433286,0,0,[],142,PASSED,[]
ths000587,15082026_16k_production_4_seeds_4_sizes_20260818_pp_1p8_pc_2p2_cont_4p0_8p0,2026-08-18T17:10:06.044181,0,0,7,0.3665275220135692,0,1,"[(49, 67)]",140,REJECTED,['more_than_0_protein_protein_clashes']
thx003796,15082026_16k_production_4_seeds_4_sizes_20260818_pp_1p8_pc_2p2_cont_4p0_8p0,2026-08-18T17:10:25.715700,0,0,7,0.34110152041055386,0,1,"[(92, 69)]",139,REJECTED,['more_than_0_protein_protein_clashes']
thm001343,15082026_16k_production_4_seeds_4_sizes_20260818_pp_1p8_pc_2p2_cont_4p0_8p0,2026-08-18T17:09:48.047428,0,0,7,0.36551616800317777,0,3,"[(7, 62), (9, 66), (12, 65)]",140,REJECTED,['more_than_0_protein_protein_clashes']
thm001950,15082026_16k_production_4_seeds_4_sizes_20260818_pp_1p8_pc_2p2_cont_4p0_8p0,2026-08-18T17:09:53.587534,0,0,7,0.34618175388735295,0,1,"[(4, 65)]",135,REJECTED,['more_than_0_protein_protein_clashes']
thl002209,15082026_16k_production_4_seeds_4_sizes_20260818_pp_1p8_pc_2p2_cont_4p0_8p0,2026-08-18T17:09:57.180792,0,0,7,0.3537893557746564,0,3,"[(10, 67), (83, 63), (84, 72)]",137,REJECTED,['more_than_0_protein_protein_clashes']
thm001080,15082026_16k_production_4_seeds_4_sizes_20260818_pp_1p8_pc_2p2_cont_4p0_8p0,2026-08-18T17:09:45.185566,0,0,7,0.34691165637038257,0,0,[],131,PASSED,[]
thx003329,15082026_16k_production_4_seeds_4_sizes_20260818_pp_1p8_pc_2p2_cont_4p0_8p0,2026-08-18T17:10:16.818818,0,0,7,0.3595665261147816,2,2,"[(31, 88), (101, 53)]",134,REJECTED,"['more_than_0_protein_protein_clashes', 'protein_cellulose_clashes']"
thx003870,15082026_16k_production_4_seeds_4_sizes_20260818_pp_1p8_pc_2p2_cont_4p0_8p0,2026-08-18T17:10:28.105203,0,0,7,0.3628526754752478,6,1,"[(109, 85)]",137,REJECTED,"['more_than_0_protein_protein_clashes', 'protein_cellulose_clashes']"
thx003479,15082026_16k_production_4_seeds_4_sizes_20260818_pp_1p8_pc_2p2_cont_4p0_8p0,2026-08-18T17:10:19.970995,0,0,7,0.3365996313195875,12,2,"[(111, 85), (112, 90)]",143,REJECTED,"['more_than_0_protein_protein_clashes', 'protein_cellulose_clashes']"
thx003935,15082026_16k_production_4_seeds_4_sizes_20260818_pp_1p8_pc_2p2_cont_4p0_8p0,2026-08-18T17:10:29.965078,0,0,7,0.3207043419700696,21,1,"[(28, 84)]",151,REJECTED,"['more_than_0_protein_protein_clashes', 'protein_cellulose_clashes']"
thx003815,15082026_16k_production_4_seeds_4_sizes_20260818_pp_1p8_pc_2p2_cont_4p0_8p0,2026-08-18T17:10:26.342454,0,0,7,0.32497373250107664,0,0,[],128,PASSED,[]
shl010903,15082026_16k_production_4_seeds_4_sizes_20260818_pp_1p8_pc_2p2_cont_4p0_8p0,2026-08-18T17:10:43.945812,0,0,7,0.3686877856451232,0,0,[],128,PASSED,[]
thm001129,15082026_16k_production_4_seeds_4_sizes_20260818_pp_1p8_pc_2p2_cont_4p0_8p0,2026-08-18T17:09:45.537660,0,0,7,0.37223693009650277,0,4,"[(2, 72), (3, 23), (6, 70), (9, 69)]",131,REJECTED,['more_than_0_protein_protein_clashes']
thm001164,15082026_16k_production_4_seeds_4_sizes_20260818_pp_1p8_pc_2p2_cont_4p0_8p0,2026-08-18T17:09:46.181711,0,0,7,0.33746047859613804,0,2,"[(3, 71), (6, 70)]",128,REJECTED,['more_than_0_protein_protein_clashes']
thl002548,15082026_16k_production_4_seeds_4_sizes_20260818_pp_1p8_pc_2p2_cont_4p0_8p0,2026-08-18T17:09:58.801250,0,0,7,0.36232216824269436,2,1,"[(64, 37)]",129,REJECTED,"['more_than_0_protein_protein_clashes', 'protein_cellulose_clashes']"
shl010228,15082026_16k_production_4_seeds_4_sizes_20260818_pp_1p8_pc_2p2_cont_4p0_8p0,2026-08-18T17:10:40.772251,0,0,7,0.35912197137481894,0,0,[],125,PASSED,[]
thm001847,15082026_16k_production_4_seeds_4_sizes_20260818_pp_1p8_pc_2p2_cont_4p0_8p0,2026-08-18T17:09:52.390267,0,0,7,0.36137296061760454,0,2,"[(1, 73), (2, 72)]",126,REJECTED,['more_than_0_protein_protein_clashes']
shx011227,15082026_16k_production_4_seeds_4_sizes_20260818_pp_1p8_pc_2p2_cont_4p0_8p0,2026-08-18T17:09:26.268169,0,0,7,0.3648336169989361,0,2,"[(95, 37), (98, 38)]",125,REJECTED,['more_than_0_protein_protein_clashes']
shx011499,15082026_16k_production_4_seeds_4_sizes_20260818_pp_1p8_pc_2p2_cont_4p0_8p0,2026-08-18T17:09:30.579759,0,0,7,0.3494409687485039,28,2,"[(96, 74), (99, 81)]",153,REJECTED,"['more_than_0_protein_protein_clashes', 'protein_cellulose_clashes']"
thm001399,15082026_16k_production_4_seeds_4_sizes_20260818_pp_1p8_pc_2p2_cont_4p0_8p0,2026-08-18T17:09:48.833024,0,0,7,0.33852070970530035,0,0,[],123,PASSED,[]
thx003208,15082026_16k_production_4_seeds_4_sizes_20260818_pp_1p8_pc_2p2_cont_4p0_8p0,2026-08-18T17:10:14.280485,0,0,7,0.35624482473767594,31,2,"[(98, 80), (101, 79)]",156,REJECTED,"['more_than_0_protein_protein_clashes', 'protein_cellulose_clashes']"
shl010260,15082026_16k_production_4_seeds_4_sizes_20260818_pp_1p8_pc_2p2_cont_4p0_8p0,2026-08-18T17:10:40.901932,0,0,7,0.35054238909988983,0,1,"[(60, 25)]",124,REJECTED,['more_than_0_protein_protein_clashes']
shx011778,15082026_16k_production_4_seeds_4_sizes_20260818_pp_1p8_pc_2p2_cont_4p0_8p0,2026-08-18T17:09:37.362425,0,0,7,0.3459553935637259,35,2,"[(104, 83), (108, 86)]",159,REJECTED,"['more_than_0_protein_protein_clashes', 'protein_cellulose_clashes']"
thx003294,15082026_16k_production_4_seeds_4_sizes_20260818_pp_1p8_pc_2p2_cont_4p0_8p0,2026-08-18T17:10:15.734898,0,0,7,0.393221213101436,0,0,[],122,PASSED,[]
thm001933,15082026_16k_production_4_seeds_4_sizes_20260818_pp_1p8_pc_2p2_cont_4p0_8p0,2026-08-18T17:09:53.272370,0,0,7,0.38375895292818096,0,1,"[(1, 21)]",122,REJECTED,['more_than_0_protein_protein_clashes']
thl002094,15082026_16k_production_4_seeds_4_sizes_20260818_pp_1p8_pc_2p2_cont_4p0_8p0,2026-08-18T17:09:56.440244,0,0,7,0.3522034607787236,68,3,"[(10, 66), (47, 26), (86, 61)]",192,REJECTED,"['more_than_0_protein_protein_clashes', 'protein_cellulose_clashes']"
thx003328,15082026_16k_production_4_seeds_4_sizes_20260818_pp_1p8_pc_2p2_cont_4p0_8p0,2026-08-18T17:10:16.639064,0,0,7,0.3255134597966284,0,0,[],121,PASSED,[]
hsx015039,15082026_16k_production_4_seeds_4_sizes_20260818_pp_1p8_pc_2p2_cont_4p0_8p0,2026-08-18T17:10:39.094606,0,0,7,0.35167777435918496,0,0,[],121,PASSED,[]
shx011895,15082026_16k_production_4_seeds_4_sizes_20260818_pp_1p8_pc_2p2_cont_4p0_8p0,2026-08-18T17:09:39.562106,0,0,7,0.3568794568855851,0,1,"[(100, 77)]",121,REJECTED,['more_than_0_protein_protein_clashes']
ths000621,15082026_16k_production_4_seeds_4_sizes_20260818_pp_1p8_pc_2p2_cont_4p0_8p0,2026-08-18T17:10:06.474629,0,0,7,0.3587527519363173,1,1,"[(4, 69)]",122,REJECTED,"['more_than_0_protein_protein_clashes', 'protein_cellulose_clashes']"
thx003287,15082026_16k_production_4_seeds_4_sizes_20260818_pp_1p8_pc_2p2_cont_4p0_8p0,2026-08-18T17:10:15.555167,0,0,7,0.35421182456561945,0,2,"[(26, 80), (27, 79)]",122,REJECTED,['more_than_0_protein_protein_clashes']
thx003060,15082026_16k_production_4_seeds_4_sizes_20260818_pp_1p8_pc_2p2_cont_4p0_8p0,2026-08-18T17:10:11.117869,0,0,7,0.34271059521925784,14,3,"[(24, 42), (106, 82), (107, 88)]",136,REJECTED,"['more_than_0_protein_protein_clashes', 'protein_cellulose_clashes']"
thm001716,15082026_16k_production_4_seeds_4_sizes_20260818_pp_1p8_pc_2p2_cont_4p0_8p0,2026-08-18T17:09:51.067261,0,0,7,0.3267230292536726,5,0,[],122,REJECTED,['protein_cellulose_clashes']
thm001984,15082026_16k_production_4_seeds_4_sizes_20260818_pp_1p8_pc_2p2_cont_4p0_8p0,2026-08-18T17:09:54.995580,0,0,7,0.35619917968400383,0,1,"[(85, 65)]",118,REJECTED,['more_than_0_protein_protein_clashes']
shm009923,15082026_16k_production_4_seeds_4_sizes_20260818_pp_1p8_pc_2p2_cont_4p0_8p0,2026-08-18T17:10:35.645462,0,0,7,0.3518093376022326,0,0,[],117,PASSED,[]
shx011825,15082026_16k_production_4_seeds_4_sizes_20260818_pp_1p8_pc_2p2_cont_4p0_8p0,2026-08-18T17:09:38.241908,0,0,7,0.3563269235295366,15,0,[],131,REJECTED,['protein_cellulose_clashes']
thm001978,15082026_16k_production_4_seeds_4_sizes_20260818_pp_1p8_pc_2p2_cont_4p0_8p0,2026-08-18T17:09:54.680747,0,0,7,0.35755771547353965,13,1,"[(13, 76)]",130,REJECTED,"['more_than_0_protein_protein_clashes', 'protein_cellulose_clashes']"
ths000499,15082026_16k_production_4_seeds_4_sizes_20260818_pp_1p8_pc_2p2_cont_4p0_8p0,2026-08-18T17:10:05.035614,0,0,7,0.35294734209229817,0,2,"[(2, 74), (5, 73)]",117,REJECTED,['more_than_0_protein_protein_clashes']
ths000982,15082026_16k_production_4_seeds_4_sizes_20260818_pp_1p8_pc_2p2_cont_4p0_8p0,2026-08-18T17:10:09.301994,0,0,7,0.3732819040025299,0,5,"[(4, 60), (43, 23), (44, 20), (75, 21), (76, 22)]",120,REJECTED,['more_than_0_protein_protein_clashes']
thx003613,15082026_16k_production_4_seeds_4_sizes_20260818_pp_1p8_pc_2p2_cont_4p0_8p0,2026-08-18T17:10:22.596541,0,0,7,0.35203920853643184,0,2,"[(124, 94), (126, 93)]",116,REJECTED,['more_than_0_protein_protein_clashes']
shl010146,15082026_16k_production_4_seeds_4_sizes_20260818_pp_1p8_pc_2p2_cont_4p0_8p0,2026-08-18T17:10:40.351934,0,0,7,0.3751841957132558,25,3,"[(17, 76), (56, 27), (60, 79)]",142,REJECTED,"['more_than_0_protein_protein_clashes', 'protein_cellulose_clashes']"
thm001050,15082026_16k_production_4_seeds_4_sizes_20260818_pp_1p8_pc_2p2_cont_4p0_8p0,2026-08-18T17:09:44.911369,0,0,7,0.36110330907761146,0,0,[],113,PASSED,[]
thl002025,15082026_16k_production_4_seeds_4_sizes_20260818_pp_1p8_pc_2p2_cont_4p0_8p0,2026-08-18T17:09:55.897284,0,0,7,0.35014586831930616,0,2,"[(13, 72), (14, 71)]",115,REJECTED,['more_than_0_protein_protein_clashes']
thx003156,15082026_16k_production_4_seeds_4_sizes_20260818_pp_1p8_pc_2p2_cont_4p0_8p0,2026-08-18T17:10:13.050188,0,0,7,0.34844487451412504,57,2,"[(30, 95), (112, 59)]",172,REJECTED,"['more_than_0_protein_protein_clashes', 'protein_cellulose_clashes']"
thm001475,15082026_16k_production_4_seeds_4_sizes_20260818_pp_1p8_pc_2p2_cont_4p0_8p0,2026-08-18T17:09:49.660886,0,0,7,0.3565906628489208,26,1,"[(75, 53)]",139,REJECTED,"['more_than_0_protein_protein_clashes', 'protein_cellulose_clashes']"
thm001607,15082026_16k_production_4_seeds_4_sizes_20260818_pp_1p8_pc_2p2_cont_4p0_8p0,2026-08-18T17:09:50.085263,0,0,7,0.3612545399688431,0,1,"[(6, 64)]",113,REJECTED,['more_than_0_protein_protein_clashes']
shs008738,15082026_16k_production_4_seeds_4_sizes_20260818_pp_1p8_pc_2p2_cont_4p0_8p0,2026-08-18T17:09:43.538181,0,0,7,0.3881417859707061,0,0,[],110,PASSED,[]
thm001352,15082026_16k_production_4_seeds_4_sizes_20260818_pp_1p8_pc_2p2_cont_4p0_8p0,2026-08-18T17:09:48.169091,0,0,7,0.3575893173474399,78,2,"[(3, 63), (85, 58)]",190,REJECTED,"['more_than_0_protein_protein_clashes', 'protein_cellulose_clashes']"
thm001699,15082026_16k_production_4_seeds_4_sizes_20260818_pp_1p8_pc_2p2_cont_4p0_8p0,2026-08-18T17:09:50.760505,0,0,7,0.3650111089571558,0,3,"[(2, 68), (5, 69), (6, 75)]",113,REJECTED,['more_than_0_protein_protein_clashes']
ths000411,15082026_16k_production_4_seeds_4_sizes_20260818_pp_1p8_pc_2p2_cont_4p0_8p0,2026-08-18T17:10:03.942756,0,0,7,0.34176998594355235,0,0,[],110,PASSED,[]
ths000093,15082026_16k_production_4_seeds_4_sizes_20260818_pp_1p8_pc_2p2_cont_4p0_8p0,2026-08-18T17:10:01.034320,0,0,7,0.3828741645495102,106,4,"[(54, 74), (83, 67), (84, 66), (86, 76)]",219,REJECTED,"['more_than_0_protein_protein_clashes', 'protein_cellulose_clashes']"
thx003842,15082026_16k_production_4_seeds_4_sizes_20260818_pp_1p8_pc_2p2_cont_4p0_8p0,2026-08-18T17:10:27.247418,0,0,7,0.33509226315746393,0,1,"[(28, 89)]",110,REJECTED,['more_than_0_protein_protein_clashes']
thl002190,15082026_16k_production_4_seeds_4_sizes_20260818_pp_1p8_pc_2p2_cont_4p0_8p0,2026-08-18T17:09:56.881414,0,0,7,0.3385702070760615,10,1,"[(3, 63)]",119,REJECTED,"['more_than_0_protein_protein_clashes', 'protein_cellulose_clashes']"
shx011665,15082026_16k_production_4_seeds_4_sizes_20260818_pp_1p8_pc_2p2_cont_4p0_8p0,2026-08-18T17:09:34.984482,0,0,7,0.37949857293638495,83,4,"[(33, 85), (95, 44), (96, 43), (103, 47)]",194,REJECTED,"['more_than_0_protein_protein_clashes', 'protein_cellulose_clashes']"
shx011943,15082026_16k_production_4_seeds_4_sizes_20260818_pp_1p8_pc_2p2_cont_4p0_8p0,2026-08-18T17:09:40.474104,0,0,7,0.37253722061580313,2,0,[],108,REJECTED,['protein_cellulose_clashes']
thx003062,15082026_16k_production_4_seeds_4_sizes_20260818_pp_1p8_pc_2p2_cont_4p0_8p0,2026-08-18T17:10:11.277587,0,0,7,0.38278785145909466,7,2,"[(24, 87), (25, 88)]",115,REJECTED,"['more_than_0_protein_protein_clashes', 'protein_cellulose_clashes']"
thx003358,15082026_16k_production_4_seeds_4_sizes_20260818_pp_1p8_pc_2p2_cont_4p0_8p0,2026-08-18T17:10:17.198598,0,0,7,0.3877650832067891,0,2,"[(20, 44), (24, 89)]",108,REJECTED,['more_than_0_protein_protein_clashes']
shx011225,15082026_16k_production_4_seeds_4_sizes_20260818_pp_1p8_pc_2p2_cont_4p0_8p0,2026-08-18T17:09:25.879065,0,0,7,0.365056686925376,0,3,"[(115, 90), (119, 92), (120, 43)]",108,REJECTED,['more_than_0_protein_protein_clashes']
shs008094,15082026_16k_production_4_seeds_4_sizes_20260818_pp_1p8_pc_2p2_cont_4p0_8p0,2026-08-18T17:09:41.939249,0,0,7,0.3766776831015447,0,0,[],105,PASSED,[]
ths000571,15082026_16k_production_4_seeds_4_sizes_20260818_pp_1p8_pc_2p2_cont_4p0_8p0,2026-08-18T17:10:05.669317,0,0,7,0.3568547079007894,0,3,"[(1, 63), (2, 62), (5, 61)]",108,REJECTED,['more_than_0_protein_protein_clashes']
shm009157,15082026_16k_production_4_seeds_4_sizes_20260818_pp_1p8_pc_2p2_cont_4p0_8p0,2026-08-18T17:10:32.481702,0,0,7,0.3567838045816343,0,0,[],105,PASSED,[]
thm001966,15082026_16k_production_4_seeds_4_sizes_20260818_pp_1p8_pc_2p2_cont_4p0_8p0,2026-08-18T17:09:54.054027,0,0,7,0.38865415204756026,0,0,[],103,PASSED,[]
thm001969,15082026_16k_production_4_seeds_4_sizes_20260818_pp_1p8_pc_2p2_cont_4p0_8p0,2026-08-18T17:09:54.200212,0,0,7,0.37009810864496945,0,1,"[(47, 58)]",102,REJECTED,['more_than_0_protein_protein_clashes']
thl002072,15082026_16k_production_4_seeds_4_sizes_20260818_pp_1p8_pc_2p2_cont_4p0_8p0,2026-08-18T17:09:56.031356,0,0,7,0.35173977061744277,2,0,[],103,REJECTED,['protein_cellulose_clashes']
thm001694,15082026_16k_production_4_seeds_4_sizes_20260818_pp_1p8_pc_2p2_cont_4p0_8p0,2026-08-18T17:09:50.620172,0,0,7,0.35751807322897855,0,0,[],100,PASSED,[]
thx003900,15082026_16k_production_4_seeds_4_sizes_20260818_pp_1p8_pc_2p2_cont_4p0_8p0,2026-08-18T17:10:28.580444,0,0,7,0.371212598933033,7,1,"[(112, 94)]",108,REJECTED,"['more_than_0_protein_protein_clashes', 'protein_cellulose_clashes']"
ths000187,15082026_16k_production_4_seeds_4_sizes_20260818_pp_1p8_pc_2p2_cont_4p0_8p0,2026-08-18T17:10:01.921733,0,0,7,0.36740998069954267,0,1,"[(73, 57)]",99,REJECTED,['more_than_0_protein_protein_clashes']
ths000386,15082026_16k_production_4_seeds_4_sizes_20260818_pp_1p8_pc_2p2_cont_4p0_8p0,2026-08-18T17:10:03.717309,0,0,7,0.33462878762322906,65,2,"[(45, 15), (49, 14)]",165,REJECTED,"['more_than_0_protein_protein_clashes', 'protein_cellulose_clashes']"
thm001645,15082026_16k_production_4_seeds_4_sizes_20260818_pp_1p8_pc_2p2_cont_4p0_8p0,2026-08-18T17:09:50.220821,0,0,7,0.35116705583207947,0,0,[],96,PASSED,[]
shl010080,15082026_16k_production_4_seeds_4_sizes_20260818_pp_1p8_pc_2p2_cont_4p0_8p0,2026-08-18T17:10:40.217304,0,0,7,0.36293418086696,46,2,"[(57, 28), (62, 75)]",144,REJECTED,"['more_than_0_protein_protein_clashes', 'protein_cellulose_clashes']"
shx011616,15082026_16k_production_4_seeds_4_sizes_20260818_pp_1p8_pc_2p2_cont_4p0_8p0,2026-08-18T17:09:33.096473,0,0,7,0.3702801260768927,128,5,"[(24, 84), (29, 82), (30, 88), (70, 47), (71, 46)]",228,REJECTED,"['more_than_0_protein_protein_clashes', 'protein_cellulose_clashes']"
thl002862,15082026_16k_production_4_seeds_4_sizes_20260818_pp_1p8_pc_2p2_cont_4p0_8p0,2026-08-18T17:09:59.999698,0,0,7,0.3417299161022681,0,1,"[(1, 63)]",96,REJECTED,['more_than_0_protein_protein_clashes']
ths000665,15082026_16k_production_4_seeds_4_sizes_20260818_pp_1p8_pc_2p2_cont_4p0_8p0,2026-08-18T17:10:07.015161,0,0,7,0.3460996610168399,2,0,[],97,REJECTED,['protein_cellulose_clashes']
thx003308,15082026_16k_production_4_seeds_4_sizes_20260818_pp_1p8_pc_2p2_cont_4p0_8p0,2026-08-18T17:10:16.114206,0,0,7,0.3499973452638836,9,0,[],104,REJECTED,['protein_cellulose_clashes']
ths000767,15082026_16k_production_4_seeds_4_sizes_20260818_pp_1p8_pc_2p2_cont_4p0_8p0,2026-08-18T17:10:07.810700,0,0,7,0.3589601763782577,0,1,"[(1, 22)]",94,REJECTED,['more_than_0_protein_protein_clashes']
shx011402,15082026_16k_production_4_seeds_4_sizes_20260818_pp_1p8_pc_2p2_cont_4p0_8p0,2026-08-18T17:09:28.386017,0,0,7,0.3594626284396859,0,0,[],92,PASSED,[]
thx003984,15082026_16k_production_4_seeds_4_sizes_20260818_pp_1p8_pc_2p2_cont_4p0_8p0,2026-08-18T17:10:31.147169,0,0,7,0.365787569186442,80,5,"[(29, 93), (30, 91), (31, 90), (34, 89), (107, 87)]",177,REJECTED,"['more_than_0_protein_protein_clashes', 'protein_cellulose_clashes']"
shs008438,15082026_16k_production_4_seeds_4_sizes_20260818_pp_1p8_pc_2p2_cont_4p0_8p0,2026-08-18T17:09:42.496257,0,0,7,0.36438895229147555,0,0,[],91,PASSED,[]
shx011666,15082026_16k_production_4_seeds_4_sizes_20260818_pp_1p8_pc_2p2_cont_4p0_8p0,2026-08-18T17:09:35.208242,0,0,7,0.3605999067529662,173,2,"[(9, 90), (17, 39)]",265,REJECTED,"['more_than_0_protein_protein_clashes', 'protein_cellulose_clashes']"
shx011848,15082026_16k_production_4_seeds_4_sizes_20260818_pp_1p8_pc_2p2_cont_4p0_8p0,2026-08-18T17:09:38.685315,0,0,7,0.37095667614486394,0,0,[],89,PASSED,[]
shx011606,15082026_16k_production_4_seeds_4_sizes_20260818_pp_1p8_pc_2p2_cont_4p0_8p0,2026-08-18T17:09:32.869115,0,0,7,0.3670965326282971,54,1,"[(106, 88)]",143,REJECTED,"['more_than_0_protein_protein_clashes', 'protein_cellulose_clashes']"
shl010866,15082026_16k_production_4_seeds_4_sizes_20260818_pp_1p8_pc_2p2_cont_4p0_8p0,2026-08-18T17:10:43.337100,0,0,7,0.34989609333924093,4,1,"[(88, 70)]",93,REJECTED,"['more_than_0_protein_protein_clashes', 'protein_cellulose_clashes']"
shx011199,15082026_16k_production_4_seeds_4_sizes_20260818_pp_1p8_pc_2p2_cont_4p0_8p0,2026-08-18T17:09:25.485789,0,0,7,0.35204026200258715,2,2,"[(100, 79), (102, 81)]",91,REJECTED,"['more_than_0_protein_protein_clashes', 'protein_cellulose_clashes']"
shs008698,15082026_16k_production_4_seeds_4_sizes_20260818_pp_1p8_pc_2p2_cont_4p0_8p0,2026-08-18T17:09:43.307268,0,0,7,0.3665240300904981,2,0,[],89,REJECTED,['protein_cellulose_clashes']
thm001828,15082026_16k_production_4_seeds_4_sizes_20260818_pp_1p8_pc_2p2_cont_4p0_8p0,2026-08-18T17:09:52.080124,0,0,7,0.3697982109845704,0,2,"[(1, 66), (5, 64)]",89,REJECTED,['more_than_0_protein_protein_clashes']
ths000809,15082026_16k_production_4_seeds_4_sizes_20260818_pp_1p8_pc_2p2_cont_4p0_8p0,2026-08-18T17:10:08.476778,0,0,7,0.3317064097814546,0,1,"[(3, 69)]",88,REJECTED,['more_than_0_protein_protein_clashes']
thx003476,15082026_16k_production_4_seeds_4_sizes_20260818_pp_1p8_pc_2p2_cont_4p0_8p0,2026-08-18T17:10:19.759563,0,0,7,0.3461849918223807,0,0,[],87,PASSED,[]
shm009420,15082026_16k_production_4_seeds_4_sizes_20260818_pp_1p8_pc_2p2_cont_4p0_8p0,2026-08-18T17:10:33.481596,0,0,7,0.36841543534700394,0,1,"[(85, 66)]",88,REJECTED,['more_than_0_protein_protein_clashes']
shm009879,15082026_16k_production_4_seeds_4_sizes_20260818_pp_1p8_pc_2p2_cont_4p0_8p0,2026-08-18T17:10:35.238723,0,0,7,0.35101861597349915,0,1,"[(51, 64)]",87,REJECTED,['more_than_0_protein_protein_clashes']
shx011121,15082026_16k_production_4_seeds_4_sizes_20260818_pp_1p8_pc_2p2_cont_4p0_8p0,2026-08-18T17:09:23.841224,0,0,7,0.35360376956697276,13,0,[],98,REJECTED,['protein_cellulose_clashes']
ths000678,15082026_16k_production_4_seeds_4_sizes_20260818_pp_1p8_pc_2p2_cont_4p0_8p0,2026-08-18T17:10:07.146327,0,0,7,0.3562466310358369,0,1,"[(4, 57)]",86,REJECTED,['more_than_0_protein_protein_clashes']
ths000491,15082026_16k_production_4_seeds_4_sizes_20260818_pp_1p8_pc_2p2_cont_4p0_8p0,2026-08-18T17:10:04.910361,0,0,7,0.33831878492171913,0,0,[],84,PASSED,[]
thm001340,15082026_16k_production_4_seeds_4_sizes_20260818_pp_1p8_pc_2p2_cont_4p0_8p0,2026-08-18T17:09:47.789622,0,0,7,0.35139434205973424,0,1,"[(1, 24)]",84,REJECTED,['more_than_0_protein_protein_clashes']
thl002013,15082026_16k_production_4_seeds_4_sizes_20260818_pp_1p8_pc_2p2_cont_4p0_8p0,2026-08-18T17:09:55.768039,0,0,7,0.36572873492130525,83,3,"[(5, 65), (7, 73), (10, 71)]",168,REJECTED,"['more_than_0_protein_protein_clashes', 'protein_cellulose_clashes']"
shx011619,15082026_16k_production_4_seeds_4_sizes_20260818_pp_1p8_pc_2p2_cont_4p0_8p0,2026-08-18T17:09:33.524857,0,0,7,0.358671191762589,0,0,[],81,PASSED,[]
thm001384,15082026_16k_production_4_seeds_4_sizes_20260818_pp_1p8_pc_2p2_cont_4p0_8p0,2026-08-18T17:09:48.577026,0,0,7,0.36260724566662644,0,3,"[(6, 69), (8, 73), (10, 71)]",84,REJECTED,['more_than_0_protein_protein_clashes']
ths000198,15082026_16k_production_4_seeds_4_sizes_20260818_pp_1p8_pc_2p2_cont_4p0_8p0,2026-08-18T17:10:02.029805,0,0,7,0.3793150997669216,2,0,[],83,REJECTED,['protein_cellulose_clashes']
ths000679,15082026_16k_production_4_seeds_4_sizes_20260818_pp_1p8_pc_2p2_cont_4p0_8p0,2026-08-18T17:10:07.290993,0,0,7,0.3630750353594359,0,1,"[(87, 72)]",82,REJECTED,['more_than_0_protein_protein_clashes']
shx011694,15082026_16k_production_4_seeds_4_sizes_20260818_pp_1p8_pc_2p2_cont_4p0_8p0,2026-08-18T17:09:36.054468,0,0,7,0.3535490048952992,4,3,"[(95, 77), (98, 80), (102, 39)]",87,REJECTED,"['more_than_0_protein_protein_clashes', 'protein_cellulose_clashes']"
thx003518,15082026_16k_production_4_seeds_4_sizes_20260818_pp_1p8_pc_2p2_cont_4p0_8p0,2026-08-18T17:10:21.142470,0,0,7,0.34673279155041786,16,2,"[(103, 87), (105, 93)]",98,REJECTED,"['more_than_0_protein_protein_clashes', 'protein_cellulose_clashes']"
shx011761,15082026_16k_production_4_seeds_4_sizes_20260818_pp_1p8_pc_2p2_cont_4p0_8p0,2026-08-18T17:09:37.143627,0,0,7,0.38125732948527363,3,0,[],82,REJECTED,['protein_cellulose_clashes']
shs008550,15082026_16k_production_4_seeds_4_sizes_20260818_pp_1p8_pc_2p2_cont_4p0_8p0,2026-08-18T17:09:43.191406,0,0,7,0.34232818903765805,0,0,[],79,PASSED,[]
thm001898,15082026_16k_production_4_seeds_4_sizes_20260818_pp_1p8_pc_2p2_cont_4p0_8p0,2026-08-18T17:09:52.977270,0,0,7,0.34350787211832534,0,3,"[(2, 73), (4, 66), (5, 72)]",82,REJECTED,['more_than_0_protein_protein_clashes']
thl002607,15082026_16k_production_4_seeds_4_sizes_20260818_pp_1p8_pc_2p2_cont_4p0_8p0,2026-08-18T17:09:59.078448,0,0,7,0.3633015660276942,15,0,[],94,REJECTED,['protein_cellulose_clashes']
shx011181,15082026_16k_production_4_seeds_4_sizes_20260818_pp_1p8_pc_2p2_cont_4p0_8p0,2026-08-18T17:09:24.749067,0,0,7,0.3896184348896903,0,0,[],78,PASSED,[]
thm001412,15082026_16k_production_4_seeds_4_sizes_20260818_pp_1p8_pc_2p2_cont_4p0_8p0,2026-08-18T17:09:49.108612,0,0,7,0.3483881277068106,0,3,"[(3, 70), (6, 71), (7, 72)]",81,REJECTED,['more_than_0_protein_protein_clashes']
thm001676,15082026_16k_production_4_seeds_4_sizes_20260818_pp_1p8_pc_2p2_cont_4p0_8p0,2026-08-18T17:09:50.482456,0,0,7,0.34069648703104066,0,0,[],78,PASSED,[]
thm001994,15082026_16k_production_4_seeds_4_sizes_20260818_pp_1p8_pc_2p2_cont_4p0_8p0,2026-08-18T17:09:55.326649,0,0,7,0.3529290294633598,0,0,[],78,PASSED,[]
thl002551,15082026_16k_production_4_seeds_4_sizes_20260818_pp_1p8_pc_2p2_cont_4p0_8p0,2026-08-18T17:09:58.937341,0,0,7,0.3522672088208296,0,0,[],78,PASSED,[]
ths000250,15082026_16k_production_4_seeds_4_sizes_20260818_pp_1p8_pc_2p2_cont_4p0_8p0,2026-08-18T17:10:02.513040,0,0,7,0.36710819153016844,0,0,[],78,PASSED,[]
ths000525,15082026_16k_production_4_seeds_4_sizes_20260818_pp_1p8_pc_2p2_cont_4p0_8p0,2026-08-18T17:10:05.424574,0,0,7,0.36665162745211066,0,1,"[(4, 72)]",79,REJECTED,['more_than_0_protein_protein_clashes']
ths000538,15082026_16k_production_4_seeds_4_sizes_20260818_pp_1p8_pc_2p2_cont_4p0_8p0,2026-08-18T17:10:05.551720,0,0,7,0.3601195593534737,0,1,"[(4, 68)]",79,REJECTED,['more_than_0_protein_protein_clashes']
thx003517,15082026_16k_production_4_seeds_4_sizes_20260818_pp_1p8_pc_2p2_cont_4p0_8p0,2026-08-18T17:10:20.940356,0,0,7,0.3503503206174126,8,1,"[(103, 87)]",87,REJECTED,"['more_than_0_protein_protein_clashes', 'protein_cellulose_clashes']"
thm001010,15082026_16k_production_4_seeds_4_sizes_20260818_pp_1p8_pc_2p2_cont_4p0_8p0,2026-08-18T17:09:44.316338,0,0,7,0.347521256283789,9,0,[],86,REJECTED,['protein_cellulose_clashes']
thm001987,15082026_16k_production_4_seeds_4_sizes_20260818_pp_1p8_pc_2p2_cont_4p0_8p0,2026-08-18T17:09:55.162519,0,0,7,0.3546710565244587,0,2,"[(3, 68), (5, 70)]",78,REJECTED,['more_than_0_protein_protein_clashes']
thx003933,15082026_16k_production_4_seeds_4_sizes_20260818_pp_1p8_pc_2p2_cont_4p0_8p0,2026-08-18T17:10:29.740322,0,0,7,0.32976283441156595,6,1,"[(20, 84)]",83,REJECTED,"['more_than_0_protein_protein_clashes', 'protein_cellulose_clashes']"
htx007353,15082026_16k_production_4_seeds_4_sizes_20260818_pp_1p8_pc_2p2_cont_4p0_8p0,2026-08-18T17:10:37.595799,0,0,7,0.3686756205078756,0,0,[],76,PASSED,[]
thm001814,15082026_16k_production_4_seeds_4_sizes_20260818_pp_1p8_pc_2p2_cont_4p0_8p0,2026-08-18T17:09:51.792641,0,0,7,0.3509693227300211,0,3,"[(4, 67), (10, 71), (11, 72)]",78,REJECTED,['more_than_0_protein_protein_clashes']
thm002000,15082026_16k_production_4_seeds_4_sizes_20260818_pp_1p8_pc_2p2_cont_4p0_8p0,2026-08-18T17:09:55.485755,0,0,7,0.36815363001380536,0,0,[],75,PASSED,[]
thx003592,15082026_16k_production_4_seeds_4_sizes_20260818_pp_1p8_pc_2p2_cont_4p0_8p0,2026-08-18T17:10:21.966456,0,0,7,0.36351397219204773,120,3,"[(66, 89), (111, 84), (115, 85)]",198,REJECTED,"['more_than_0_protein_protein_clashes', 'protein_cellulose_clashes']"
thm001663,15082026_16k_production_4_seeds_4_sizes_20260818_pp_1p8_pc_2p2_cont_4p0_8p0,2026-08-18T17:09:50.347751,0,0,7,0.3294162294768968,0,0,[],74,PASSED,[]
hsx015960,15082026_16k_production_4_seeds_4_sizes_20260818_pp_1p8_pc_2p2_cont_4p0_8p0,2026-08-18T17:10:39.931328,0,0,7,0.3643465251534294,0,1,"[(34, 98)]",75,REJECTED,['more_than_0_protein_protein_clashes']
shx011717,15082026_16k_production_4_seeds_4_sizes_20260818_pp_1p8_pc_2p2_cont_4p0_8p0,2026-08-18T17:09:36.485631,0,0,7,0.3579785259822748,71,1,"[(66, 39)]",145,REJECTED,"['more_than_0_protein_protein_clashes', 'protein_cellulose_clashes']"
thm001119,15082026_16k_production_4_seeds_4_sizes_20260818_pp_1p8_pc_2p2_cont_4p0_8p0,2026-08-18T17:09:45.422952,0,0,7,0.3579467315538148,52,2,"[(5, 64), (78, 58)]",127,REJECTED,"['more_than_0_protein_protein_clashes', 'protein_cellulose_clashes']"
thl002665,15082026_16k_production_4_seeds_4_sizes_20260818_pp_1p8_pc_2p2_cont_4p0_8p0,2026-08-18T17:09:59.380222,0,0,7,0.3303680227557494,36,1,"[(94, 82)]",110,REJECTED,"['more_than_0_protein_protein_clashes', 'protein_cellulose_clashes']"
shx011388,15082026_16k_production_4_seeds_4_sizes_20260818_pp_1p8_pc_2p2_cont_4p0_8p0,2026-08-18T17:09:28.200512,0,0,7,0.35760443989734614,24,0,[],96,REJECTED,['protein_cellulose_clashes']
thm001106,15082026_16k_production_4_seeds_4_sizes_20260818_pp_1p8_pc_2p2_cont_4p0_8p0,2026-08-18T17:09:45.305939,0,0,7,0.3641389301324378,0,0,[],72,PASSED,[]
shx011433,15082026_16k_production_4_seeds_4_sizes_20260818_pp_1p8_pc_2p2_cont_4p0_8p0,2026-08-18T17:09:28.975644,0,0,7,0.37400805782887775,12,1,"[(100, 80)]",84,REJECTED,"['more_than_0_protein_protein_clashes', 'protein_cellulose_clashes']"
thm001046,15082026_16k_production_4_seeds_4_sizes_20260818_pp_1p8_pc_2p2_cont_4p0_8p0,2026-08-18T17:09:44.665254,0,0,7,0.3652408468093229,0,0,[],71,PASSED,[]
thm001742,15082026_16k_production_4_seeds_4_sizes_20260818_pp_1p8_pc_2p2_cont_4p0_8p0,2026-08-18T17:09:51.344644,0,0,7,0.36533174632885995,107,1,"[(3, 20)]",179,REJECTED,"['more_than_0_protein_protein_clashes', 'protein_cellulose_clashes']"
ths000341,15082026_16k_production_4_seeds_4_sizes_20260818_pp_1p8_pc_2p2_cont_4p0_8p0,2026-08-18T17:10:03.106623,0,0,7,0.3550113940380512,0,1,"[(1, 67)]",72,REJECTED,['more_than_0_protein_protein_clashes']
thm001861,15082026_16k_production_4_seeds_4_sizes_20260818_pp_1p8_pc_2p2_cont_4p0_8p0,2026-08-18T17:09:52.676996,0,0,7,0.3627085236413342,11,0,[],81,REJECTED,['protein_cellulose_clashes']
ths000454,15082026_16k_production_4_seeds_4_sizes_20260818_pp_1p8_pc_2p2_cont_4p0_8p0,2026-08-18T17:10:04.542164,0,0,7,0.3399904960470734,0,2,"[(1, 68), (4, 67)]",72,REJECTED,['more_than_0_protein_protein_clashes']
thx003457,15082026_16k_production_4_seeds_4_sizes_20260818_pp_1p8_pc_2p2_cont_4p0_8p0,2026-08-18T17:10:18.959625,0,0,7,0.37062021918711024,0,0,[],70,PASSED,[]
thm001454,15082026_16k_production_4_seeds_4_sizes_20260818_pp_1p8_pc_2p2_cont_4p0_8p0,2026-08-18T17:09:49.528972,0,0,7,0.3673720612676818,0,1,"[(2, 24)]",70,REJECTED,['more_than_0_protein_protein_clashes']
thl002086,15082026_16k_production_4_seeds_4_sizes_20260818_pp_1p8_pc_2p2_cont_4p0_8p0,2026-08-18T17:09:56.184534,0,0,7,0.3525307261767831,0,0,[],69,PASSED,[]
shm009822,15082026_16k_production_4_seeds_4_sizes_20260818_pp_1p8_pc_2p2_cont_4p0_8p0,2026-08-18T17:10:34.975854,0,0,7,0.3801481167197801,0,0,[],69,PASSED,[]
thm001796,15082026_16k_production_4_seeds_4_sizes_20260818_pp_1p8_pc_2p2_cont_4p0_8p0,2026-08-18T17:09:51.636675,0,0,7,0.33903214077225324,0,1,"[(1, 62)]",69,REJECTED,['more_than_0_protein_protein_clashes']
thm001317,15082026_16k_production_4_seeds_4_sizes_20260818_pp_1p8_pc_2p2_cont_4p0_8p0,2026-08-18T17:09:47.659457,0,0,7,0.35522071310706665,0,2,"[(1, 19), (95, 67)]",69,REJECTED,['more_than_0_protein_protein_clashes']
thm001031,15082026_16k_production_4_seeds_4_sizes_20260818_pp_1p8_pc_2p2_cont_4p0_8p0,2026-08-18T17:09:44.442987,0,0,7,0.3784924374526286,0,1,"[(3, 73)]",67,REJECTED,['more_than_0_protein_protein_clashes']
ths000426,15082026_16k_production_4_seeds_4_sizes_20260818_pp_1p8_pc_2p2_cont_4p0_8p0,2026-08-18T17:10:04.178548,0,0,7,0.3671562291252632,0,1,"[(4, 64)]",67,REJECTED,['more_than_0_protein_protein_clashes']
thm001827,15082026_16k_production_4_seeds_4_sizes_20260818_pp_1p8_pc_2p2_cont_4p0_8p0,2026-08-18T17:09:51.933662,0,0,7,0.3567196489377461,0,1,"[(7, 70)]",66,REJECTED,['more_than_0_protein_protein_clashes']
ths000123,15082026_16k_production_4_seeds_4_sizes_20260818_pp_1p8_pc_2p2_cont_4p0_8p0,2026-08-18T17:10:01.465516,0,0,7,0.35432624788360423,0,1,"[(3, 66)]",66,REJECTED,['more_than_0_protein_protein_clashes']
ths000473,15082026_16k_production_4_seeds_4_sizes_20260818_pp_1p8_pc_2p2_cont_4p0_8p0,2026-08-18T17:10:04.660358,0,0,7,0.37837916320401127,0,0,[],65,PASSED,[]
shl010182,15082026_16k_production_4_seeds_4_sizes_20260818_pp_1p8_pc_2p2_cont_4p0_8p0,2026-08-18T17:10:40.620427,0,0,7,0.3326103603653916,0,0,[],65,PASSED,[]
shx011464,15082026_16k_production_4_seeds_4_sizes_20260818_pp_1p8_pc_2p2_cont_4p0_8p0,2026-08-18T17:09:29.569982,0,0,7,0.34631400914467125,31,1,"[(24, 81)]",96,REJECTED,"['more_than_0_protein_protein_clashes', 'protein_cellulose_clashes']"
ths000363,15082026_16k_production_4_seeds_4_sizes_20260818_pp_1p8_pc_2p2_cont_4p0_8p0,2026-08-18T17:10:03.596693,0,0,7,0.34647065483400985,0,0,[],64,PASSED,[]
thx003850,15082026_16k_production_4_seeds_4_sizes_20260818_pp_1p8_pc_2p2_cont_4p0_8p0,2026-08-18T17:10:27.666233,0,0,7,0.3545291434987912,110,2,"[(19, 81), (22, 79)]",176,REJECTED,"['more_than_0_protein_protein_clashes', 'protein_cellulose_clashes']"
shm009141,15082026_16k_production_4_seeds_4_sizes_20260818_pp_1p8_pc_2p2_cont_4p0_8p0,2026-08-18T17:10:32.216014,0,0,7,0.3598162951559317,50,1,"[(53, 22)]",114,REJECTED,"['more_than_0_protein_protein_clashes', 'protein_cellulose_clashes']"
thm001369,15082026_16k_production_4_seeds_4_sizes_20260818_pp_1p8_pc_2p2_cont_4p0_8p0,2026-08-18T17:09:48.298639,0,0,7,0.3577842955409713,0,1,"[(2, 65)]",63,REJECTED,['more_than_0_protein_protein_clashes']
ths000231,15082026_16k_production_4_seeds_4_sizes_20260818_pp_1p8_pc_2p2_cont_4p0_8p0,2026-08-18T17:10:02.389788,0,0,7,0.34927564281176005,0,1,"[(3, 64)]",63,REJECTED,['more_than_0_protein_protein_clashes']
thm001315,15082026_16k_production_4_seeds_4_sizes_20260818_pp_1p8_pc_2p2_cont_4p0_8p0,2026-08-18T17:09:47.517323,0,0,7,0.3877219935285687,0,0,[],61,PASSED,[]
thm001402,15082026_16k_production_4_seeds_4_sizes_20260818_pp_1p8_pc_2p2_cont_4p0_8p0,2026-08-18T17:09:48.973823,0,0,7,0.3616997787670959,0,1,"[(87, 66)]",62,REJECTED,['more_than_0_protein_protein_clashes']
ths000109,15082026_16k_production_4_seeds_4_sizes_20260818_pp_1p8_pc_2p2_cont_4p0_8p0,2026-08-18T17:10:01.254674,0,0,7,0.37147286335285506,0,1,"[(1, 69)]",62,REJECTED,['more_than_0_protein_protein_clashes']
thm001269,15082026_16k_production_4_seeds_4_sizes_20260818_pp_1p8_pc_2p2_cont_4p0_8p0,2026-08-18T17:09:47.099012,0,0,7,0.3576828246758809,0,0,[],60,PASSED,[]
thm001436,15082026_16k_production_4_seeds_4_sizes_20260818_pp_1p8_pc_2p2_cont_4p0_8p0,2026-08-18T17:09:49.261601,0,0,7,0.3831268508325972,0,0,[],60,PASSED,[]
ths000111,15082026_16k_production_4_seeds_4_sizes_20260818_pp_1p8_pc_2p2_cont_4p0_8p0,2026-08-18T17:10:01.355419,0,0,7,0.34150761054877854,0,0,[],60,PASSED,[]
ths000630,15082026_16k_production_4_seeds_4_sizes_20260818_pp_1p8_pc_2p2_cont_4p0_8p0,2026-08-18T17:10:06.745210,0,0,7,0.372975416032956,0,0,[],60,PASSED,[]
shl010890,15082026_16k_production_4_seeds_4_sizes_20260818_pp_1p8_pc_2p2_cont_4p0_8p0,2026-08-18T17:10:43.641035,0,0,7,0.3370507376496028,0,0,[],60,PASSED,[]
thl002484,15082026_16k_production_4_seeds_4_sizes_20260818_pp_1p8_pc_2p2_cont_4p0_8p0,2026-08-18T17:09:58.509242,0,0,7,0.3537898300507727,56,0,[],115,REJECTED,['protein_cellulose_clashes']
shm009450,15082026_16k_production_4_seeds_4_sizes_20260818_pp_1p8_pc_2p2_cont_4p0_8p0,2026-08-18T17:10:33.754163,0,0,7,0.35957971309527786,0,0,[],59,PASSED,[]
thm001744,15082026_16k_production_4_seeds_4_sizes_20260818_pp_1p8_pc_2p2_cont_4p0_8p0,2026-08-18T17:09:51.489376,0,0,7,0.34982239387042774,0,1,"[(6, 62)]",59,REJECTED,['more_than_0_protein_protein_clashes']
ths000441,15082026_16k_production_4_seeds_4_sizes_20260818_pp_1p8_pc_2p2_cont_4p0_8p0,2026-08-18T17:10:04.293573,0,0,7,0.3766528370373986,0,0,[],58,PASSED,[]
ths000598,15082026_16k_production_4_seeds_4_sizes_20260818_pp_1p8_pc_2p2_cont_4p0_8p0,2026-08-18T17:10:06.192382,0,0,7,0.33578076028899057,0,1,"[(1, 62)]",59,REJECTED,['more_than_0_protein_protein_clashes']
shm009156,15082026_16k_production_4_seeds_4_sizes_20260818_pp_1p8_pc_2p2_cont_4p0_8p0,2026-08-18T17:10:32.348120,0,0,7,0.3690284172437696,0,0,[],58,PASSED,[]
ths000071,15082026_16k_production_4_seeds_4_sizes_20260818_pp_1p8_pc_2p2_cont_4p0_8p0,2026-08-18T17:10:00.816289,0,0,7,0.35223752440005895,0,0,[],57,PASSED,[]
ths000648,15082026_16k_production_4_seeds_4_sizes_20260818_pp_1p8_pc_2p2_cont_4p0_8p0,2026-08-18T17:10:06.873122,0,0,7,0.353461585816535,0,0,[],57,PASSED,[]
shm009036,15082026_16k_production_4_seeds_4_sizes_20260818_pp_1p8_pc_2p2_cont_4p0_8p0,2026-08-18T17:10:31.978720,0,0,7,0.35635724739910296,0,2,"[(3, 63), (6, 64)]",59,REJECTED,['more_than_0_protein_protein_clashes']
thx003069,15082026_16k_production_4_seeds_4_sizes_20260818_pp_1p8_pc_2p2_cont_4p0_8p0,2026-08-18T17:10:11.422641,0,0,7,0.3499357270971683,23,0,[],79,REJECTED,['protein_cellulose_clashes']
ths000576,15082026_16k_production_4_seeds_4_sizes_20260818_pp_1p8_pc_2p2_cont_4p0_8p0,2026-08-18T17:10:05.787060,0,0,7,0.3481460510497035,0,0,[],55,PASSED,[]
ths000585,15082026_16k_production_4_seeds_4_sizes_20260818_pp_1p8_pc_2p2_cont_4p0_8p0,2026-08-18T17:10:05.907655,0,0,7,0.36920146748799954,0,1,"[(2, 60)]",56,REJECTED,['more_than_0_protein_protein_clashes']
thx003258,15082026_16k_production_4_seeds_4_sizes_20260818_pp_1p8_pc_2p2_cont_4p0_8p0,2026-08-18T17:10:14.823399,0,0,7,0.3578674918106544,4,2,"[(90, 78), (92, 79)]",60,REJECTED,"['more_than_0_protein_protein_clashes', 'protein_cellulose_clashes']"
thx003384,15082026_16k_production_4_seeds_4_sizes_20260818_pp_1p8_pc_2p2_cont_4p0_8p0,2026-08-18T17:10:17.396441,0,0,7,0.34200177832309736,24,0,[],78,REJECTED,['protein_cellulose_clashes']
shx011563,15082026_16k_production_4_seeds_4_sizes_20260818_pp_1p8_pc_2p2_cont_4p0_8p0,2026-08-18T17:09:32.244670,0,0,7,0.37284102126814445,43,2,"[(27, 72), (29, 75)]",98,REJECTED,"['more_than_0_protein_protein_clashes', 'protein_cellulose_clashes']"
shs008517,15082026_16k_production_4_seeds_4_sizes_20260818_pp_1p8_pc_2p2_cont_4p0_8p0,2026-08-18T17:09:42.963985,0,0,7,0.34844075016477954,0,2,"[(1, 65), (4, 66)]",55,REJECTED,['more_than_0_protein_protein_clashes']
ths000766,15082026_16k_production_4_seeds_4_sizes_20260818_pp_1p8_pc_2p2_cont_4p0_8p0,2026-08-18T17:10:07.687843,0,0,7,0.3383633955833777,0,0,[],53,PASSED,[]
thx003004,15082026_16k_production_4_seeds_4_sizes_20260818_pp_1p8_pc_2p2_cont_4p0_8p0,2026-08-18T17:10:09.763304,0,0,7,0.3578363741237447,113,3,"[(27, 84), (29, 82), (100, 88)]",169,REJECTED,"['more_than_0_protein_protein_clashes', 'protein_cellulose_clashes']"
shx011511,15082026_16k_production_4_seeds_4_sizes_20260818_pp_1p8_pc_2p2_cont_4p0_8p0,2026-08-18T17:09:31.210013,0,0,7,0.37311541544650484,156,1,"[(69, 45)]",209,REJECTED,"['more_than_0_protein_protein_clashes', 'protein_cellulose_clashes']"
shx011718,15082026_16k_production_4_seeds_4_sizes_20260818_pp_1p8_pc_2p2_cont_4p0_8p0,2026-08-18T17:09:36.691061,0,0,7,0.35984037618258824,55,0,[],107,REJECTED,['protein_cellulose_clashes']
thm001979,15082026_16k_production_4_seeds_4_sizes_20260818_pp_1p8_pc_2p2_cont_4p0_8p0,2026-08-18T17:09:54.845189,0,0,7,0.3489626087306311,0,1,"[(4, 67)]",53,REJECTED,['more_than_0_protein_protein_clashes']
ths000030,15082026_16k_production_4_seeds_4_sizes_20260818_pp_1p8_pc_2p2_cont_4p0_8p0,2026-08-18T17:10:00.500661,0,0,7,0.3691946243895709,0,0,[],52,PASSED,[]
shx011191,15082026_16k_production_4_seeds_4_sizes_20260818_pp_1p8_pc_2p2_cont_4p0_8p0,2026-08-18T17:09:25.302828,0,0,7,0.3781984544165064,0,1,"[(70, 4)]",52,REJECTED,['more_than_0_protein_protein_clashes']
thm001139,15082026_16k_production_4_seeds_4_sizes_20260818_pp_1p8_pc_2p2_cont_4p0_8p0,2026-08-18T17:09:45.805721,0,0,7,0.35720133269983595,0,0,[],51,PASSED,[]
thm001589,15082026_16k_production_4_seeds_4_sizes_20260818_pp_1p8_pc_2p2_cont_4p0_8p0,2026-08-18T17:09:49.948115,0,0,7,0.3913188166534652,2,0,[],53,REJECTED,['protein_cellulose_clashes']
thx003495,15082026_16k_production_4_seeds_4_sizes_20260818_pp_1p8_pc_2p2_cont_4p0_8p0,2026-08-18T17:10:20.348152,0,0,7,0.33672896243734257,82,2,"[(105, 90), (108, 85)]",135,REJECTED,"['more_than_0_protein_protein_clashes', 'protein_cellulose_clashes']"
ths000346,15082026_16k_production_4_seeds_4_sizes_20260818_pp_1p8_pc_2p2_cont_4p0_8p0,2026-08-18T17:10:03.220741,0,0,7,0.36533688662044517,0,0,[],50,PASSED,[]
thl002310,15082026_16k_production_4_seeds_4_sizes_20260818_pp_1p8_pc_2p2_cont_4p0_8p0,2026-08-18T17:09:57.629426,0,0,7,0.3596558187032013,59,1,"[(24, 79)]",108,REJECTED,"['more_than_0_protein_protein_clashes', 'protein_cellulose_clashes']"
thx003323,15082026_16k_production_4_seeds_4_sizes_20260818_pp_1p8_pc_2p2_cont_4p0_8p0,2026-08-18T17:10:16.461371,0,0,7,0.3683615183001596,77,1,"[(22, 87)]",126,REJECTED,"['more_than_0_protein_protein_clashes', 'protein_cellulose_clashes']"
ths000001,15082026_16k_production_4_seeds_4_sizes_20260818_pp_1p8_pc_2p2_cont_4p0_8p0,2026-08-18T17:10:00.167628,0,0,7,0.37550700585586233,0,0,[],47,PASSED,[]
ths000020,15082026_16k_production_4_seeds_4_sizes_20260818_pp_1p8_pc_2p2_cont_4p0_8p0,2026-08-18T17:10:00.388801,0,0,7,0.36261071125392647,0,0,[],47,PASSED,[]
ths000284,15082026_16k_production_4_seeds_4_sizes_20260818_pp_1p8_pc_2p2_cont_4p0_8p0,2026-08-18T17:10:02.762959,0,0,7,0.3596753407184618,0,0,[],47,PASSED,[]
ths000362,15082026_16k_production_4_seeds_4_sizes_20260818_pp_1p8_pc_2p2_cont_4p0_8p0,2026-08-18T17:10:03.479454,0,0,7,0.3624079059859443,0,1,"[(5, 72)]",48,REJECTED,['more_than_0_protein_protein_clashes']
ths000706,15082026_16k_production_4_seeds_4_sizes_20260818_pp_1p8_pc_2p2_cont_4p0_8p0,2026-08-18T17:10:07.427052,0,0,7,0.36831272129877846,0,0,[],47,PASSED,[]
thx003345,15082026_16k_production_4_seeds_4_sizes_20260818_pp_1p8_pc_2p2_cont_4p0_8p0,2026-08-18T17:10:17.014473,0,0,7,0.37715485172015434,119,4,"[(18, 82), (19, 81), (22, 78), (24, 86)]",170,REJECTED,"['more_than_0_protein_protein_clashes', 'protein_cellulose_clashes']"
shx011263,15082026_16k_production_4_seeds_4_sizes_20260818_pp_1p8_pc_2p2_cont_4p0_8p0,2026-08-18T17:09:26.458798,0,0,7,0.3720636636328065,0,0,[],46,PASSED,[]
shx011491,15082026_16k_production_4_seeds_4_sizes_20260818_pp_1p8_pc_2p2_cont_4p0_8p0,2026-08-18T17:09:29.981651,0,0,7,0.3760517188577998,0,0,[],46,PASSED,[]
shx011541,15082026_16k_production_4_seeds_4_sizes_20260818_pp_1p8_pc_2p2_cont_4p0_8p0,2026-08-18T17:09:31.622302,0,0,7,0.36814988935416165,144,1,"[(65, 32)]",191,REJECTED,"['more_than_0_protein_protein_clashes', 'protein_cellulose_clashes']"
shx011548,15082026_16k_production_4_seeds_4_sizes_20260818_pp_1p8_pc_2p2_cont_4p0_8p0,2026-08-18T17:09:31.828427,0,0,7,0.37443873505530134,82,3,"[(13, 82), (15, 81), (65, 36)]",131,REJECTED,"['more_than_0_protein_protein_clashes', 'protein_cellulose_clashes']"
thm001736,15082026_16k_production_4_seeds_4_sizes_20260818_pp_1p8_pc_2p2_cont_4p0_8p0,2026-08-18T17:09:51.210798,0,0,7,0.3489836895536126,0,0,[],46,PASSED,[]
ths000507,15082026_16k_production_4_seeds_4_sizes_20260818_pp_1p8_pc_2p2_cont_4p0_8p0,2026-08-18T17:10:05.153445,0,0,7,0.34109195855910124,0,0,[],46,PASSED,[]
thx003752,15082026_16k_production_4_seeds_4_sizes_20260818_pp_1p8_pc_2p2_cont_4p0_8p0,2026-08-18T17:10:25.084949,0,0,7,0.3649764747865708,10,0,[],56,REJECTED,['protein_cellulose_clashes']
ths000855,15082026_16k_production_4_seeds_4_sizes_20260818_pp_1p8_pc_2p2_cont_4p0_8p0,2026-08-18T17:10:08.761485,0,0,7,0.32649318471433725,0,0,[],45,PASSED,[]
thx003136,15082026_16k_production_4_seeds_4_sizes_20260818_pp_1p8_pc_2p2_cont_4p0_8p0,2026-08-18T17:10:12.542105,0,0,7,0.3612193627625239,40,0,[],84,REJECTED,['protein_cellulose_clashes']
shs008755,15082026_16k_production_4_seeds_4_sizes_20260818_pp_1p8_pc_2p2_cont_4p0_8p0,2026-08-18T17:09:43.660817,0,0,7,0.34854252297142047,17,0,[],60,REJECTED,['protein_cellulose_clashes']
ths000178,15082026_16k_production_4_seeds_4_sizes_20260818_pp_1p8_pc_2p2_cont_4p0_8p0,2026-08-18T17:10:01.813476,0,0,7,0.37353092378571895,24,0,[],67,REJECTED,['protein_cellulose_clashes']
ths000199,15082026_16k_production_4_seeds_4_sizes_20260818_pp_1p8_pc_2p2_cont_4p0_8p0,2026-08-18T17:10:02.159366,0,0,7,0.35874484654766836,0,0,[],43,PASSED,[]
ths000802,15082026_16k_production_4_seeds_4_sizes_20260818_pp_1p8_pc_2p2_cont_4p0_8p0,2026-08-18T17:10:08.343647,0,0,7,0.3384416566648643,0,1,"[(2, 68)]",44,REJECTED,['more_than_0_protein_protein_clashes']
shx011072,15082026_16k_production_4_seeds_4_sizes_20260818_pp_1p8_pc_2p2_cont_4p0_8p0,2026-08-18T17:09:22.636454,0,0,7,0.3554371006471408,184,6,"[(64, 33), (65, 32), (66, 31), (67, 89), (68, 90), (109, 86)]",232,REJECTED,"['more_than_0_protein_protein_clashes', 'protein_cellulose_clashes']"
thm001131,15082026_16k_production_4_seeds_4_sizes_20260818_pp_1p8_pc_2p2_cont_4p0_8p0,2026-08-18T17:09:45.679954,0,0,7,0.3298193396009546,0,0,[],42,PASSED,[]
thm001191,15082026_16k_production_4_seeds_4_sizes_20260818_pp_1p8_pc_2p2_cont_4p0_8p0,2026-08-18T17:09:46.554744,0,0,7,0.33997227409530806,0,0,[],42,PASSED,[]
thm001448,15082026_16k_production_4_seeds_4_sizes_20260818_pp_1p8_pc_2p2_cont_4p0_8p0,2026-08-18T17:09:49.396261,0,0,7,0.38212843411349484,36,1,"[(2, 19)]",79,REJECTED,"['more_than_0_protein_protein_clashes', 'protein_cellulose_clashes']"
ths000006,15082026_16k_production_4_seeds_4_sizes_20260818_pp_1p8_pc_2p2_cont_4p0_8p0,2026-08-18T17:10:00.285445,0,0,7,0.3796137050189702,0,0,[],42,PASSED,[]
ths000296,15082026_16k_production_4_seeds_4_sizes_20260818_pp_1p8_pc_2p2_cont_4p0_8p0,2026-08-18T17:10:02.875321,0,0,7,0.35023527748356476,0,0,[],42,PASSED,[]
ths000315,15082026_16k_production_4_seeds_4_sizes_20260818_pp_1p8_pc_2p2_cont_4p0_8p0,2026-08-18T17:10:02.993693,0,0,7,0.35501086145715194,0,0,[],42,PASSED,[]
ths000510,15082026_16k_production_4_seeds_4_sizes_20260818_pp_1p8_pc_2p2_cont_4p0_8p0,2026-08-18T17:10:05.284006,0,0,7,0.3556030095530939,0,0,[],42,PASSED,[]
thx003837,15082026_16k_production_4_seeds_4_sizes_20260818_pp_1p8_pc_2p2_cont_4p0_8p0,2026-08-18T17:10:26.796836,0,0,7,0.3461239079574749,76,1,"[(100, 87)]",119,REJECTED,"['more_than_0_protein_protein_clashes', 'protein_cellulose_clashes']"
thx003859,15082026_16k_production_4_seeds_4_sizes_20260818_pp_1p8_pc_2p2_cont_4p0_8p0,2026-08-18T17:10:27.888635,0,0,7,0.3559053513244458,40,1,"[(109, 86)]",83,REJECTED,"['more_than_0_protein_protein_clashes', 'protein_cellulose_clashes']"
htx007309,15082026_16k_production_4_seeds_4_sizes_20260818_pp_1p8_pc_2p2_cont_4p0_8p0,2026-08-18T17:10:37.327659,0,0,7,0.38306251738908814,0,0,[],42,PASSED,[]
thm001846,15082026_16k_production_4_seeds_4_sizes_20260818_pp_1p8_pc_2p2_cont_4p0_8p0,2026-08-18T17:09:52.232129,0,0,7,0.3147011692425979,0,0,[],41,PASSED,[]
ths000096,15082026_16k_production_4_seeds_4_sizes_20260818_pp_1p8_pc_2p2_cont_4p0_8p0,2026-08-18T17:10:01.143812,0,0,7,0.33685082364953156,0,0,[],41,PASSED,[]
thx003035,15082026_16k_production_4_seeds_4_sizes_20260818_pp_1p8_pc_2p2_cont_4p0_8p0,2026-08-18T17:10:10.784795,0,0,7,0.33288798906424755,92,2,"[(26, 83), (28, 85)]",135,REJECTED,"['more_than_0_protein_protein_clashes', 'protein_cellulose_clashes']"
thx003503,15082026_16k_production_4_seeds_4_sizes_20260818_pp_1p8_pc_2p2_cont_4p0_8p0,2026-08-18T17:10:20.743159,0,0,7,0.3433128144213632,71,1,"[(25, 38)]",113,REJECTED,"['more_than_0_protein_protein_clashes', 'protein_cellulose_clashes']"
htx007682,15082026_16k_production_4_seeds_4_sizes_20260818_pp_1p8_pc_2p2_cont_4p0_8p0,2026-08-18T17:10:38.333055,0,0,7,0.3778792589966186,0,0,[],41,PASSED,[]
hsx015754,15082026_16k_production_4_seeds_4_sizes_20260818_pp_1p8_pc_2p2_cont_4p0_8p0,2026-08-18T17:10:39.696649,0,0,7,0.37932011906648616,0,0,[],41,PASSED,[]
shl010293,15082026_16k_production_4_seeds_4_sizes_20260818_pp_1p8_pc_2p2_cont_4p0_8p0,2026-08-18T17:10:41.312934,0,0,7,0.3903824260141622,0,0,[],41,PASSED,[]
thm001146,15082026_16k_production_4_seeds_4_sizes_20260818_pp_1p8_pc_2p2_cont_4p0_8p0,2026-08-18T17:09:46.061368,0,0,7,0.34331576475822195,0,0,[],40,PASSED,[]
thm001930,15082026_16k_production_4_seeds_4_sizes_20260818_pp_1p8_pc_2p2_cont_4p0_8p0,2026-08-18T17:09:53.128166,0,0,7,0.35115127231419724,0,0,[],40,PASSED,[]
ths000603,15082026_16k_production_4_seeds_4_sizes_20260818_pp_1p8_pc_2p2_cont_4p0_8p0,2026-08-18T17:10:06.335661,0,0,7,0.36904430984534375,0,0,[],40,PASSED,[]
thx003527,15082026_16k_production_4_seeds_4_sizes_20260818_pp_1p8_pc_2p2_cont_4p0_8p0,2026-08-18T17:10:21.349475,0,0,7,0.3835360182295323,46,1,"[(23, 89)]",87,REJECTED,"['more_than_0_protein_protein_clashes', 'protein_cellulose_clashes']"
shx011637,15082026_16k_production_4_seeds_4_sizes_20260818_pp_1p8_pc_2p2_cont_4p0_8p0,2026-08-18T17:09:34.571982,0,0,7,0.335827028813483,8,0,[],47,REJECTED,['protein_cellulose_clashes']
shx011820,15082026_16k_production_4_seeds_4_sizes_20260818_pp_1p8_pc_2p2_cont_4p0_8p0,2026-08-18T17:09:38.013784,0,0,7,0.3704885908394371,60,0,[],99,REJECTED,['protein_cellulose_clashes']
thm001247,15082026_16k_production_4_seeds_4_sizes_20260818_pp_1p8_pc_2p2_cont_4p0_8p0,2026-08-18T17:09:46.959731,0,0,7,0.3464209713526594,0,0,[],39,PASSED,[]
thl002119,15082026_16k_production_4_seeds_4_sizes_20260818_pp_1p8_pc_2p2_cont_4p0_8p0,2026-08-18T17:09:56.595987,0,0,7,0.370996336145757,18,0,[],57,REJECTED,['protein_cellulose_clashes']
ths000059,15082026_16k_production_4_seeds_4_sizes_20260818_pp_1p8_pc_2p2_cont_4p0_8p0,2026-08-18T17:10:00.708823,0,0,7,0.35659110507835,0,0,[],39,PASSED,[]
shx011889,15082026_16k_production_4_seeds_4_sizes_20260818_pp_1p8_pc_2p2_cont_4p0_8p0,2026-08-18T17:09:39.346341,0,0,7,0.36718043478876944,290,2,"[(54, 36), (64, 85)]",330,REJECTED,"['more_than_0_protein_protein_clashes', 'protein_cellulose_clashes']"
shx011308,15082026_16k_production_4_seeds_4_sizes_20260818_pp_1p8_pc_2p2_cont_4p0_8p0,2026-08-18T17:09:27.066871,0,0,7,0.34856438439137943,130,3,"[(66, 37), (68, 85), (97, 79)]",170,REJECTED,"['more_than_0_protein_protein_clashes', 'protein_cellulose_clashes']"
shs008311,15082026_16k_production_4_seeds_4_sizes_20260818_pp_1p8_pc_2p2_cont_4p0_8p0,2026-08-18T17:09:42.281008,0,0,7,0.35313843577755744,0,0,[],37,PASSED,[]
shm009359,15082026_16k_production_4_seeds_4_sizes_20260818_pp_1p8_pc_2p2_cont_4p0_8p0,2026-08-18T17:10:33.355381,0,0,7,0.3592242467132445,0,0,[],37,PASSED,[]
thl002722,15082026_16k_production_4_seeds_4_sizes_20260818_pp_1p8_pc_2p2_cont_4p0_8p0,2026-08-18T17:09:59.544569,0,0,7,0.35637570884647696,2,0,[],38,REJECTED,['protein_cellulose_clashes']
ths000626,15082026_16k_production_4_seeds_4_sizes_20260818_pp_1p8_pc_2p2_cont_4p0_8p0,2026-08-18T17:10:06.606251,0,0,7,0.3456578807858608,0,0,[],36,PASSED,[]
ths000892,15082026_16k_production_4_seeds_4_sizes_20260818_pp_1p8_pc_2p2_cont_4p0_8p0,2026-08-18T17:10:09.024748,0,0,7,0.3659397748162457,0,0,[],36,PASSED,[]
shm009566,15082026_16k_production_4_seeds_4_sizes_20260818_pp_1p8_pc_2p2_cont_4p0_8p0,2026-08-18T17:10:34.171896,0,0,7,0.3833884226038313,21,0,[],57,REJECTED,['protein_cellulose_clashes']
htx007785,15082026_16k_production_4_seeds_4_sizes_20260818_pp_1p8_pc_2p2_cont_4p0_8p0,2026-08-18T17:10:38.574500,0,0,7,0.3572282922563056,0,0,[],36,PASSED,[]
thl002788,15082026_16k_production_4_seeds_4_sizes_20260818_pp_1p8_pc_2p2_cont_4p0_8p0,2026-08-18T17:09:59.690511,0,0,7,0.3581030881201362,38,1,"[(85, 62)]",74,REJECTED,"['more_than_0_protein_protein_clashes', 'protein_cellulose_clashes']"
thx003158,15082026_16k_production_4_seeds_4_sizes_20260818_pp_1p8_pc_2p2_cont_4p0_8p0,2026-08-18T17:10:13.205578,0,0,7,0.33536083260865956,49,4,"[(94, 73), (96, 75), (98, 78), (99, 77)]",88,REJECTED,"['more_than_0_protein_protein_clashes', 'protein_cellulose_clashes']"
htx007275,15082026_16k_production_4_seeds_4_sizes_20260818_pp_1p8_pc_2p2_cont_4p0_8p0,2026-08-18T17:10:36.950354,0,0,7,0.39033488332951727,2,0,[],37,REJECTED,['protein_cellulose_clashes']
shl010703,15082026_16k_production_4_seeds_4_sizes_20260818_pp_1p8_pc_2p2_cont_4p0_8p0,2026-08-18T17:10:42.640381,0,0,7,0.381913903807151,0,0,[],35,PASSED,[]
shl010867,15082026_16k_production_4_seeds_4_sizes_20260818_pp_1p8_pc_2p2_cont_4p0_8p0,2026-08-18T17:10:43.480933,0,0,7,0.35697868428012025,38,2,"[(20, 75), (21, 77)]",75,REJECTED,"['more_than_0_protein_protein_clashes', 'protein_cellulose_clashes']"
thm001940,15082026_16k_production_4_seeds_4_sizes_20260818_pp_1p8_pc_2p2_cont_4p0_8p0,2026-08-18T17:09:53.440086,0,0,7,0.34433197860802445,0,0,[],33,PASSED,[]
thx003741,15082026_16k_production_4_seeds_4_sizes_20260818_pp_1p8_pc_2p2_cont_4p0_8p0,2026-08-18T17:10:24.870146,0,0,7,0.3587744899059665,80,0,[],113,REJECTED,['protein_cellulose_clashes']
thm001380,15082026_16k_production_4_seeds_4_sizes_20260818_pp_1p8_pc_2p2_cont_4p0_8p0,2026-08-18T17:09:48.433162,0,0,7,0.3666734267184848,8,0,[],40,REJECTED,['protein_cellulose_clashes']
ths000137,15082026_16k_production_4_seeds_4_sizes_20260818_pp_1p8_pc_2p2_cont_4p0_8p0,2026-08-18T17:10:01.582082,0,0,7,0.3489030588420179,14,0,[],46,REJECTED,['protein_cellulose_clashes']
ths000764,15082026_16k_production_4_seeds_4_sizes_20260818_pp_1p8_pc_2p2_cont_4p0_8p0,2026-08-18T17:10:07.561749,0,0,7,0.35910839446821474,16,0,[],48,REJECTED,['protein_cellulose_clashes']
thx003416,15082026_16k_production_4_seeds_4_sizes_20260818_pp_1p8_pc_2p2_cont_4p0_8p0,2026-08-18T17:10:17.612914,0,0,7,0.36472080894142006,88,3,"[(31, 85), (33, 87), (100, 89)]",123,REJECTED,"['more_than_0_protein_protein_clashes', 'protein_cellulose_clashes']"
shx011994,15082026_16k_production_4_seeds_4_sizes_20260818_pp_1p8_pc_2p2_cont_4p0_8p0,2026-08-18T17:09:41.155840,0,0,7,0.33957224781559947,0,0,[],31,PASSED,[]
thm001293,15082026_16k_production_4_seeds_4_sizes_20260818_pp_1p8_pc_2p2_cont_4p0_8p0,2026-08-18T17:09:47.252126,0,0,7,0.3446064007235914,52,2,"[(8, 78), (9, 84)]",85,REJECTED,"['more_than_0_protein_protein_clashes', 'protein_cellulose_clashes']"
shm009194,15082026_16k_production_4_seeds_4_sizes_20260818_pp_1p8_pc_2p2_cont_4p0_8p0,2026-08-18T17:10:32.613598,0,0,7,0.3492794076662723,0,0,[],31,PASSED,[]
htx007058,15082026_16k_production_4_seeds_4_sizes_20260818_pp_1p8_pc_2p2_cont_4p0_8p0,2026-08-18T17:10:36.047305,0,0,7,0.39449472214615205,10,0,[],41,REJECTED,['protein_cellulose_clashes']
htx007073,15082026_16k_production_4_seeds_4_sizes_20260818_pp_1p8_pc_2p2_cont_4p0_8p0,2026-08-18T17:10:36.381686,0,0,7,0.3510701881654397,5,0,[],36,REJECTED,['protein_cellulose_clashes']
shx011996,15082026_16k_production_4_seeds_4_sizes_20260818_pp_1p8_pc_2p2_cont_4p0_8p0,2026-08-18T17:09:41.378490,0,0,7,0.3791077867194194,114,2,"[(66, 44), (68, 43)]",146,REJECTED,"['more_than_0_protein_protein_clashes', 'protein_cellulose_clashes']"
thm001391,15082026_16k_production_4_seeds_4_sizes_20260818_pp_1p8_pc_2p2_cont_4p0_8p0,2026-08-18T17:09:48.711842,0,0,7,0.37008139884339786,4,0,[],34,REJECTED,['protein_cellulose_clashes']
ths000053,15082026_16k_production_4_seeds_4_sizes_20260818_pp_1p8_pc_2p2_cont_4p0_8p0,2026-08-18T17:10:00.606259,0,0,7,0.3465094362814775,0,0,[],30,PASSED,[]
ths000075,15082026_16k_production_4_seeds_4_sizes_20260818_pp_1p8_pc_2p2_cont_4p0_8p0,2026-08-18T17:10:00.919466,0,0,7,0.3311011246497028,0,0,[],30,PASSED,[]
htx007168,15082026_16k_production_4_seeds_4_sizes_20260818_pp_1p8_pc_2p2_cont_4p0_8p0,2026-08-18T17:10:36.610094,0,0,7,0.35894175564200514,0,0,[],30,PASSED,[]
ths000221,15082026_16k_production_4_seeds_4_sizes_20260818_pp_1p8_pc_2p2_cont_4p0_8p0,2026-08-18T17:10:02.276686,0,0,7,0.33069208041144044,0,0,[],29,PASSED,[]
thx003183,15082026_16k_production_4_seeds_4_sizes_20260818_pp_1p8_pc_2p2_cont_4p0_8p0,2026-08-18T17:10:14.121941,0,0,7,0.3938517066937428,154,2,"[(31, 96), (33, 90)]",183,REJECTED,"['more_than_0_protein_protein_clashes', 'protein_cellulose_clashes']"
htx007376,15082026_16k_production_4_seeds_4_sizes_20260818_pp_1p8_pc_2p2_cont_4p0_8p0,2026-08-18T17:10:37.724444,0,0,7,0.4121294735072473,0,0,[],27,PASSED,[]
shs008988,15082026_16k_production_4_seeds_4_sizes_20260818_pp_1p8_pc_2p2_cont_4p0_8p0,2026-08-18T17:09:44.027525,0,0,7,0.3746493184214283,0,0,[],26,PASSED,[]
ths000272,15082026_16k_production_4_seeds_4_sizes_20260818_pp_1p8_pc_2p2_cont_4p0_8p0,2026-08-18T17:10:02.639645,0,0,7,0.38381706301748436,0,1,"[(78, 60)]",27,REJECTED,['more_than_0_protein_protein_clashes']
hsx015313,15082026_16k_production_4_seeds_4_sizes_20260818_pp_1p8_pc_2p2_cont_4p0_8p0,2026-08-18T17:10:39.456222,0,0,7,0.3964731575200993,0,0,[],26,PASSED,[]
shl010935,15082026_16k_production_4_seeds_4_sizes_20260818_pp_1p8_pc_2p2_cont_4p0_8p0,2026-08-18T17:10:44.387252,0,0,7,0.39534897450228373,0,0,[],26,PASSED,[]
thm001853,15082026_16k_production_4_seeds_4_sizes_20260818_pp_1p8_pc_2p2_cont_4p0_8p0,2026-08-18T17:09:52.535159,0,0,7,0.3622272979210549,89,0,[],114,REJECTED,['protein_cellulose_clashes']
htx007066,15082026_16k_production_4_seeds_4_sizes_20260818_pp_1p8_pc_2p2_cont_4p0_8p0,2026-08-18T17:10:36.270497,0,0,7,0.3490108522701454,0,0,[],25,PASSED,[]
htx007107,15082026_16k_production_4_seeds_4_sizes_20260818_pp_1p8_pc_2p2_cont_4p0_8p0,2026-08-18T17:10:36.500618,0,0,7,0.3793966670560139,10,0,[],35,REJECTED,['protein_cellulose_clashes']
htx007203,15082026_16k_production_4_seeds_4_sizes_20260818_pp_1p8_pc_2p2_cont_4p0_8p0,2026-08-18T17:10:36.727842,0,0,7,0.35724992594810506,0,0,[],25,PASSED,[]
shx011535,15082026_16k_production_4_seeds_4_sizes_20260818_pp_1p8_pc_2p2_cont_4p0_8p0,2026-08-18T17:09:31.422087,0,0,7,0.3588982346064178,95,0,[],119,REJECTED,['protein_cellulose_clashes']
htm005648,15082026_16k_production_4_seeds_4_sizes_20260818_pp_1p8_pc_2p2_cont_4p0_8p0,2026-08-18T17:09:41.827754,0,0,7,0.3588659894792376,0,0,[],24,PASSED,[]
htx007059,15082026_16k_production_4_seeds_4_sizes_20260818_pp_1p8_pc_2p2_cont_4p0_8p0,2026-08-18T17:10:36.167235,0,0,7,0.33700445687977276,0,1,"[(1, 93)]",25,REJECTED,['more_than_0_protein_protein_clashes']
hsx015406,15082026_16k_production_4_seeds_4_sizes_20260818_pp_1p8_pc_2p2_cont_4p0_8p0,2026-08-18T17:10:39.577658,0,0,7,0.3725866238366966,0,0,[],24,PASSED,[]
hsl014548,15082026_16k_production_4_seeds_4_sizes_20260818_pp_1p8_pc_2p2_cont_4p0_8p0,2026-08-18T17:10:45.043295,0,0,7,0.36501273436356413,0,0,[],24,PASSED,[]
htl006970,15082026_16k_production_4_seeds_4_sizes_20260818_pp_1p8_pc_2p2_cont_4p0_8p0,2026-08-18T17:10:46.470506,0,0,7,0.3736706406685243,0,0,[],24,PASSED,[]
htx007908,15082026_16k_production_4_seeds_4_sizes_20260818_pp_1p8_pc_2p2_cont_4p0_8p0,2026-08-18T17:10:38.703749,0,0,7,0.35580180099549163,0,0,[],23,PASSED,[]
hsl014707,15082026_16k_production_4_seeds_4_sizes_20260818_pp_1p8_pc_2p2_cont_4p0_8p0,2026-08-18T17:10:45.148208,0,0,7,0.35805460019402047,0,0,[],23,PASSED,[]
shx011508,15082026_16k_production_4_seeds_4_sizes_20260818_pp_1p8_pc_2p2_cont_4p0_8p0,2026-08-18T17:09:30.783901,0,0,7,0.3707526354323574,6,0,[],28,REJECTED,['protein_cellulose_clashes']
htx007701,15082026_16k_production_4_seeds_4_sizes_20260818_pp_1p8_pc_2p2_cont_4p0_8p0,2026-08-18T17:10:38.455143,0,0,7,0.4016330329275212,0,0,[],22,PASSED,[]
thm001169,15082026_16k_production_4_seeds_4_sizes_20260818_pp_1p8_pc_2p2_cont_4p0_8p0,2026-08-18T17:09:46.302023,0,0,7,0.3681321399377459,22,0,[],43,REJECTED,['protein_cellulose_clashes']
thx003732,15082026_16k_production_4_seeds_4_sizes_20260818_pp_1p8_pc_2p2_cont_4p0_8p0,2026-08-18T17:10:24.439213,0,0,7,0.3393257412380982,141,2,"[(78, 89), (79, 90)]",164,REJECTED,"['more_than_0_protein_protein_clashes', 'protein_cellulose_clashes']"
htx007325,15082026_16k_production_4_seeds_4_sizes_20260818_pp_1p8_pc_2p2_cont_4p0_8p0,2026-08-18T17:10:37.467657,0,0,7,0.39476834019701645,9,0,[],30,REJECTED,['protein_cellulose_clashes']
htl006600,15082026_16k_production_4_seeds_4_sizes_20260818_pp_1p8_pc_2p2_cont_4p0_8p0,2026-08-18T17:10:46.172355,0,0,7,0.3327453307503274,0,0,[],21,PASSED,[]
shx011974,15082026_16k_production_4_seeds_4_sizes_20260818_pp_1p8_pc_2p2_cont_4p0_8p0,2026-08-18T17:09:40.926242,0,0,7,0.34431851856564827,0,0,[],20,PASSED,[]
thx003127,15082026_16k_production_4_seeds_4_sizes_20260818_pp_1p8_pc_2p2_cont_4p0_8p0,2026-08-18T17:10:12.386696,0,0,7,0.35976360105102795,160,4,"[(13, 79), (14, 78), (19, 81), (65, 45)]",184,REJECTED,"['more_than_0_protein_protein_clashes', 'protein_cellulose_clashes']"
htx007045,15082026_16k_production_4_seeds_4_sizes_20260818_pp_1p8_pc_2p2_cont_4p0_8p0,2026-08-18T17:10:35.915534,0,0,7,0.40386981328439425,0,0,[],19,PASSED,[]
shx011156,15082026_16k_production_4_seeds_4_sizes_20260818_pp_1p8_pc_2p2_cont_4p0_8p0,2026-08-18T17:09:24.375252,0,0,7,0.3711425992354267,147,5,"[(2, 78), (3, 79), (4, 81), (29, 40), (31, 83)]",170,REJECTED,"['more_than_0_protein_protein_clashes', 'protein_cellulose_clashes']"
htm005459,15082026_16k_production_4_seeds_4_sizes_20260818_pp_1p8_pc_2p2_cont_4p0_8p0,2026-08-18T17:09:41.646912,0,0,7,0.3621938043908132,0,0,[],18,PASSED,[]
shs008488,15082026_16k_production_4_seeds_4_sizes_20260818_pp_1p8_pc_2p2_cont_4p0_8p0,2026-08-18T17:09:42.612676,0,0,7,0.3534528731511945,0,0,[],18,PASSED,[]
hsl014052,15082026_16k_production_4_seeds_4_sizes_20260818_pp_1p8_pc_2p2_cont_4p0_8p0,2026-08-18T17:10:44.642115,0,0,7,0.3594848223412808,0,0,[],18,PASSED,[]
ths000784,15082026_16k_production_4_seeds_4_sizes_20260818_pp_1p8_pc_2p2_cont_4p0_8p0,2026-08-18T17:10:08.072291,0,0,7,0.35211084413837673,0,0,[],17,PASSED,[]
hsm013080,15082026_16k_production_4_seeds_4_sizes_20260818_pp_1p8_pc_2p2_cont_4p0_8p0,2026-08-18T17:10:45.518232,0,0,7,0.3732693512034766,0,0,[],17,PASSED,[]
htl006393,15082026_16k_production_4_seeds_4_sizes_20260818_pp_1p8_pc_2p2_cont_4p0_8p0,2026-08-18T17:10:45.975265,0,0,7,0.3443947059506908,0,0,[],17,PASSED,[]
shx011055,15082026_16k_production_4_seeds_4_sizes_20260818_pp_1p8_pc_2p2_cont_4p0_8p0,2026-08-18T17:09:22.115685,0,0,7,0.36562644345696366,29,0,[],45,REJECTED,['protein_cellulose_clashes']
shx011814,15082026_16k_production_4_seeds_4_sizes_20260818_pp_1p8_pc_2p2_cont_4p0_8p0,2026-08-18T17:09:37.579618,0,0,7,0.3513495763563891,0,0,[],16,PASSED,[]
htm005392,15082026_16k_production_4_seeds_4_sizes_20260818_pp_1p8_pc_2p2_cont_4p0_8p0,2026-08-18T17:09:41.556194,0,0,7,0.36281187142962673,0,0,[],16,PASSED,[]
shs008356,15082026_16k_production_4_seeds_4_sizes_20260818_pp_1p8_pc_2p2_cont_4p0_8p0,2026-08-18T17:09:42.383627,0,0,7,0.36987641414183037,0,0,[],16,PASSED,[]
htx007680,15082026_16k_production_4_seeds_4_sizes_20260818_pp_1p8_pc_2p2_cont_4p0_8p0,2026-08-18T17:10:38.211244,0,0,7,0.3909617058946556,6,0,[],22,REJECTED,['protein_cellulose_clashes']
hsl014442,15082026_16k_production_4_seeds_4_sizes_20260818_pp_1p8_pc_2p2_cont_4p0_8p0,2026-08-18T17:10:44.942385,0,0,7,0.37152581018971964,0,0,[],16,PASSED,[]
hsl014812,15082026_16k_production_4_seeds_4_sizes_20260818_pp_1p8_pc_2p2_cont_4p0_8p0,2026-08-18T17:10:45.257440,0,0,7,0.37090305786337036,0,0,[],16,PASSED,[]
shx011560,15082026_16k_production_4_seeds_4_sizes_20260818_pp_1p8_pc_2p2_cont_4p0_8p0,2026-08-18T17:09:32.044744,0,0,7,0.3605527131069676,30,0,[],45,REJECTED,['protein_cellulose_clashes']
shs008497,15082026_16k_production_4_seeds_4_sizes_20260818_pp_1p8_pc_2p2_cont_4p0_8p0,2026-08-18T17:09:42.846811,0,0,7,0.3598035084996624,0,0,[],15,PASSED,[]
ths000488,15082026_16k_production_4_seeds_4_sizes_20260818_pp_1p8_pc_2p2_cont_4p0_8p0,2026-08-18T17:10:04.793468,0,0,7,0.339312113310538,0,0,[],15,PASSED,[]
thm001047,15082026_16k_production_4_seeds_4_sizes_20260818_pp_1p8_pc_2p2_cont_4p0_8p0,2026-08-18T17:09:44.792539,0,0,7,0.3488877280206452,100,0,[],114,REJECTED,['protein_cellulose_clashes']
thx003733,15082026_16k_production_4_seeds_4_sizes_20260818_pp_1p8_pc_2p2_cont_4p0_8p0,2026-08-18T17:10:24.660561,0,0,7,0.35093263882239734,75,1,"[(102, 89)]",90,REJECTED,"['more_than_0_protein_protein_clashes', 'protein_cellulose_clashes']"
shl010427,15082026_16k_production_4_seeds_4_sizes_20260818_pp_1p8_pc_2p2_cont_4p0_8p0,2026-08-18T17:10:41.876934,0,0,7,0.37629803975512693,0,0,[],14,PASSED,[]
hsl014198,15082026_16k_production_4_seeds_4_sizes_20260818_pp_1p8_pc_2p2_cont_4p0_8p0,2026-08-18T17:10:44.745260,0,0,7,0.38744253034920356,0,0,[],14,PASSED,[]
htm005319,15082026_16k_production_4_seeds_4_sizes_20260818_pp_1p8_pc_2p2_cont_4p0_8p0,2026-08-18T17:09:41.473977,0,0,7,0.3566672093420924,0,0,[],13,PASSED,[]
hsx015069,15082026_16k_production_4_seeds_4_sizes_20260818_pp_1p8_pc_2p2_cont_4p0_8p0,2026-08-18T17:10:39.213691,0,0,7,0.35482419757114947,0,0,[],13,PASSED,[]
ths000347,15082026_16k_production_4_seeds_4_sizes_20260818_pp_1p8_pc_2p2_cont_4p0_8p0,2026-08-18T17:10:03.340210,0,0,7,0.35524227507728384,8,0,[],20,REJECTED,['protein_cellulose_clashes']
thx003802,15082026_16k_production_4_seeds_4_sizes_20260818_pp_1p8_pc_2p2_cont_4p0_8p0,2026-08-18T17:10:26.125569,0,0,7,0.36313893263541747,85,0,[],97,REJECTED,['protein_cellulose_clashes']
shs008489,15082026_16k_production_4_seeds_4_sizes_20260818_pp_1p8_pc_2p2_cont_4p0_8p0,2026-08-18T17:09:42.732831,0,0,7,0.37034034153668133,0,0,[],11,PASSED,[]
shs008968,15082026_16k_production_4_seeds_4_sizes_20260818_pp_1p8_pc_2p2_cont_4p0_8p0,2026-08-18T17:09:43.904767,0,0,7,0.3392681510094178,0,0,[],11,PASSED,[]
ths000163,15082026_16k_production_4_seeds_4_sizes_20260818_pp_1p8_pc_2p2_cont_4p0_8p0,2026-08-18T17:10:01.704801,0,0,7,0.3757504510271774,0,0,[],11,PASSED,[]
ths000845,15082026_16k_production_4_seeds_4_sizes_20260818_pp_1p8_pc_2p2_cont_4p0_8p0,2026-08-18T17:10:08.625482,0,0,7,0.3496411264947821,0,0,[],11,PASSED,[]
htx008000,15082026_16k_production_4_seeds_4_sizes_20260818_pp_1p8_pc_2p2_cont_4p0_8p0,2026-08-18T17:10:38.973212,0,0,7,0.35210438714073267,0,0,[],11,PASSED,[]
hsl014234,15082026_16k_production_4_seeds_4_sizes_20260818_pp_1p8_pc_2p2_cont_4p0_8p0,2026-08-18T17:10:44.841393,0,0,7,0.36545815353154815,0,0,[],11,PASSED,[]
hsl014968,15082026_16k_production_4_seeds_4_sizes_20260818_pp_1p8_pc_2p2_cont_4p0_8p0,2026-08-18T17:10:45.349577,0,0,7,0.3564854194563183,0,0,[],11,PASSED,[]
htl006297,15082026_16k_production_4_seeds_4_sizes_20260818_pp_1p8_pc_2p2_cont_4p0_8p0,2026-08-18T17:10:45.888745,0,0,7,0.3596981866755716,0,0,[],11,PASSED,[]
htl006969,15082026_16k_production_4_seeds_4_sizes_20260818_pp_1p8_pc_2p2_cont_4p0_8p0,2026-08-18T17:10:46.370555,0,0,7,0.36449503687633167,0,0,[],11,PASSED,[]
shx011226,15082026_16k_production_4_seeds_4_sizes_20260818_pp_1p8_pc_2p2_cont_4p0_8p0,2026-08-18T17:09:26.078828,0,0,7,0.3730652048267785,104,0,[],114,REJECTED,['protein_cellulose_clashes']
thx003236,15082026_16k_production_4_seeds_4_sizes_20260818_pp_1p8_pc_2p2_cont_4p0_8p0,2026-08-18T17:10:14.458241,0,0,7,0.3590050589840474,88,0,[],98,REJECTED,['protein_cellulose_clashes']
htl006254,15082026_16k_production_4_seeds_4_sizes_20260818_pp_1p8_pc_2p2_cont_4p0_8p0,2026-08-18T17:10:45.791692,0,0,7,0.37935975270259975,0,0,[],10,PASSED,[]
htl006834,15082026_16k_production_4_seeds_4_sizes_20260818_pp_1p8_pc_2p2_cont_4p0_8p0,2026-08-18T17:10:46.270349,0,0,7,0.3630987039569376,0,0,[],10,PASSED,[]
thm001065,15082026_16k_production_4_seeds_4_sizes_20260818_pp_1p8_pc_2p2_cont_4p0_8p0,2026-08-18T17:09:45.048692,0,0,7,0.389371328565818,52,3,"[(1, 68), (7, 72), (8, 73)]",64,REJECTED,"['more_than_0_protein_protein_clashes', 'protein_cellulose_clashes']"
htx007678,15082026_16k_production_4_seeds_4_sizes_20260818_pp_1p8_pc_2p2_cont_4p0_8p0,2026-08-18T17:10:38.090394,0,0,7,0.36451588567951765,22,0,[],31,REJECTED,['protein_cellulose_clashes']
hsx015165,15082026_16k_production_4_seeds_4_sizes_20260818_pp_1p8_pc_2p2_cont_4p0_8p0,2026-08-18T17:10:39.340882,0,0,7,0.37672322855146284,0,0,[],9,PASSED,[]
hsm013640,15082026_16k_production_4_seeds_4_sizes_20260818_pp_1p8_pc_2p2_cont_4p0_8p0,2026-08-18T17:10:45.606340,0,0,7,0.33432386566482486,0,0,[],9,PASSED,[]
htl006036,15082026_16k_production_4_seeds_4_sizes_20260818_pp_1p8_pc_2p2_cont_4p0_8p0,2026-08-18T17:10:45.701775,0,0,7,0.3843970144414194,3,0,[],12,REJECTED,['protein_cellulose_clashes']
shx011124,15082026_16k_production_4_seeds_4_sizes_20260818_pp_1p8_pc_2p2_cont_4p0_8p0,2026-08-18T17:09:24.015111,0,0,7,0.3579069773716815,8,0,[],16,REJECTED,['protein_cellulose_clashes']
thm001225,15082026_16k_production_4_seeds_4_sizes_20260818_pp_1p8_pc_2p2_cont_4p0_8p0,2026-08-18T17:09:46.806400,0,0,7,0.3928187494323325,0,0,[],8,PASSED,[]
hsx015864,15082026_16k_production_4_seeds_4_sizes_20260818_pp_1p8_pc_2p2_cont_4p0_8p0,2026-08-18T17:10:39.805599,0,0,7,0.3913764669927717,0,0,[],8,PASSED,[]
hsm013072,15082026_16k_production_4_seeds_4_sizes_20260818_pp_1p8_pc_2p2_cont_4p0_8p0,2026-08-18T17:10:45.433944,0,0,7,0.33332440402597696,0,0,[],8,PASSED,[]
shs008123,15082026_16k_production_4_seeds_4_sizes_20260818_pp_1p8_pc_2p2_cont_4p0_8p0,2026-08-18T17:09:42.050323,0,0,7,0.3601872754684915,0,0,[],6,REJECTED,['less_than_7_contacts']
shl010764,15082026_16k_production_4_seeds_4_sizes_20260818_pp_1p8_pc_2p2_cont_4p0_8p0,2026-08-18T17:10:42.787783,0,0,7,0.36523873361983233,206,3,"[(94, 73), (96, 75), (97, 74)]",215,REJECTED,"['more_than_0_protein_protein_clashes', 'protein_cellulose_clashes']"
htl006485,15082026_16k_production_4_seeds_4_sizes_20260818_pp_1p8_pc_2p2_cont_4p0_8p0,2026-08-18T17:10:46.071166,0,0,7,0.3673062420241951,0,0,[],6,REJECTED,['less_than_7_contacts']
htm005477,15082026_16k_production_4_seeds_4_sizes_20260818_pp_1p8_pc_2p2_cont_4p0_8p0,2026-08-18T17:09:41.742795,0,0,7,0.3720319685534528,0,0,[],5,REJECTED,['less_than_7_contacts']
thx003963,15082026_16k_production_4_seeds_4_sizes_20260818_pp_1p8_pc_2p2_cont_4p0_8p0,2026-08-18T17:10:30.902518,0,0,7,0.3463860102545059,70,1,"[(31, 89)]",76,REJECTED,"['more_than_0_protein_protein_clashes', 'protein_cellulose_clashes']"
htx007276,15082026_16k_production_4_seeds_4_sizes_20260818_pp_1p8_pc_2p2_cont_4p0_8p0,2026-08-18T17:10:37.067334,0,0,7,0.3519082472189332,0,0,[],5,REJECTED,['less_than_7_contacts']
shs008843,15082026_16k_production_4_seeds_4_sizes_20260818_pp_1p8_pc_2p2_cont_4p0_8p0,2026-08-18T17:09:43.780215,0,0,7,0.36513390997869927,0,0,[],3,REJECTED,['less_than_7_contacts']
thm001198,15082026_16k_production_4_seeds_4_sizes_20260818_pp_1p8_pc_2p2_cont_4p0_8p0,2026-08-18T17:09:46.683011,0,0,7,0.3753775117415096,47,0,[],50,REJECTED,['protein_cellulose_clashes']
htx007287,15082026_16k_production_4_seeds_4_sizes_20260818_pp_1p8_pc_2p2_cont_4p0_8p0,2026-08-18T17:10:37.204608,0,0,7,0.4023692352645852,26,0,[],28,REJECTED,['protein_cellulose_clashes']
ths000420,15082026_16k_production_4_seeds_4_sizes_20260818_pp_1p8_pc_2p2_cont_4p0_8p0,2026-08-18T17:10:04.063066,0,0,7,0.3451174362505472,0,0,[],1,REJECTED,['less_than_7_contacts']
htx007468,15082026_16k_production_4_seeds_4_sizes_20260818_pp_1p8_pc_2p2_cont_4p0_8p0,2026-08-18T17:10:37.839606,0,0,7,0.3698537690837568,0,0,[],1,REJECTED,['less_than_7_contacts']
shx011406,15082026_16k_production_4_seeds_4_sizes_20260818_pp_1p8_pc_2p2_cont_4p0_8p0,2026-08-18T17:09:28.590115,0,0,7,0.3715393012105581,140,2,"[(76, 91), (77, 97)]",142,REJECTED,"['more_than_0_protein_protein_clashes', 'protein_cellulose_clashes']"
shs008524,15082026_16k_production_4_seeds_4_sizes_20260818_pp_1p8_pc_2p2_cont_4p0_8p0,2026-08-18T17:09:43.074688,0,0,7,0.34826164682672567,0,0,[],0,REJECTED,['less_than_7_contacts']
ths000793,15082026_16k_production_4_seeds_4_sizes_20260818_pp_1p8_pc_2p2_cont_4p0_8p0,2026-08-18T17:10:08.205814,0,0,7,0.37740043101043597,0,0,[],0,REJECTED,['less_than_7_contacts']
shm009452,15082026_16k_production_4_seeds_4_sizes_20260818_pp_1p8_pc_2p2_cont_4p0_8p0,2026-08-18T17:10:33.896560,0,0,7,0.3679889952678741,0,0,[],0,REJECTED,['less_than_7_contacts']
htx007969,15082026_16k_production_4_seeds_4_sizes_20260818_pp_1p8_pc_2p2_cont_4p0_8p0,2026-08-18T17:10:38.841971,0,0,7,0.4009863026952604,2,0,[],2,REJECTED,"['protein_cellulose_clashes', 'less_than_7_contacts']"
thl002325,15082026_16k_production_4_seeds_4_sizes_20260818_pp_1p8_pc_2p2_cont_4p0_8p0,2026-08-18T17:09:57.762838,0,0,7,0.3587986941021533,98,2,"[(1, 64), (6, 71)]",98,REJECTED,"['more_than_0_protein_protein_clashes', 'protein_cellulose_clashes']"
thl002391,15082026_16k_production_4_seeds_4_sizes_20260818_pp_1p8_pc_2p2_cont_4p0_8p0,2026-08-18T17:09:58.064477,0,0,7,0.3655119379959842,45,0,[],42,REJECTED,['protein_cellulose_clashes']
shm009911,15082026_16k_production_4_seeds_4_sizes_20260818_pp_1p8_pc_2p2_cont_4p0_8p0,2026-08-18T17:10:35.520149,0,0,7,0.3731542218675649,249,4,"[(9, 26), (10, 78), (13, 28), (58, 76)]",248,REJECTED,"['more_than_0_protein_protein_clashes', 'protein_cellulose_clashes']"
htx007263,15082026_16k_production_4_seeds_4_sizes_20260818_pp_1p8_pc_2p2_cont_4p0_8p0,2026-08-18T17:10:36.835806,0,0,7,0.3976605905812628,39,0,[],34,REJECTED,['protein_cellulose_clashes']
shx011203,15082026_16k_production_4_seeds_4_sizes_20260818_pp_1p8_pc_2p2_cont_4p0_8p0,2026-08-18T17:09:25.687034,0,0,7,0.37739699198300086,54,0,[],47,REJECTED,['protein_cellulose_clashes']
thm001963,15082026_16k_production_4_seeds_4_sizes_20260818_pp_1p8_pc_2p2_cont_4p0_8p0,2026-08-18T17:09:53.754060,0,0,7,0.36108910070278805,151,1,"[(6, 75)]",145,REJECTED,"['more_than_0_protein_protein_clashes', 'protein_cellulose_clashes']"
thx003168,15082026_16k_production_4_seeds_4_sizes_20260818_pp_1p8_pc_2p2_cont_4p0_8p0,2026-08-18T17:10:13.546572,0,0,7,0.35662452870323846,123,1,"[(104, 86)]",117,REJECTED,"['more_than_0_protein_protein_clashes', 'protein_cellulose_clashes']"
thm001311,15082026_16k_production_4_seeds_4_sizes_20260818_pp_1p8_pc_2p2_cont_4p0_8p0,2026-08-18T17:09:47.385433,0,0,7,0.34054688323980353,94,1,"[(6, 62)]",82,REJECTED,"['more_than_0_protein_protein_clashes', 'protein_cellulose_clashes']"
shl010329,15082026_16k_production_4_seeds_4_sizes_20260818_pp_1p8_pc_2p2_cont_4p0_8p0,2026-08-18T17:10:41.605982,0,0,7,0.34447213438726676,32,0,[],19,REJECTED,['protein_cellulose_clashes']
thl002207,15082026_16k_production_4_seeds_4_sizes_20260818_pp_1p8_pc_2p2_cont_4p0_8p0,2026-08-18T17:09:57.042900,0,0,7,0.36626314140223265,56,0,[],42,REJECTED,['protein_cellulose_clashes']
ths000448,15082026_16k_production_4_seeds_4_sizes_20260818_pp_1p8_pc_2p2_cont_4p0_8p0,2026-08-18T17:10:04.414574,0,0,7,0.3765002631783485,98,0,[],84,REJECTED,['protein_cellulose_clashes']
shx011819,15082026_16k_production_4_seeds_4_sizes_20260818_pp_1p8_pc_2p2_cont_4p0_8p0,2026-08-18T17:09:37.790623,0,0,7,0.3521346127107686,150,1,"[(61, 35)]",129,REJECTED,"['more_than_0_protein_protein_clashes', 'protein_cellulose_clashes']"
thx003465,15082026_16k_production_4_seeds_4_sizes_20260818_pp_1p8_pc_2p2_cont_4p0_8p0,2026-08-18T17:10:19.359690,0,0,7,0.34471711587367043,96,1,"[(99, 80)]",75,REJECTED,"['more_than_0_protein_protein_clashes', 'protein_cellulose_clashes']"
thx003699,15082026_16k_production_4_seeds_4_sizes_20260818_pp_1p8_pc_2p2_cont_4p0_8p0,2026-08-18T17:10:23.828150,0,0,7,0.3669031091807125,130,0,[],108,REJECTED,['protein_cellulose_clashes']
shx011171,15082026_16k_production_4_seeds_4_sizes_20260818_pp_1p8_pc_2p2_cont_4p0_8p0,2026-08-18T17:09:24.570622,0,0,7,0.3769713285937958,215,1,"[(80, 97)]",192,REJECTED,"['more_than_0_protein_protein_clashes', 'protein_cellulose_clashes']"
thl002305,15082026_16k_production_4_seeds_4_sizes_20260818_pp_1p8_pc_2p2_cont_4p0_8p0,2026-08-18T17:09:57.474953,0,0,7,0.3552431042783288,144,1,"[(23, 78)]",121,REJECTED,"['more_than_0_protein_protein_clashes', 'protein_cellulose_clashes']"
shl010899,15082026_16k_production_4_seeds_4_sizes_20260818_pp_1p8_pc_2p2_cont_4p0_8p0,2026-08-18T17:10:43.793748,0,0,7,0.35650956610492446,69,1,"[(15, 69)]",45,REJECTED,"['more_than_0_protein_protein_clashes', 'protein_cellulose_clashes']"
thm001972,15082026_16k_production_4_seeds_4_sizes_20260818_pp_1p8_pc_2p2_cont_4p0_8p0,2026-08-18T17:09:54.360385,0,0,7,0.3502967310433287,71,0,[],45,REJECTED,['protein_cellulose_clashes']
thx003162,15082026_16k_production_4_seeds_4_sizes_20260818_pp_1p8_pc_2p2_cont_4p0_8p0,2026-08-18T17:10:13.377992,0,0,7,0.34681373390699927,110,1,"[(32, 82)]",85,REJECTED,"['more_than_0_protein_protein_clashes', 'protein_cellulose_clashes']"
shx011182,15082026_16k_production_4_seeds_4_sizes_20260818_pp_1p8_pc_2p2_cont_4p0_8p0,2026-08-18T17:09:24.933332,0,0,7,0.3670986148480631,62,0,[],35,REJECTED,['protein_cellulose_clashes']
thm001341,15082026_16k_production_4_seeds_4_sizes_20260818_pp_1p8_pc_2p2_cont_4p0_8p0,2026-08-18T17:09:47.927298,0,0,7,0.3851223395239754,138,1,"[(9, 71)]",110,REJECTED,"['more_than_0_protein_protein_clashes', 'protein_cellulose_clashes']"
htx007495,15082026_16k_production_4_seeds_4_sizes_20260818_pp_1p8_pc_2p2_cont_4p0_8p0,2026-08-18T17:10:37.959208,0,0,7,0.33478927378052886,57,0,[],26,REJECTED,['protein_cellulose_clashes']
shx011081,15082026_16k_production_4_seeds_4_sizes_20260818_pp_1p8_pc_2p2_cont_4p0_8p0,2026-08-18T17:09:22.986454,0,0,7,0.38988328336243994,117,1,"[(101, 80)]",83,REJECTED,"['more_than_0_protein_protein_clashes', 'protein_cellulose_clashes']"
shx011289,15082026_16k_production_4_seeds_4_sizes_20260818_pp_1p8_pc_2p2_cont_4p0_8p0,2026-08-18T17:09:26.874019,0,0,7,0.3757499243232301,143,3,"[(16, 89), (17, 87), (20, 85)]",109,REJECTED,"['more_than_0_protein_protein_clashes', 'protein_cellulose_clashes']"
shx011626,15082026_16k_production_4_seeds_4_sizes_20260818_pp_1p8_pc_2p2_cont_4p0_8p0,2026-08-18T17:09:33.740750,0,0,7,0.3643628880162313,142,1,"[(121, 92)]",105,REJECTED,"['more_than_0_protein_protein_clashes', 'protein_cellulose_clashes']"
thx003451,15082026_16k_production_4_seeds_4_sizes_20260818_pp_1p8_pc_2p2_cont_4p0_8p0,2026-08-18T17:10:18.781382,0,0,7,0.32745646825081826,125,0,[],87,REJECTED,['protein_cellulose_clashes']
thx003769,15082026_16k_production_4_seeds_4_sizes_20260818_pp_1p8_pc_2p2_cont_4p0_8p0,2026-08-18T17:10:25.503072,0,0,7,0.34415998624921257,137,0,[],98,REJECTED,['protein_cellulose_clashes']
thl002252,15082026_16k_production_4_seeds_4_sizes_20260818_pp_1p8_pc_2p2_cont_4p0_8p0,2026-08-18T17:09:57.327789,0,0,7,0.36628735495545345,171,3,"[(10, 71), (50, 76), (58, 72)]",134,REJECTED,"['more_than_0_protein_protein_clashes', 'protein_cellulose_clashes']"
shx011921,15082026_16k_production_4_seeds_4_sizes_20260818_pp_1p8_pc_2p2_cont_4p0_8p0,2026-08-18T17:09:40.027540,0,0,7,0.3509767208175998,151,1,"[(99, 80)]",107,REJECTED,"['more_than_0_protein_protein_clashes', 'protein_cellulose_clashes']"
shx011877,15082026_16k_production_4_seeds_4_sizes_20260818_pp_1p8_pc_2p2_cont_4p0_8p0,2026-08-18T17:09:39.127767,0,0,7,0.3668525510142466,66,0,[],16,REJECTED,['protein_cellulose_clashes']
thx003447,15082026_16k_production_4_seeds_4_sizes_20260818_pp_1p8_pc_2p2_cont_4p0_8p0,2026-08-18T17:10:18.586046,0,0,7,0.34971209204211406,191,3,"[(66, 91), (69, 89), (75, 94)]",143,REJECTED,"['more_than_0_protein_protein_clashes', 'protein_cellulose_clashes']"
thx003081,15082026_16k_production_4_seeds_4_sizes_20260818_pp_1p8_pc_2p2_cont_4p0_8p0,2026-08-18T17:10:11.906442,0,0,7,0.37376449490490576,127,2,"[(102, 88), (105, 90)]",75,REJECTED,"['more_than_0_protein_protein_clashes', 'protein_cellulose_clashes']"
thx003492,15082026_16k_production_4_seeds_4_sizes_20260818_pp_1p8_pc_2p2_cont_4p0_8p0,2026-08-18T17:10:20.161501,0,0,7,0.32202597102579095,153,1,"[(60, 70)]",100,REJECTED,"['more_than_0_protein_protein_clashes', 'protein_cellulose_clashes']"
shx011681,15082026_16k_production_4_seeds_4_sizes_20260818_pp_1p8_pc_2p2_cont_4p0_8p0,2026-08-18T17:09:35.644663,0,0,7,0.3450822711860515,100,0,[],43,REJECTED,['protein_cellulose_clashes']
thx003265,15082026_16k_production_4_seeds_4_sizes_20260818_pp_1p8_pc_2p2_cont_4p0_8p0,2026-08-18T17:10:15.013072,0,0,7,0.35818930575961805,155,2,"[(103, 80), (104, 81)]",99,REJECTED,"['more_than_0_protein_protein_clashes', 'protein_cellulose_clashes']"
thx003944,15082026_16k_production_4_seeds_4_sizes_20260818_pp_1p8_pc_2p2_cont_4p0_8p0,2026-08-18T17:10:30.440622,0,0,7,0.3583342746596228,103,0,[],45,REJECTED,['protein_cellulose_clashes']
thm001188,15082026_16k_production_4_seeds_4_sizes_20260818_pp_1p8_pc_2p2_cont_4p0_8p0,2026-08-18T17:09:46.426187,0,0,7,0.3443543739100651,112,1,"[(3, 59)]",53,REJECTED,"['more_than_0_protein_protein_clashes', 'protein_cellulose_clashes']"
shx011059,15082026_16k_production_4_seeds_4_sizes_20260818_pp_1p8_pc_2p2_cont_4p0_8p0,2026-08-18T17:09:22.295552,0,0,7,0.32879815053556444,172,2,"[(106, 89), (110, 41)]",109,REJECTED,"['more_than_0_protein_protein_clashes', 'protein_cellulose_clashes']"
shx011510,15082026_16k_production_4_seeds_4_sizes_20260818_pp_1p8_pc_2p2_cont_4p0_8p0,2026-08-18T17:09:30.981912,0,0,7,0.37271900492666776,107,0,[],42,REJECTED,['protein_cellulose_clashes']
thx003993,15082026_16k_production_4_seeds_4_sizes_20260818_pp_1p8_pc_2p2_cont_4p0_8p0,2026-08-18T17:10:31.610802,0,0,7,0.3520881220537181,109,0,[],44,REJECTED,['protein_cellulose_clashes']
thx003008,15082026_16k_production_4_seeds_4_sizes_20260818_pp_1p8_pc_2p2_cont_4p0_8p0,2026-08-18T17:10:09.931262,0,0,7,0.3685674169562918,124,0,[],58,REJECTED,['protein_cellulose_clashes']
shx011496,15082026_16k_production_4_seeds_4_sizes_20260818_pp_1p8_pc_2p2_cont_4p0_8p0,2026-08-18T17:09:30.197746,0,0,7,0.3449984254624249,245,1,"[(70, 44)]",179,REJECTED,"['more_than_0_protein_protein_clashes', 'protein_cellulose_clashes']"
thx003943,15082026_16k_production_4_seeds_4_sizes_20260818_pp_1p8_pc_2p2_cont_4p0_8p0,2026-08-18T17:10:30.208485,0,0,7,0.3418155929704999,174,1,"[(110, 88)]",108,REJECTED,"['more_than_0_protein_protein_clashes', 'protein_cellulose_clashes']"
thx003461,15082026_16k_production_4_seeds_4_sizes_20260818_pp_1p8_pc_2p2_cont_4p0_8p0,2026-08-18T17:10:19.164842,0,0,7,0.3538488554826872,168,1,"[(66, 89)]",99,REJECTED,"['more_than_0_protein_protein_clashes', 'protein_cellulose_clashes']"
shx011313,15082026_16k_production_4_seeds_4_sizes_20260818_pp_1p8_pc_2p2_cont_4p0_8p0,2026-08-18T17:09:27.462316,0,0,7,0.3902073416035413,89,0,[],16,REJECTED,['protein_cellulose_clashes']
shl010175,15082026_16k_production_4_seeds_4_sizes_20260818_pp_1p8_pc_2p2_cont_4p0_8p0,2026-08-18T17:10:40.486758,0,0,7,0.3398175726135297,118,1,"[(83, 72)]",39,REJECTED,"['more_than_0_protein_protein_clashes', 'protein_cellulose_clashes']"
thx003684,15082026_16k_production_4_seeds_4_sizes_20260818_pp_1p8_pc_2p2_cont_4p0_8p0,2026-08-18T17:10:23.421892,0,0,7,0.36287245234392596,189,1,"[(68, 82)]",107,REJECTED,"['more_than_0_protein_protein_clashes', 'protein_cellulose_clashes']"
shx011065,15082026_16k_production_4_seeds_4_sizes_20260818_pp_1p8_pc_2p2_cont_4p0_8p0,2026-08-18T17:09:22.465867,0,0,7,0.3619872175398806,212,2,"[(19, 86), (25, 41)]",130,REJECTED,"['more_than_0_protein_protein_clashes', 'protein_cellulose_clashes']"
thx003275,15082026_16k_production_4_seeds_4_sizes_20260818_pp_1p8_pc_2p2_cont_4p0_8p0,2026-08-18T17:10:15.374274,0,0,7,0.3379440879165683,201,2,"[(12, 92), (15, 36)]",119,REJECTED,"['more_than_0_protein_protein_clashes', 'protein_cellulose_clashes']"
thx003631,15082026_16k_production_4_seeds_4_sizes_20260818_pp_1p8_pc_2p2_cont_4p0_8p0,2026-08-18T17:10:23.005130,0,0,7,0.38534299001324257,137,0,[],53,REJECTED,['protein_cellulose_clashes']
shx011465,15082026_16k_production_4_seeds_4_sizes_20260818_pp_1p8_pc_2p2_cont_4p0_8p0,2026-08-18T17:09:29.777266,0,0,7,0.35284032946890753,101,0,[],15,REJECTED,['protein_cellulose_clashes']
ths000965,15082026_16k_production_4_seeds_4_sizes_20260818_pp_1p8_pc_2p2_cont_4p0_8p0,2026-08-18T17:10:09.165448,0,0,7,0.3232772859314845,99,0,[],13,REJECTED,['protein_cellulose_clashes']
shx011865,15082026_16k_production_4_seeds_4_sizes_20260818_pp_1p8_pc_2p2_cont_4p0_8p0,2026-08-18T17:09:38.911655,0,0,7,0.337210609338915,277,2,"[(63, 36), (108, 82)]",192,REJECTED,"['more_than_0_protein_protein_clashes', 'protein_cellulose_clashes']"
shx011310,15082026_16k_production_4_seeds_4_sizes_20260818_pp_1p8_pc_2p2_cont_4p0_8p0,2026-08-18T17:09:27.271008,0,0,7,0.36636200370216376,131,0,[],40,REJECTED,['protein_cellulose_clashes']
shx011904,15082026_16k_production_4_seeds_4_sizes_20260818_pp_1p8_pc_2p2_cont_4p0_8p0,2026-08-18T17:09:39.801556,0,0,7,0.3501726147726682,117,0,[],25,REJECTED,['protein_cellulose_clashes']
thl002860,15082026_16k_production_4_seeds_4_sizes_20260818_pp_1p8_pc_2p2_cont_4p0_8p0,2026-08-18T17:09:59.853713,0,0,7,0.364120313867258,123,0,[],28,REJECTED,['protein_cellulose_clashes']
thx003681,15082026_16k_production_4_seeds_4_sizes_20260818_pp_1p8_pc_2p2_cont_4p0_8p0,2026-08-18T17:10:23.218747,0,0,7,0.34283796142803935,244,2,"[(21, 88), (25, 91)]",151,REJECTED,"['more_than_0_protein_protein_clashes', 'protein_cellulose_clashes']"
thx003961,15082026_16k_production_4_seeds_4_sizes_20260818_pp_1p8_pc_2p2_cont_4p0_8p0,2026-08-18T17:10:30.665785,0,0,7,0.35635871566867355,158,0,[],57,REJECTED,['protein_cellulose_clashes']
thl002445,15082026_16k_production_4_seeds_4_sizes_20260818_pp_1p8_pc_2p2_cont_4p0_8p0,2026-08-18T17:09:58.223662,0,0,7,0.3681103238243357,157,1,"[(97, 84)]",56,REJECTED,"['more_than_0_protein_protein_clashes', 'protein_cellulose_clashes']"
thx003838,15082026_16k_production_4_seeds_4_sizes_20260818_pp_1p8_pc_2p2_cont_4p0_8p0,2026-08-18T17:10:27.022077,0,0,7,0.33700673352176824,222,3,"[(111, 95), (117, 97), (120, 99)]",123,REJECTED,"['more_than_0_protein_protein_clashes', 'protein_cellulose_clashes']"
thx003821,15082026_16k_production_4_seeds_4_sizes_20260818_pp_1p8_pc_2p2_cont_4p0_8p0,2026-08-18T17:10:26.574218,0,0,7,0.35922801855458736,122,0,[],17,REJECTED,['protein_cellulose_clashes']
shl010038,15082026_16k_production_4_seeds_4_sizes_20260818_pp_1p8_pc_2p2_cont_4p0_8p0,2026-08-18T17:10:40.084540,0,0,7,0.361940000260606,298,3,"[(9, 27), (52, 75), (94, 74)]",196,REJECTED,"['more_than_0_protein_protein_clashes', 'protein_cellulose_clashes']"
thx003551,15082026_16k_production_4_seeds_4_sizes_20260818_pp_1p8_pc_2p2_cont_4p0_8p0,2026-08-18T17:10:21.557073,0,0,7,0.32828336419272897,198,2,"[(99, 87), (100, 86)]",93,REJECTED,"['more_than_0_protein_protein_clashes', 'protein_cellulose_clashes']"
shx011013,15082026_16k_production_4_seeds_4_sizes_20260818_pp_1p8_pc_2p2_cont_4p0_8p0,2026-08-18T17:09:21.767890,0,0,7,0.334980679352386,166,0,[],58,REJECTED,['protein_cellulose_clashes']
shx011183,15082026_16k_production_4_seeds_4_sizes_20260818_pp_1p8_pc_2p2_cont_4p0_8p0,2026-08-18T17:09:25.124583,0,0,7,0.357631726454449,322,1,"[(106, 45)]",212,REJECTED,"['more_than_0_protein_protein_clashes', 'protein_cellulose_clashes']"
thl002609,15082026_16k_production_4_seeds_4_sizes_20260818_pp_1p8_pc_2p2_cont_4p0_8p0,2026-08-18T17:09:59.229058,0,0,7,0.3678241460750883,244,0,[],133,REJECTED,['protein_cellulose_clashes']
thx003914,15082026_16k_production_4_seeds_4_sizes_20260818_pp_1p8_pc_2p2_cont_4p0_8p0,2026-08-18T17:10:29.059919,0,0,7,0.3642533010612984,180,1,"[(109, 88)]",70,REJECTED,"['more_than_0_protein_protein_clashes', 'protein_cellulose_clashes']"
shx011376,15082026_16k_production_4_seeds_4_sizes_20260818_pp_1p8_pc_2p2_cont_4p0_8p0,2026-08-18T17:09:27.822724,0,0,7,0.35141858369112494,187,0,[],74,REJECTED,['protein_cellulose_clashes']
thx003431,15082026_16k_production_4_seeds_4_sizes_20260818_pp_1p8_pc_2p2_cont_4p0_8p0,2026-08-18T17:10:18.389719,0,0,7,0.34238971576440846,159,0,[],46,REJECTED,['protein_cellulose_clashes']
thx003076,15082026_16k_production_4_seeds_4_sizes_20260818_pp_1p8_pc_2p2_cont_4p0_8p0,2026-08-18T17:10:11.742579,0,0,7,0.3617725536027805,159,1,"[(104, 90)]",42,REJECTED,"['more_than_0_protein_protein_clashes', 'protein_cellulose_clashes']"
thx003138,15082026_16k_production_4_seeds_4_sizes_20260818_pp_1p8_pc_2p2_cont_4p0_8p0,2026-08-18T17:10:12.707015,0,0,7,0.36111791958087336,152,0,[],32,REJECTED,['protein_cellulose_clashes']
thx003171,15082026_16k_production_4_seeds_4_sizes_20260818_pp_1p8_pc_2p2_cont_4p0_8p0,2026-08-18T17:10:13.738406,0,0,7,0.34706565739917233,168,0,[],40,REJECTED,['protein_cellulose_clashes']
thx003849,15082026_16k_production_4_seeds_4_sizes_20260818_pp_1p8_pc_2p2_cont_4p0_8p0,2026-08-18T17:10:27.454164,0,0,7,0.3288681324149146,182,0,[],53,REJECTED,['protein_cellulose_clashes']
shx011498,15082026_16k_production_4_seeds_4_sizes_20260818_pp_1p8_pc_2p2_cont_4p0_8p0,2026-08-18T17:09:30.395174,0,0,7,0.34055705410780734,210,1,"[(96, 78)]",77,REJECTED,"['more_than_0_protein_protein_clashes', 'protein_cellulose_clashes']"
shx011439,15082026_16k_production_4_seeds_4_sizes_20260818_pp_1p8_pc_2p2_cont_4p0_8p0,2026-08-18T17:09:29.169136,0,0,7,0.38115361695560684,182,0,[],41,REJECTED,['protein_cellulose_clashes']
thx003895,15082026_16k_production_4_seeds_4_sizes_20260818_pp_1p8_pc_2p2_cont_4p0_8p0,2026-08-18T17:10:28.336964,0,0,7,0.36478901444197015,211,0,[],69,REJECTED,['protein_cellulose_clashes']
shl010267,15082026_16k_production_4_seeds_4_sizes_20260818_pp_1p8_pc_2p2_cont_4p0_8p0,2026-08-18T17:10:41.041097,0,0,7,0.34458744752491877,256,3,"[(15, 76), (16, 79), (18, 34)]",113,REJECTED,"['more_than_0_protein_protein_clashes', 'protein_cellulose_clashes']"
thl002175,15082026_16k_production_4_seeds_4_sizes_20260818_pp_1p8_pc_2p2_cont_4p0_8p0,2026-08-18T17:09:56.752502,0,0,7,0.35293761710189586,157,0,[],10,REJECTED,['protein_cellulose_clashes']
thx003172,15082026_16k_production_4_seeds_4_sizes_20260818_pp_1p8_pc_2p2_cont_4p0_8p0,2026-08-18T17:10:13.926863,0,0,7,0.3590165197409273,222,1,"[(112, 95)]",76,REJECTED,"['more_than_0_protein_protein_clashes', 'protein_cellulose_clashes']"
thx003268,15082026_16k_production_4_seeds_4_sizes_20260818_pp_1p8_pc_2p2_cont_4p0_8p0,2026-08-18T17:10:15.197780,0,0,7,0.3558506880188033,294,3,"[(112, 95), (114, 92), (116, 94)]",144,REJECTED,"['more_than_0_protein_protein_clashes', 'protein_cellulose_clashes']"
thx003424,15082026_16k_production_4_seeds_4_sizes_20260818_pp_1p8_pc_2p2_cont_4p0_8p0,2026-08-18T17:10:17.825492,0,0,7,0.33632388561180704,249,0,[],80,REJECTED,['protein_cellulose_clashes']
thx003002,15082026_16k_production_4_seeds_4_sizes_20260818_pp_1p8_pc_2p2_cont_4p0_8p0,2026-08-18T17:10:09.594237,0,0,7,0.3687170519645254,306,1,"[(102, 83)]",136,REJECTED,"['more_than_0_protein_protein_clashes', 'protein_cellulose_clashes']"
thx003251,15082026_16k_production_4_seeds_4_sizes_20260818_pp_1p8_pc_2p2_cont_4p0_8p0,2026-08-18T17:10:14.654520,0,0,7,0.35718690302331824,303,1,"[(58, 97)]",129,REJECTED,"['more_than_0_protein_protein_clashes', 'protein_cellulose_clashes']"
thx003056,15082026_16k_production_4_seeds_4_sizes_20260818_pp_1p8_pc_2p2_cont_4p0_8p0,2026-08-18T17:10:10.953815,0,0,7,0.35120846919482723,301,2,"[(73, 92), (75, 87)]",126,REJECTED,"['more_than_0_protein_protein_clashes', 'protein_cellulose_clashes']"
thx003023,15082026_16k_production_4_seeds_4_sizes_20260818_pp_1p8_pc_2p2_cont_4p0_8p0,2026-08-18T17:10:10.277610,0,0,7,0.3984389709405392,202,0,[],20,REJECTED,['protein_cellulose_clashes']
thx003502,15082026_16k_production_4_seeds_4_sizes_20260818_pp_1p8_pc_2p2_cont_4p0_8p0,2026-08-18T17:10:20.552079,0,0,7,0.33201260508959796,266,2,"[(113, 96), (115, 94)]",76,REJECTED,"['more_than_0_protein_protein_clashes', 'protein_cellulose_clashes']"
thx003022,15082026_16k_production_4_seeds_4_sizes_20260818_pp_1p8_pc_2p2_cont_4p0_8p0,2026-08-18T17:10:10.110308,0,0,7,0.34662839246361365,341,2,"[(65, 91), (70, 85)]",146,REJECTED,"['more_than_0_protein_protein_clashes', 'protein_cellulose_clashes']"
thx003123,15082026_16k_production_4_seeds_4_sizes_20260818_pp_1p8_pc_2p2_cont_4p0_8p0,2026-08-18T17:10:12.231459,0,0,7,0.3635687168926753,257,0,[],49,REJECTED,['protein_cellulose_clashes']
thx003591,15082026_16k_production_4_seeds_4_sizes_20260818_pp_1p8_pc_2p2_cont_4p0_8p0,2026-08-18T17:10:21.765197,0,0,7,0.3404855405651007,383,0,[],173,REJECTED,['protein_cellulose_clashes']
thx003032,15082026_16k_production_4_seeds_4_sizes_20260818_pp_1p8_pc_2p2_cont_4p0_8p0,2026-08-18T17:10:10.624248,0,0,7,0.33283893741253456,289,0,[],76,REJECTED,['protein_cellulose_clashes']
thx003987,15082026_16k_production_4_seeds_4_sizes_20260818_pp_1p8_pc_2p2_cont_4p0_8p0,2026-08-18T17:10:31.378826,0,0,7,0.3497870444837691,273,0,[],55,REJECTED,['protein_cellulose_clashes']
thx003145,15082026_16k_production_4_seeds_4_sizes_20260818_pp_1p8_pc_2p2_cont_4p0_8p0,2026-08-18T17:10:12.878096,0,0,7,0.35068598551047087,274,1,"[(23, 78)]",49,REJECTED,"['more_than_0_protein_protein_clashes', 'protein_cellulose_clashes']"
thx003429,15082026_16k_production_4_seeds_4_sizes_20260818_pp_1p8_pc_2p2_cont_4p0_8p0,2026-08-18T17:10:18.205145,0,0,7,0.3368146538441584,304,0,[],78,REJECTED,['protein_cellulose_clashes']
thx003601,15082026_16k_production_4_seeds_4_sizes_20260818_pp_1p8_pc_2p2_cont_4p0_8p0,2026-08-18T17:10:22.381149,0,0,7,0.36935365789485436,259,0,[],31,REJECTED,['protein_cellulose_clashes']
