protein_id,experiment_name,time_stamp,seed,ligand_chains,protein_ligand_clash_cutoff,protein_protein_clash_cutoff,protein_protein_contacts_cutoff,rmsd_after_kabsch,protein_ligand_clashes,protein_protein_clashes,clashing_residues,protein_protein_contacts,status,rejection_reason,skip_reason
hsl014052,15082026_16k_production_4_seeds_4_sizes,2026-09-10T17:20:57+00:00,,,0,0,7,,,,,,ERROR,,no stage-01 json for group 'hslarge': /home/karina/1cbh_clear/01_rfd3_symmetry_generation/json/15082026_16k_production_4_seeds_4_sizes/hslarge.json
hsl014198,15082026_16k_production_4_seeds_4_sizes,2026-09-10T17:20:57+00:00,,,0,0,7,,,,,,ERROR,,no stage-01 json for group 'hslarge': /home/karina/1cbh_clear/01_rfd3_symmetry_generation/json/15082026_16k_production_4_seeds_4_sizes/hslarge.json
hsl014234,15082026_16k_production_4_seeds_4_sizes,2026-09-10T17:20:57+00:00,,,0,0,7,,,,,,ERROR,,no stage-01 json for group 'hslarge': /home/karina/1cbh_clear/01_rfd3_symmetry_generation/json/15082026_16k_production_4_seeds_4_sizes/hslarge.json
hsl014442,15082026_16k_production_4_seeds_4_sizes,2026-09-10T17:20:57+00:00,,,0,0,7,,,,,,ERROR,,no stage-01 json for group 'hslarge': /home/karina/1cbh_clear/01_rfd3_symmetry_generation/json/15082026_16k_production_4_seeds_4_sizes/hslarge.json
hsl014548,15082026_16k_production_4_seeds_4_sizes,2026-09-10T17:20:57+00:00,,,0,0,7,,,,,,ERROR,,no stage-01 json for group 'hslarge': /home/karina/1cbh_clear/01_rfd3_symmetry_generation/json/15082026_16k_production_4_seeds_4_sizes/hslarge.json
hsl014707,15082026_16k_production_4_seeds_4_sizes,2026-09-10T17:20:57+00:00,,,0,0,7,,,,,,ERROR,,no stage-01 json for group 'hslarge': /home/karina/1cbh_clear/01_rfd3_symmetry_generation/json/15082026_16k_production_4_seeds_4_sizes/hslarge.json
hsl014812,15082026_16k_production_4_seeds_4_sizes,2026-09-10T17:20:57+00:00,,,0,0,7,,,,,,ERROR,,no stage-01 json for group 'hslarge': /home/karina/1cbh_clear/01_rfd3_symmetry_generation/json/15082026_16k_production_4_seeds_4_sizes/hslarge.json
hsl014968,15082026_16k_production_4_seeds_4_sizes,2026-09-10T17:20:57+00:00,,,0,0,7,,,,,,ERROR,,no stage-01 json for group 'hslarge': /home/karina/1cbh_clear/01_rfd3_symmetry_generation/json/15082026_16k_production_4_seeds_4_sizes/hslarge.json
hsm013072,15082026_16k_production_4_seeds_4_sizes,2026-09-10T17:20:57+00:00,,,0,0,7,,,,,,ERROR,,no stage-01 json for group 'hsmedium': /home/karina/1cbh_clear/01_rfd3_symmetry_generation/json/15082026_16k_production_4_seeds_4_sizes/hsmedium.json
hsm013080,15082026_16k_production_4_seeds_4_sizes,2026-09-10T17:20:57+00:00,,,0,0,7,,,,,,ERROR,,no stage-01 json for group 'hsmedium': /home/karina/1cbh_clear/01_rfd3_symmetry_generation/json/15082026_16k_production_4_seeds_4_sizes/hsmedium.json
hsm013640,15082026_16k_production_4_seeds_4_sizes,2026-09-10T17:20:57+00:00,,,0,0,7,,,,,,ERROR,,no stage-01 json for group 'hsmedium': /home/karina/1cbh_clear/01_rfd3_symmetry_generation/json/15082026_16k_production_4_seeds_4_sizes/hsmedium.json
hsx015039,15082026_16k_production_4_seeds_4_sizes,2026-09-10T17:20:57+00:00,,,0,0,7,,,,,,ERROR,,no stage-01 json for group 'hsxlarge': /home/karina/1cbh_clear/01_rfd3_symmetry_generation/json/15082026_16k_production_4_seeds_4_sizes/hsxlarge.json
hsx015069,15082026_16k_production_4_seeds_4_sizes,2026-09-10T17:20:57+00:00,,,0,0,7,,,,,,ERROR,,no stage-01 json for group 'hsxlarge': /home/karina/1cbh_clear/01_rfd3_symmetry_generation/json/15082026_16k_production_4_seeds_4_sizes/hsxlarge.json
hsx015165,15082026_16k_production_4_seeds_4_sizes,2026-09-10T17:20:57+00:00,,,0,0,7,,,,,,ERROR,,no stage-01 json for group 'hsxlarge': /home/karina/1cbh_clear/01_rfd3_symmetry_generation/json/15082026_16k_production_4_seeds_4_sizes/hsxlarge.json
hsx015313,15082026_16k_production_4_seeds_4_sizes,2026-09-10T17:20:57+00:00,,,0,0,7,,,,,,ERROR,,no stage-01 json for group 'hsxlarge': /home/karina/1cbh_clear/01_rfd3_symmetry_generation/json/15082026_16k_production_4_seeds_4_sizes/hsxlarge.json
hsx015406,15082026_16k_production_4_seeds_4_sizes,2026-09-10T17:20:57+00:00,,,0,0,7,,,,,,ERROR,,no stage-01 json for group 'hsxlarge': /home/karina/1cbh_clear/01_rfd3_symmetry_generation/json/15082026_16k_production_4_seeds_4_sizes/hsxlarge.json
hsx015754,15082026_16k_production_4_seeds_4_sizes,2026-09-10T17:20:57+00:00,,,0,0,7,,,,,,ERROR,,no stage-01 json for group 'hsxlarge': /home/karina/1cbh_clear/01_rfd3_symmetry_generation/json/15082026_16k_production_4_seeds_4_sizes/hsxlarge.json
hsx015864,15082026_16k_production_4_seeds_4_sizes,2026-09-10T17:20:57+00:00,,,0,0,7,,,,,,ERROR,,no stage-01 json for group 'hsxlarge': /home/karina/1cbh_clear/01_rfd3_symmetry_generation/json/15082026_16k_production_4_seeds_4_sizes/hsxlarge.json
hsx015960,15082026_16k_production_4_seeds_4_sizes,2026-09-10T17:20:57+00:00,,,0,0,7,,,,,,ERROR,,no stage-01 json for group 'hsxlarge': /home/karina/1cbh_clear/01_rfd3_symmetry_generation/json/15082026_16k_production_4_seeds_4_sizes/hsxlarge.json
htl006036,15082026_16k_production_4_seeds_4_sizes,2026-09-10T17:20:57+00:00,,,0,0,7,,,,,,ERROR,,no stage-01 json for group 'htlarge': /home/karina/1cbh_clear/01_rfd3_symmetry_generation/json/15082026_16k_production_4_seeds_4_sizes/htlarge.json
htl006254,15082026_16k_production_4_seeds_4_sizes,2026-09-10T17:20:57+00:00,,,0,0,7,,,,,,ERROR,,no stage-01 json for group 'htlarge': /home/karina/1cbh_clear/01_rfd3_symmetry_generation/json/15082026_16k_production_4_seeds_4_sizes/htlarge.json
htl006297,15082026_16k_production_4_seeds_4_sizes,2026-09-10T17:20:57+00:00,,,0,0,7,,,,,,ERROR,,no stage-01 json for group 'htlarge': /home/karina/1cbh_clear/01_rfd3_symmetry_generation/json/15082026_16k_production_4_seeds_4_sizes/htlarge.json
htl006393,15082026_16k_production_4_seeds_4_sizes,2026-09-10T17:20:57+00:00,,,0,0,7,,,,,,ERROR,,no stage-01 json for group 'htlarge': /home/karina/1cbh_clear/01_rfd3_symmetry_generation/json/15082026_16k_production_4_seeds_4_sizes/htlarge.json
htl006485,15082026_16k_production_4_seeds_4_sizes,2026-09-10T17:20:57+00:00,,,0,0,7,,,,,,ERROR,,no stage-01 json for group 'htlarge': /home/karina/1cbh_clear/01_rfd3_symmetry_generation/json/15082026_16k_production_4_seeds_4_sizes/htlarge.json
htl006600,15082026_16k_production_4_seeds_4_sizes,2026-09-10T17:20:57+00:00,,,0,0,7,,,,,,ERROR,,no stage-01 json for group 'htlarge': /home/karina/1cbh_clear/01_rfd3_symmetry_generation/json/15082026_16k_production_4_seeds_4_sizes/htlarge.json
htl006834,15082026_16k_production_4_seeds_4_sizes,2026-09-10T17:20:57+00:00,,,0,0,7,,,,,,ERROR,,no stage-01 json for group 'htlarge': /home/karina/1cbh_clear/01_rfd3_symmetry_generation/json/15082026_16k_production_4_seeds_4_sizes/htlarge.json
htl006969,15082026_16k_production_4_seeds_4_sizes,2026-09-10T17:20:57+00:00,,,0,0,7,,,,,,ERROR,,no stage-01 json for group 'htlarge': /home/karina/1cbh_clear/01_rfd3_symmetry_generation/json/15082026_16k_production_4_seeds_4_sizes/htlarge.json
htl006970,15082026_16k_production_4_seeds_4_sizes,2026-09-10T17:20:57+00:00,,,0,0,7,,,,,,ERROR,,no stage-01 json for group 'htlarge': /home/karina/1cbh_clear/01_rfd3_symmetry_generation/json/15082026_16k_production_4_seeds_4_sizes/htlarge.json
htm005319,15082026_16k_production_4_seeds_4_sizes,2026-09-10T17:20:57+00:00,,,0,0,7,,,,,,ERROR,,no stage-01 json for group 'htmedium': /home/karina/1cbh_clear/01_rfd3_symmetry_generation/json/15082026_16k_production_4_seeds_4_sizes/htmedium.json
htm005392,15082026_16k_production_4_seeds_4_sizes,2026-09-10T17:20:57+00:00,,,0,0,7,,,,,,ERROR,,no stage-01 json for group 'htmedium': /home/karina/1cbh_clear/01_rfd3_symmetry_generation/json/15082026_16k_production_4_seeds_4_sizes/htmedium.json
htm005459,15082026_16k_production_4_seeds_4_sizes,2026-09-10T17:20:57+00:00,,,0,0,7,,,,,,ERROR,,no stage-01 json for group 'htmedium': /home/karina/1cbh_clear/01_rfd3_symmetry_generation/json/15082026_16k_production_4_seeds_4_sizes/htmedium.json
htm005477,15082026_16k_production_4_seeds_4_sizes,2026-09-10T17:20:57+00:00,,,0,0,7,,,,,,ERROR,,no stage-01 json for group 'htmedium': /home/karina/1cbh_clear/01_rfd3_symmetry_generation/json/15082026_16k_production_4_seeds_4_sizes/htmedium.json
htm005648,15082026_16k_production_4_seeds_4_sizes,2026-09-10T17:20:57+00:00,,,0,0,7,,,,,,ERROR,,no stage-01 json for group 'htmedium': /home/karina/1cbh_clear/01_rfd3_symmetry_generation/json/15082026_16k_production_4_seeds_4_sizes/htmedium.json
htx007045,15082026_16k_production_4_seeds_4_sizes,2026-09-10T17:20:57+00:00,,,0,0,7,,,,,,ERROR,,no stage-01 json for group 'htxlarge': /home/karina/1cbh_clear/01_rfd3_symmetry_generation/json/15082026_16k_production_4_seeds_4_sizes/htxlarge.json
htx007058,15082026_16k_production_4_seeds_4_sizes,2026-09-10T17:20:57+00:00,,,0,0,7,,,,,,ERROR,,no stage-01 json for group 'htxlarge': /home/karina/1cbh_clear/01_rfd3_symmetry_generation/json/15082026_16k_production_4_seeds_4_sizes/htxlarge.json
htx007059,15082026_16k_production_4_seeds_4_sizes,2026-09-10T17:20:57+00:00,,,0,0,7,,,,,,ERROR,,no stage-01 json for group 'htxlarge': /home/karina/1cbh_clear/01_rfd3_symmetry_generation/json/15082026_16k_production_4_seeds_4_sizes/htxlarge.json
htx007066,15082026_16k_production_4_seeds_4_sizes,2026-09-10T17:20:57+00:00,,,0,0,7,,,,,,ERROR,,no stage-01 json for group 'htxlarge': /home/karina/1cbh_clear/01_rfd3_symmetry_generation/json/15082026_16k_production_4_seeds_4_sizes/htxlarge.json
htx007073,15082026_16k_production_4_seeds_4_sizes,2026-09-10T17:20:57+00:00,,,0,0,7,,,,,,ERROR,,no stage-01 json for group 'htxlarge': /home/karina/1cbh_clear/01_rfd3_symmetry_generation/json/15082026_16k_production_4_seeds_4_sizes/htxlarge.json
htx007107,15082026_16k_production_4_seeds_4_sizes,2026-09-10T17:20:57+00:00,,,0,0,7,,,,,,ERROR,,no stage-01 json for group 'htxlarge': /home/karina/1cbh_clear/01_rfd3_symmetry_generation/json/15082026_16k_production_4_seeds_4_sizes/htxlarge.json
htx007168,15082026_16k_production_4_seeds_4_sizes,2026-09-10T17:20:57+00:00,,,0,0,7,,,,,,ERROR,,no stage-01 json for group 'htxlarge': /home/karina/1cbh_clear/01_rfd3_symmetry_generation/json/15082026_16k_production_4_seeds_4_sizes/htxlarge.json
htx007203,15082026_16k_production_4_seeds_4_sizes,2026-09-10T17:20:57+00:00,,,0,0,7,,,,,,ERROR,,no stage-01 json for group 'htxlarge': /home/karina/1cbh_clear/01_rfd3_symmetry_generation/json/15082026_16k_production_4_seeds_4_sizes/htxlarge.json
htx007263,15082026_16k_production_4_seeds_4_sizes,2026-09-10T17:20:57+00:00,,,0,0,7,,,,,,ERROR,,no stage-01 json for group 'htxlarge': /home/karina/1cbh_clear/01_rfd3_symmetry_generation/json/15082026_16k_production_4_seeds_4_sizes/htxlarge.json
htx007275,15082026_16k_production_4_seeds_4_sizes,2026-09-10T17:20:57+00:00,,,0,0,7,,,,,,ERROR,,no stage-01 json for group 'htxlarge': /home/karina/1cbh_clear/01_rfd3_symmetry_generation/json/15082026_16k_production_4_seeds_4_sizes/htxlarge.json
htx007276,15082026_16k_production_4_seeds_4_sizes,2026-09-10T17:20:57+00:00,,,0,0,7,,,,,,ERROR,,no stage-01 json for group 'htxlarge': /home/karina/1cbh_clear/01_rfd3_symmetry_generation/json/15082026_16k_production_4_seeds_4_sizes/htxlarge.json
htx007287,15082026_16k_production_4_seeds_4_sizes,2026-09-10T17:20:57+00:00,,,0,0,7,,,,,,ERROR,,no stage-01 json for group 'htxlarge': /home/karina/1cbh_clear/01_rfd3_symmetry_generation/json/15082026_16k_production_4_seeds_4_sizes/htxlarge.json
htx007309,15082026_16k_production_4_seeds_4_sizes,2026-09-10T17:20:57+00:00,,,0,0,7,,,,,,ERROR,,no stage-01 json for group 'htxlarge': /home/karina/1cbh_clear/01_rfd3_symmetry_generation/json/15082026_16k_production_4_seeds_4_sizes/htxlarge.json
htx007325,15082026_16k_production_4_seeds_4_sizes,2026-09-10T17:20:57+00:00,,,0,0,7,,,,,,ERROR,,no stage-01 json for group 'htxlarge': /home/karina/1cbh_clear/01_rfd3_symmetry_generation/json/15082026_16k_production_4_seeds_4_sizes/htxlarge.json
htx007353,15082026_16k_production_4_seeds_4_sizes,2026-09-10T17:20:57+00:00,,,0,0,7,,,,,,ERROR,,no stage-01 json for group 'htxlarge': /home/karina/1cbh_clear/01_rfd3_symmetry_generation/json/15082026_16k_production_4_seeds_4_sizes/htxlarge.json
htx007376,15082026_16k_production_4_seeds_4_sizes,2026-09-10T17:20:57+00:00,,,0,0,7,,,,,,ERROR,,no stage-01 json for group 'htxlarge': /home/karina/1cbh_clear/01_rfd3_symmetry_generation/json/15082026_16k_production_4_seeds_4_sizes/htxlarge.json
htx007468,15082026_16k_production_4_seeds_4_sizes,2026-09-10T17:20:57+00:00,,,0,0,7,,,,,,ERROR,,no stage-01 json for group 'htxlarge': /home/karina/1cbh_clear/01_rfd3_symmetry_generation/json/15082026_16k_production_4_seeds_4_sizes/htxlarge.json
htx007495,15082026_16k_production_4_seeds_4_sizes,2026-09-10T17:20:57+00:00,,,0,0,7,,,,,,ERROR,,no stage-01 json for group 'htxlarge': /home/karina/1cbh_clear/01_rfd3_symmetry_generation/json/15082026_16k_production_4_seeds_4_sizes/htxlarge.json
htx007678,15082026_16k_production_4_seeds_4_sizes,2026-09-10T17:20:57+00:00,,,0,0,7,,,,,,ERROR,,no stage-01 json for group 'htxlarge': /home/karina/1cbh_clear/01_rfd3_symmetry_generation/json/15082026_16k_production_4_seeds_4_sizes/htxlarge.json
htx007680,15082026_16k_production_4_seeds_4_sizes,2026-09-10T17:20:57+00:00,,,0,0,7,,,,,,ERROR,,no stage-01 json for group 'htxlarge': /home/karina/1cbh_clear/01_rfd3_symmetry_generation/json/15082026_16k_production_4_seeds_4_sizes/htxlarge.json
htx007682,15082026_16k_production_4_seeds_4_sizes,2026-09-10T17:20:57+00:00,,,0,0,7,,,,,,ERROR,,no stage-01 json for group 'htxlarge': /home/karina/1cbh_clear/01_rfd3_symmetry_generation/json/15082026_16k_production_4_seeds_4_sizes/htxlarge.json
htx007701,15082026_16k_production_4_seeds_4_sizes,2026-09-10T17:20:57+00:00,,,0,0,7,,,,,,ERROR,,no stage-01 json for group 'htxlarge': /home/karina/1cbh_clear/01_rfd3_symmetry_generation/json/15082026_16k_production_4_seeds_4_sizes/htxlarge.json
htx007785,15082026_16k_production_4_seeds_4_sizes,2026-09-10T17:20:57+00:00,,,0,0,7,,,,,,ERROR,,no stage-01 json for group 'htxlarge': /home/karina/1cbh_clear/01_rfd3_symmetry_generation/json/15082026_16k_production_4_seeds_4_sizes/htxlarge.json
htx007908,15082026_16k_production_4_seeds_4_sizes,2026-09-10T17:20:57+00:00,,,0,0,7,,,,,,ERROR,,no stage-01 json for group 'htxlarge': /home/karina/1cbh_clear/01_rfd3_symmetry_generation/json/15082026_16k_production_4_seeds_4_sizes/htxlarge.json
htx007969,15082026_16k_production_4_seeds_4_sizes,2026-09-10T17:20:57+00:00,,,0,0,7,,,,,,ERROR,,no stage-01 json for group 'htxlarge': /home/karina/1cbh_clear/01_rfd3_symmetry_generation/json/15082026_16k_production_4_seeds_4_sizes/htxlarge.json
htx008000,15082026_16k_production_4_seeds_4_sizes,2026-09-10T17:20:57+00:00,,,0,0,7,,,,,,ERROR,,no stage-01 json for group 'htxlarge': /home/karina/1cbh_clear/01_rfd3_symmetry_generation/json/15082026_16k_production_4_seeds_4_sizes/htxlarge.json
shl010038,15082026_16k_production_4_seeds_4_sizes,2026-09-10T17:20:57+00:00,,,0,0,7,,,,,,ERROR,,no stage-01 json for group 'shlarge': /home/karina/1cbh_clear/01_rfd3_symmetry_generation/json/15082026_16k_production_4_seeds_4_sizes/shlarge.json
shl010080,15082026_16k_production_4_seeds_4_sizes,2026-09-10T17:20:57+00:00,,,0,0,7,,,,,,ERROR,,no stage-01 json for group 'shlarge': /home/karina/1cbh_clear/01_rfd3_symmetry_generation/json/15082026_16k_production_4_seeds_4_sizes/shlarge.json
shl010146,15082026_16k_production_4_seeds_4_sizes,2026-09-10T17:20:57+00:00,,,0,0,7,,,,,,ERROR,,no stage-01 json for group 'shlarge': /home/karina/1cbh_clear/01_rfd3_symmetry_generation/json/15082026_16k_production_4_seeds_4_sizes/shlarge.json
shl010175,15082026_16k_production_4_seeds_4_sizes,2026-09-10T17:20:57+00:00,,,0,0,7,,,,,,ERROR,,no stage-01 json for group 'shlarge': /home/karina/1cbh_clear/01_rfd3_symmetry_generation/json/15082026_16k_production_4_seeds_4_sizes/shlarge.json
shl010182,15082026_16k_production_4_seeds_4_sizes,2026-09-10T17:20:57+00:00,,,0,0,7,,,,,,ERROR,,no stage-01 json for group 'shlarge': /home/karina/1cbh_clear/01_rfd3_symmetry_generation/json/15082026_16k_production_4_seeds_4_sizes/shlarge.json
shl010228,15082026_16k_production_4_seeds_4_sizes,2026-09-10T17:20:57+00:00,,,0,0,7,,,,,,ERROR,,no stage-01 json for group 'shlarge': /home/karina/1cbh_clear/01_rfd3_symmetry_generation/json/15082026_16k_production_4_seeds_4_sizes/shlarge.json
shl010260,15082026_16k_production_4_seeds_4_sizes,2026-09-10T17:20:57+00:00,,,0,0,7,,,,,,ERROR,,no stage-01 json for group 'shlarge': /home/karina/1cbh_clear/01_rfd3_symmetry_generation/json/15082026_16k_production_4_seeds_4_sizes/shlarge.json
shl010267,15082026_16k_production_4_seeds_4_sizes,2026-09-10T17:20:57+00:00,,,0,0,7,,,,,,ERROR,,no stage-01 json for group 'shlarge': /home/karina/1cbh_clear/01_rfd3_symmetry_generation/json/15082026_16k_production_4_seeds_4_sizes/shlarge.json
shl010269,15082026_16k_production_4_seeds_4_sizes,2026-09-10T17:20:57+00:00,,,0,0,7,,,,,,ERROR,,no stage-01 json for group 'shlarge': /home/karina/1cbh_clear/01_rfd3_symmetry_generation/json/15082026_16k_production_4_seeds_4_sizes/shlarge.json
shl010293,15082026_16k_production_4_seeds_4_sizes,2026-09-10T17:20:57+00:00,,,0,0,7,,,,,,ERROR,,no stage-01 json for group 'shlarge': /home/karina/1cbh_clear/01_rfd3_symmetry_generation/json/15082026_16k_production_4_seeds_4_sizes/shlarge.json
shl010308,15082026_16k_production_4_seeds_4_sizes,2026-09-10T17:20:57+00:00,,,0,0,7,,,,,,ERROR,,no stage-01 json for group 'shlarge': /home/karina/1cbh_clear/01_rfd3_symmetry_generation/json/15082026_16k_production_4_seeds_4_sizes/shlarge.json
shl010329,15082026_16k_production_4_seeds_4_sizes,2026-09-10T17:20:57+00:00,,,0,0,7,,,,,,ERROR,,no stage-01 json for group 'shlarge': /home/karina/1cbh_clear/01_rfd3_symmetry_generation/json/15082026_16k_production_4_seeds_4_sizes/shlarge.json
shl010408,15082026_16k_production_4_seeds_4_sizes,2026-09-10T17:20:57+00:00,,,0,0,7,,,,,,ERROR,,no stage-01 json for group 'shlarge': /home/karina/1cbh_clear/01_rfd3_symmetry_generation/json/15082026_16k_production_4_seeds_4_sizes/shlarge.json
shl010427,15082026_16k_production_4_seeds_4_sizes,2026-09-10T17:20:57+00:00,,,0,0,7,,,,,,ERROR,,no stage-01 json for group 'shlarge': /home/karina/1cbh_clear/01_rfd3_symmetry_generation/json/15082026_16k_production_4_seeds_4_sizes/shlarge.json
shl010524,15082026_16k_production_4_seeds_4_sizes,2026-09-10T17:20:57+00:00,,,0,0,7,,,,,,ERROR,,no stage-01 json for group 'shlarge': /home/karina/1cbh_clear/01_rfd3_symmetry_generation/json/15082026_16k_production_4_seeds_4_sizes/shlarge.json
shl010534,15082026_16k_production_4_seeds_4_sizes,2026-09-10T17:20:57+00:00,,,0,0,7,,,,,,ERROR,,no stage-01 json for group 'shlarge': /home/karina/1cbh_clear/01_rfd3_symmetry_generation/json/15082026_16k_production_4_seeds_4_sizes/shlarge.json
shl010658,15082026_16k_production_4_seeds_4_sizes,2026-09-10T17:20:57+00:00,,,0,0,7,,,,,,ERROR,,no stage-01 json for group 'shlarge': /home/karina/1cbh_clear/01_rfd3_symmetry_generation/json/15082026_16k_production_4_seeds_4_sizes/shlarge.json
shl010682,15082026_16k_production_4_seeds_4_sizes,2026-09-10T17:20:57+00:00,,,0,0,7,,,,,,ERROR,,no stage-01 json for group 'shlarge': /home/karina/1cbh_clear/01_rfd3_symmetry_generation/json/15082026_16k_production_4_seeds_4_sizes/shlarge.json
shl010703,15082026_16k_production_4_seeds_4_sizes,2026-09-10T17:20:57+00:00,,,0,0,7,,,,,,ERROR,,no stage-01 json for group 'shlarge': /home/karina/1cbh_clear/01_rfd3_symmetry_generation/json/15082026_16k_production_4_seeds_4_sizes/shlarge.json
shl010764,15082026_16k_production_4_seeds_4_sizes,2026-09-10T17:20:57+00:00,,,0,0,7,,,,,,ERROR,,no stage-01 json for group 'shlarge': /home/karina/1cbh_clear/01_rfd3_symmetry_generation/json/15082026_16k_production_4_seeds_4_sizes/shlarge.json
shl010774,15082026_16k_production_4_seeds_4_sizes,2026-09-10T17:20:57+00:00,,,0,0,7,,,,,,ERROR,,no stage-01 json for group 'shlarge': /home/karina/1cbh_clear/01_rfd3_symmetry_generation/json/15082026_16k_production_4_seeds_4_sizes/shlarge.json
shl010814,15082026_16k_production_4_seeds_4_sizes,2026-09-10T17:20:57+00:00,,,0,0,7,,,,,,ERROR,,no stage-01 json for group 'shlarge': /home/karina/1cbh_clear/01_rfd3_symmetry_generation/json/15082026_16k_production_4_seeds_4_sizes/shlarge.json
shl010817,15082026_16k_production_4_seeds_4_sizes,2026-09-10T17:20:57+00:00,,,0,0,7,,,,,,ERROR,,no stage-01 json for group 'shlarge': /home/karina/1cbh_clear/01_rfd3_symmetry_generation/json/15082026_16k_production_4_seeds_4_sizes/shlarge.json
shl010866,15082026_16k_production_4_seeds_4_sizes,2026-09-10T17:20:57+00:00,,,0,0,7,,,,,,ERROR,,no stage-01 json for group 'shlarge': /home/karina/1cbh_clear/01_rfd3_symmetry_generation/json/15082026_16k_production_4_seeds_4_sizes/shlarge.json
shl010867,15082026_16k_production_4_seeds_4_sizes,2026-09-10T17:20:57+00:00,,,0,0,7,,,,,,ERROR,,no stage-01 json for group 'shlarge': /home/karina/1cbh_clear/01_rfd3_symmetry_generation/json/15082026_16k_production_4_seeds_4_sizes/shlarge.json
shl010890,15082026_16k_production_4_seeds_4_sizes,2026-09-10T17:20:57+00:00,,,0,0,7,,,,,,ERROR,,no stage-01 json for group 'shlarge': /home/karina/1cbh_clear/01_rfd3_symmetry_generation/json/15082026_16k_production_4_seeds_4_sizes/shlarge.json
shl010899,15082026_16k_production_4_seeds_4_sizes,2026-09-10T17:20:57+00:00,,,0,0,7,,,,,,ERROR,,no stage-01 json for group 'shlarge': /home/karina/1cbh_clear/01_rfd3_symmetry_generation/json/15082026_16k_production_4_seeds_4_sizes/shlarge.json
shl010903,15082026_16k_production_4_seeds_4_sizes,2026-09-10T17:20:57+00:00,,,0,0,7,,,,,,ERROR,,no stage-01 json for group 'shlarge': /home/karina/1cbh_clear/01_rfd3_symmetry_generation/json/15082026_16k_production_4_seeds_4_sizes/shlarge.json
shl010913,15082026_16k_production_4_seeds_4_sizes,2026-09-10T17:20:57+00:00,,,0,0,7,,,,,,ERROR,,no stage-01 json for group 'shlarge': /home/karina/1cbh_clear/01_rfd3_symmetry_generation/json/15082026_16k_production_4_seeds_4_sizes/shlarge.json
shl010929,15082026_16k_production_4_seeds_4_sizes,2026-09-10T17:20:57+00:00,,,0,0,7,,,,,,ERROR,,no stage-01 json for group 'shlarge': /home/karina/1cbh_clear/01_rfd3_symmetry_generation/json/15082026_16k_production_4_seeds_4_sizes/shlarge.json
shl010935,15082026_16k_production_4_seeds_4_sizes,2026-09-10T17:20:57+00:00,,,0,0,7,,,,,,ERROR,,no stage-01 json for group 'shlarge': /home/karina/1cbh_clear/01_rfd3_symmetry_generation/json/15082026_16k_production_4_seeds_4_sizes/shlarge.json
shl010947,15082026_16k_production_4_seeds_4_sizes,2026-09-10T17:20:57+00:00,,,0,0,7,,,,,,ERROR,,no stage-01 json for group 'shlarge': /home/karina/1cbh_clear/01_rfd3_symmetry_generation/json/15082026_16k_production_4_seeds_4_sizes/shlarge.json
shm009005,15082026_16k_production_4_seeds_4_sizes,2026-09-10T17:20:57+00:00,,,0,0,7,,,,,,ERROR,,no stage-01 json for group 'shmedium': /home/karina/1cbh_clear/01_rfd3_symmetry_generation/json/15082026_16k_production_4_seeds_4_sizes/shmedium.json
shm009029,15082026_16k_production_4_seeds_4_sizes,2026-09-10T17:20:57+00:00,,,0,0,7,,,,,,ERROR,,no stage-01 json for group 'shmedium': /home/karina/1cbh_clear/01_rfd3_symmetry_generation/json/15082026_16k_production_4_seeds_4_sizes/shmedium.json
shm009036,15082026_16k_production_4_seeds_4_sizes,2026-09-10T17:20:57+00:00,,,0,0,7,,,,,,ERROR,,no stage-01 json for group 'shmedium': /home/karina/1cbh_clear/01_rfd3_symmetry_generation/json/15082026_16k_production_4_seeds_4_sizes/shmedium.json
shm009107,15082026_16k_production_4_seeds_4_sizes,2026-09-10T17:20:57+00:00,,,0,0,7,,,,,,ERROR,,no stage-01 json for group 'shmedium': /home/karina/1cbh_clear/01_rfd3_symmetry_generation/json/15082026_16k_production_4_seeds_4_sizes/shmedium.json
shm009141,15082026_16k_production_4_seeds_4_sizes,2026-09-10T17:20:57+00:00,,,0,0,7,,,,,,ERROR,,no stage-01 json for group 'shmedium': /home/karina/1cbh_clear/01_rfd3_symmetry_generation/json/15082026_16k_production_4_seeds_4_sizes/shmedium.json
shm009156,15082026_16k_production_4_seeds_4_sizes,2026-09-10T17:20:57+00:00,,,0,0,7,,,,,,ERROR,,no stage-01 json for group 'shmedium': /home/karina/1cbh_clear/01_rfd3_symmetry_generation/json/15082026_16k_production_4_seeds_4_sizes/shmedium.json
shm009157,15082026_16k_production_4_seeds_4_sizes,2026-09-10T17:20:57+00:00,,,0,0,7,,,,,,ERROR,,no stage-01 json for group 'shmedium': /home/karina/1cbh_clear/01_rfd3_symmetry_generation/json/15082026_16k_production_4_seeds_4_sizes/shmedium.json
shm009194,15082026_16k_production_4_seeds_4_sizes,2026-09-10T17:20:57+00:00,,,0,0,7,,,,,,ERROR,,no stage-01 json for group 'shmedium': /home/karina/1cbh_clear/01_rfd3_symmetry_generation/json/15082026_16k_production_4_seeds_4_sizes/shmedium.json
shm009245,15082026_16k_production_4_seeds_4_sizes,2026-09-10T17:20:57+00:00,,,0,0,7,,,,,,ERROR,,no stage-01 json for group 'shmedium': /home/karina/1cbh_clear/01_rfd3_symmetry_generation/json/15082026_16k_production_4_seeds_4_sizes/shmedium.json
shm009257,15082026_16k_production_4_seeds_4_sizes,2026-09-10T17:20:57+00:00,,,0,0,7,,,,,,ERROR,,no stage-01 json for group 'shmedium': /home/karina/1cbh_clear/01_rfd3_symmetry_generation/json/15082026_16k_production_4_seeds_4_sizes/shmedium.json
shm009264,15082026_16k_production_4_seeds_4_sizes,2026-09-10T17:20:57+00:00,,,0,0,7,,,,,,ERROR,,no stage-01 json for group 'shmedium': /home/karina/1cbh_clear/01_rfd3_symmetry_generation/json/15082026_16k_production_4_seeds_4_sizes/shmedium.json
shm009270,15082026_16k_production_4_seeds_4_sizes,2026-09-10T17:20:57+00:00,,,0,0,7,,,,,,ERROR,,no stage-01 json for group 'shmedium': /home/karina/1cbh_clear/01_rfd3_symmetry_generation/json/15082026_16k_production_4_seeds_4_sizes/shmedium.json
shm009336,15082026_16k_production_4_seeds_4_sizes,2026-09-10T17:20:57+00:00,,,0,0,7,,,,,,ERROR,,no stage-01 json for group 'shmedium': /home/karina/1cbh_clear/01_rfd3_symmetry_generation/json/15082026_16k_production_4_seeds_4_sizes/shmedium.json
shm009359,15082026_16k_production_4_seeds_4_sizes,2026-09-10T17:20:57+00:00,,,0,0,7,,,,,,ERROR,,no stage-01 json for group 'shmedium': /home/karina/1cbh_clear/01_rfd3_symmetry_generation/json/15082026_16k_production_4_seeds_4_sizes/shmedium.json
shm009420,15082026_16k_production_4_seeds_4_sizes,2026-09-10T17:20:57+00:00,,,0,0,7,,,,,,ERROR,,no stage-01 json for group 'shmedium': /home/karina/1cbh_clear/01_rfd3_symmetry_generation/json/15082026_16k_production_4_seeds_4_sizes/shmedium.json
shm009437,15082026_16k_production_4_seeds_4_sizes,2026-09-10T17:20:57+00:00,,,0,0,7,,,,,,ERROR,,no stage-01 json for group 'shmedium': /home/karina/1cbh_clear/01_rfd3_symmetry_generation/json/15082026_16k_production_4_seeds_4_sizes/shmedium.json
shm009450,15082026_16k_production_4_seeds_4_sizes,2026-09-10T17:20:57+00:00,,,0,0,7,,,,,,ERROR,,no stage-01 json for group 'shmedium': /home/karina/1cbh_clear/01_rfd3_symmetry_generation/json/15082026_16k_production_4_seeds_4_sizes/shmedium.json
shm009452,15082026_16k_production_4_seeds_4_sizes,2026-09-10T17:20:57+00:00,,,0,0,7,,,,,,ERROR,,no stage-01 json for group 'shmedium': /home/karina/1cbh_clear/01_rfd3_symmetry_generation/json/15082026_16k_production_4_seeds_4_sizes/shmedium.json
shm009523,15082026_16k_production_4_seeds_4_sizes,2026-09-10T17:20:57+00:00,,,0,0,7,,,,,,ERROR,,no stage-01 json for group 'shmedium': /home/karina/1cbh_clear/01_rfd3_symmetry_generation/json/15082026_16k_production_4_seeds_4_sizes/shmedium.json
shm009566,15082026_16k_production_4_seeds_4_sizes,2026-09-10T17:20:57+00:00,,,0,0,7,,,,,,ERROR,,no stage-01 json for group 'shmedium': /home/karina/1cbh_clear/01_rfd3_symmetry_generation/json/15082026_16k_production_4_seeds_4_sizes/shmedium.json
shm009654,15082026_16k_production_4_seeds_4_sizes,2026-09-10T17:20:57+00:00,,,0,0,7,,,,,,ERROR,,no stage-01 json for group 'shmedium': /home/karina/1cbh_clear/01_rfd3_symmetry_generation/json/15082026_16k_production_4_seeds_4_sizes/shmedium.json
shm009710,15082026_16k_production_4_seeds_4_sizes,2026-09-10T17:20:57+00:00,,,0,0,7,,,,,,ERROR,,no stage-01 json for group 'shmedium': /home/karina/1cbh_clear/01_rfd3_symmetry_generation/json/15082026_16k_production_4_seeds_4_sizes/shmedium.json
shm009715,15082026_16k_production_4_seeds_4_sizes,2026-09-10T17:20:57+00:00,,,0,0,7,,,,,,ERROR,,no stage-01 json for group 'shmedium': /home/karina/1cbh_clear/01_rfd3_symmetry_generation/json/15082026_16k_production_4_seeds_4_sizes/shmedium.json
shm009738,15082026_16k_production_4_seeds_4_sizes,2026-09-10T17:20:57+00:00,,,0,0,7,,,,,,ERROR,,no stage-01 json for group 'shmedium': /home/karina/1cbh_clear/01_rfd3_symmetry_generation/json/15082026_16k_production_4_seeds_4_sizes/shmedium.json
shm009776,15082026_16k_production_4_seeds_4_sizes,2026-09-10T17:20:57+00:00,,,0,0,7,,,,,,ERROR,,no stage-01 json for group 'shmedium': /home/karina/1cbh_clear/01_rfd3_symmetry_generation/json/15082026_16k_production_4_seeds_4_sizes/shmedium.json
shm009822,15082026_16k_production_4_seeds_4_sizes,2026-09-10T17:20:57+00:00,,,0,0,7,,,,,,ERROR,,no stage-01 json for group 'shmedium': /home/karina/1cbh_clear/01_rfd3_symmetry_generation/json/15082026_16k_production_4_seeds_4_sizes/shmedium.json
shm009857,15082026_16k_production_4_seeds_4_sizes,2026-09-10T17:20:57+00:00,,,0,0,7,,,,,,ERROR,,no stage-01 json for group 'shmedium': /home/karina/1cbh_clear/01_rfd3_symmetry_generation/json/15082026_16k_production_4_seeds_4_sizes/shmedium.json
shm009879,15082026_16k_production_4_seeds_4_sizes,2026-09-10T17:20:57+00:00,,,0,0,7,,,,,,ERROR,,no stage-01 json for group 'shmedium': /home/karina/1cbh_clear/01_rfd3_symmetry_generation/json/15082026_16k_production_4_seeds_4_sizes/shmedium.json
shm009895,15082026_16k_production_4_seeds_4_sizes,2026-09-10T17:20:57+00:00,,,0,0,7,,,,,,ERROR,,no stage-01 json for group 'shmedium': /home/karina/1cbh_clear/01_rfd3_symmetry_generation/json/15082026_16k_production_4_seeds_4_sizes/shmedium.json
shm009911,15082026_16k_production_4_seeds_4_sizes,2026-09-10T17:20:57+00:00,,,0,0,7,,,,,,ERROR,,no stage-01 json for group 'shmedium': /home/karina/1cbh_clear/01_rfd3_symmetry_generation/json/15082026_16k_production_4_seeds_4_sizes/shmedium.json
shm009923,15082026_16k_production_4_seeds_4_sizes,2026-09-10T17:20:57+00:00,,,0,0,7,,,,,,ERROR,,no stage-01 json for group 'shmedium': /home/karina/1cbh_clear/01_rfd3_symmetry_generation/json/15082026_16k_production_4_seeds_4_sizes/shmedium.json
shm009937,15082026_16k_production_4_seeds_4_sizes,2026-09-10T17:20:57+00:00,,,0,0,7,,,,,,ERROR,,no stage-01 json for group 'shmedium': /home/karina/1cbh_clear/01_rfd3_symmetry_generation/json/15082026_16k_production_4_seeds_4_sizes/shmedium.json
shs008094,15082026_16k_production_4_seeds_4_sizes,2026-09-10T17:20:57+00:00,,,0,0,7,,,,,,ERROR,,no stage-01 json for group 'shsmall': /home/karina/1cbh_clear/01_rfd3_symmetry_generation/json/15082026_16k_production_4_seeds_4_sizes/shsmall.json
shs008123,15082026_16k_production_4_seeds_4_sizes,2026-09-10T17:20:57+00:00,,,0,0,7,,,,,,ERROR,,no stage-01 json for group 'shsmall': /home/karina/1cbh_clear/01_rfd3_symmetry_generation/json/15082026_16k_production_4_seeds_4_sizes/shsmall.json
shs008297,15082026_16k_production_4_seeds_4_sizes,2026-09-10T17:20:57+00:00,,,0,0,7,,,,,,ERROR,,no stage-01 json for group 'shsmall': /home/karina/1cbh_clear/01_rfd3_symmetry_generation/json/15082026_16k_production_4_seeds_4_sizes/shsmall.json
shs008311,15082026_16k_production_4_seeds_4_sizes,2026-09-10T17:20:57+00:00,,,0,0,7,,,,,,ERROR,,no stage-01 json for group 'shsmall': /home/karina/1cbh_clear/01_rfd3_symmetry_generation/json/15082026_16k_production_4_seeds_4_sizes/shsmall.json
shs008356,15082026_16k_production_4_seeds_4_sizes,2026-09-10T17:20:57+00:00,,,0,0,7,,,,,,ERROR,,no stage-01 json for group 'shsmall': /home/karina/1cbh_clear/01_rfd3_symmetry_generation/json/15082026_16k_production_4_seeds_4_sizes/shsmall.json
shs008438,15082026_16k_production_4_seeds_4_sizes,2026-09-10T17:20:57+00:00,,,0,0,7,,,,,,ERROR,,no stage-01 json for group 'shsmall': /home/karina/1cbh_clear/01_rfd3_symmetry_generation/json/15082026_16k_production_4_seeds_4_sizes/shsmall.json
shs008488,15082026_16k_production_4_seeds_4_sizes,2026-09-10T17:20:57+00:00,,,0,0,7,,,,,,ERROR,,no stage-01 json for group 'shsmall': /home/karina/1cbh_clear/01_rfd3_symmetry_generation/json/15082026_16k_production_4_seeds_4_sizes/shsmall.json
shs008489,15082026_16k_production_4_seeds_4_sizes,2026-09-10T17:20:57+00:00,,,0,0,7,,,,,,ERROR,,no stage-01 json for group 'shsmall': /home/karina/1cbh_clear/01_rfd3_symmetry_generation/json/15082026_16k_production_4_seeds_4_sizes/shsmall.json
shs008497,15082026_16k_production_4_seeds_4_sizes,2026-09-10T17:20:57+00:00,,,0,0,7,,,,,,ERROR,,no stage-01 json for group 'shsmall': /home/karina/1cbh_clear/01_rfd3_symmetry_generation/json/15082026_16k_production_4_seeds_4_sizes/shsmall.json
shs008517,15082026_16k_production_4_seeds_4_sizes,2026-09-10T17:20:57+00:00,,,0,0,7,,,,,,ERROR,,no stage-01 json for group 'shsmall': /home/karina/1cbh_clear/01_rfd3_symmetry_generation/json/15082026_16k_production_4_seeds_4_sizes/shsmall.json
shs008524,15082026_16k_production_4_seeds_4_sizes,2026-09-10T17:20:57+00:00,,,0,0,7,,,,,,ERROR,,no stage-01 json for group 'shsmall': /home/karina/1cbh_clear/01_rfd3_symmetry_generation/json/15082026_16k_production_4_seeds_4_sizes/shsmall.json
shs008550,15082026_16k_production_4_seeds_4_sizes,2026-09-10T17:20:57+00:00,,,0,0,7,,,,,,ERROR,,no stage-01 json for group 'shsmall': /home/karina/1cbh_clear/01_rfd3_symmetry_generation/json/15082026_16k_production_4_seeds_4_sizes/shsmall.json
shs008698,15082026_16k_production_4_seeds_4_sizes,2026-09-10T17:20:57+00:00,,,0,0,7,,,,,,ERROR,,no stage-01 json for group 'shsmall': /home/karina/1cbh_clear/01_rfd3_symmetry_generation/json/15082026_16k_production_4_seeds_4_sizes/shsmall.json
shs008711,15082026_16k_production_4_seeds_4_sizes,2026-09-10T17:20:57+00:00,,,0,0,7,,,,,,ERROR,,no stage-01 json for group 'shsmall': /home/karina/1cbh_clear/01_rfd3_symmetry_generation/json/15082026_16k_production_4_seeds_4_sizes/shsmall.json
shs008738,15082026_16k_production_4_seeds_4_sizes,2026-09-10T17:20:57+00:00,,,0,0,7,,,,,,ERROR,,no stage-01 json for group 'shsmall': /home/karina/1cbh_clear/01_rfd3_symmetry_generation/json/15082026_16k_production_4_seeds_4_sizes/shsmall.json
shs008755,15082026_16k_production_4_seeds_4_sizes,2026-09-10T17:20:57+00:00,,,0,0,7,,,,,,ERROR,,no stage-01 json for group 'shsmall': /home/karina/1cbh_clear/01_rfd3_symmetry_generation/json/15082026_16k_production_4_seeds_4_sizes/shsmall.json
shs008843,15082026_16k_production_4_seeds_4_sizes,2026-09-10T17:20:57+00:00,,,0,0,7,,,,,,ERROR,,no stage-01 json for group 'shsmall': /home/karina/1cbh_clear/01_rfd3_symmetry_generation/json/15082026_16k_production_4_seeds_4_sizes/shsmall.json
shs008968,15082026_16k_production_4_seeds_4_sizes,2026-09-10T17:20:57+00:00,,,0,0,7,,,,,,ERROR,,no stage-01 json for group 'shsmall': /home/karina/1cbh_clear/01_rfd3_symmetry_generation/json/15082026_16k_production_4_seeds_4_sizes/shsmall.json
shs008988,15082026_16k_production_4_seeds_4_sizes,2026-09-10T17:20:57+00:00,,,0,0,7,,,,,,ERROR,,no stage-01 json for group 'shsmall': /home/karina/1cbh_clear/01_rfd3_symmetry_generation/json/15082026_16k_production_4_seeds_4_sizes/shsmall.json
shs008995,15082026_16k_production_4_seeds_4_sizes,2026-09-10T17:20:57+00:00,,,0,0,7,,,,,,ERROR,,no stage-01 json for group 'shsmall': /home/karina/1cbh_clear/01_rfd3_symmetry_generation/json/15082026_16k_production_4_seeds_4_sizes/shsmall.json
shx011004,15082026_16k_production_4_seeds_4_sizes,2026-09-10T17:20:57+00:00,,,0,0,7,,,,,,ERROR,,no stage-01 json for group 'shxlarge': /home/karina/1cbh_clear/01_rfd3_symmetry_generation/json/15082026_16k_production_4_seeds_4_sizes/shxlarge.json
shx011013,15082026_16k_production_4_seeds_4_sizes,2026-09-10T17:20:57+00:00,,,0,0,7,,,,,,ERROR,,no stage-01 json for group 'shxlarge': /home/karina/1cbh_clear/01_rfd3_symmetry_generation/json/15082026_16k_production_4_seeds_4_sizes/shxlarge.json
shx011023,15082026_16k_production_4_seeds_4_sizes,2026-09-10T17:20:57+00:00,,,0,0,7,,,,,,ERROR,,no stage-01 json for group 'shxlarge': /home/karina/1cbh_clear/01_rfd3_symmetry_generation/json/15082026_16k_production_4_seeds_4_sizes/shxlarge.json
shx011055,15082026_16k_production_4_seeds_4_sizes,2026-09-10T17:20:57+00:00,,,0,0,7,,,,,,ERROR,,no stage-01 json for group 'shxlarge': /home/karina/1cbh_clear/01_rfd3_symmetry_generation/json/15082026_16k_production_4_seeds_4_sizes/shxlarge.json
shx011059,15082026_16k_production_4_seeds_4_sizes,2026-09-10T17:20:57+00:00,,,0,0,7,,,,,,ERROR,,no stage-01 json for group 'shxlarge': /home/karina/1cbh_clear/01_rfd3_symmetry_generation/json/15082026_16k_production_4_seeds_4_sizes/shxlarge.json
shx011065,15082026_16k_production_4_seeds_4_sizes,2026-09-10T17:20:57+00:00,,,0,0,7,,,,,,ERROR,,no stage-01 json for group 'shxlarge': /home/karina/1cbh_clear/01_rfd3_symmetry_generation/json/15082026_16k_production_4_seeds_4_sizes/shxlarge.json
shx011072,15082026_16k_production_4_seeds_4_sizes,2026-09-10T17:20:57+00:00,,,0,0,7,,,,,,ERROR,,no stage-01 json for group 'shxlarge': /home/karina/1cbh_clear/01_rfd3_symmetry_generation/json/15082026_16k_production_4_seeds_4_sizes/shxlarge.json
shx011075,15082026_16k_production_4_seeds_4_sizes,2026-09-10T17:20:57+00:00,,,0,0,7,,,,,,ERROR,,no stage-01 json for group 'shxlarge': /home/karina/1cbh_clear/01_rfd3_symmetry_generation/json/15082026_16k_production_4_seeds_4_sizes/shxlarge.json
shx011081,15082026_16k_production_4_seeds_4_sizes,2026-09-10T17:20:57+00:00,,,0,0,7,,,,,,ERROR,,no stage-01 json for group 'shxlarge': /home/karina/1cbh_clear/01_rfd3_symmetry_generation/json/15082026_16k_production_4_seeds_4_sizes/shxlarge.json
shx011083,15082026_16k_production_4_seeds_4_sizes,2026-09-10T17:20:57+00:00,,,0,0,7,,,,,,ERROR,,no stage-01 json for group 'shxlarge': /home/karina/1cbh_clear/01_rfd3_symmetry_generation/json/15082026_16k_production_4_seeds_4_sizes/shxlarge.json
shx011092,15082026_16k_production_4_seeds_4_sizes,2026-09-10T17:20:57+00:00,,,0,0,7,,,,,,ERROR,,no stage-01 json for group 'shxlarge': /home/karina/1cbh_clear/01_rfd3_symmetry_generation/json/15082026_16k_production_4_seeds_4_sizes/shxlarge.json
shx011110,15082026_16k_production_4_seeds_4_sizes,2026-09-10T17:20:57+00:00,,,0,0,7,,,,,,ERROR,,no stage-01 json for group 'shxlarge': /home/karina/1cbh_clear/01_rfd3_symmetry_generation/json/15082026_16k_production_4_seeds_4_sizes/shxlarge.json
shx011120,15082026_16k_production_4_seeds_4_sizes,2026-09-10T17:20:57+00:00,,,0,0,7,,,,,,ERROR,,no stage-01 json for group 'shxlarge': /home/karina/1cbh_clear/01_rfd3_symmetry_generation/json/15082026_16k_production_4_seeds_4_sizes/shxlarge.json
shx011121,15082026_16k_production_4_seeds_4_sizes,2026-09-10T17:20:57+00:00,,,0,0,7,,,,,,ERROR,,no stage-01 json for group 'shxlarge': /home/karina/1cbh_clear/01_rfd3_symmetry_generation/json/15082026_16k_production_4_seeds_4_sizes/shxlarge.json
shx011124,15082026_16k_production_4_seeds_4_sizes,2026-09-10T17:20:57+00:00,,,0,0,7,,,,,,ERROR,,no stage-01 json for group 'shxlarge': /home/karina/1cbh_clear/01_rfd3_symmetry_generation/json/15082026_16k_production_4_seeds_4_sizes/shxlarge.json
shx011154,15082026_16k_production_4_seeds_4_sizes,2026-09-10T17:20:57+00:00,,,0,0,7,,,,,,ERROR,,no stage-01 json for group 'shxlarge': /home/karina/1cbh_clear/01_rfd3_symmetry_generation/json/15082026_16k_production_4_seeds_4_sizes/shxlarge.json
shx011156,15082026_16k_production_4_seeds_4_sizes,2026-09-10T17:20:57+00:00,,,0,0,7,,,,,,ERROR,,no stage-01 json for group 'shxlarge': /home/karina/1cbh_clear/01_rfd3_symmetry_generation/json/15082026_16k_production_4_seeds_4_sizes/shxlarge.json
shx011171,15082026_16k_production_4_seeds_4_sizes,2026-09-10T17:20:57+00:00,,,0,0,7,,,,,,ERROR,,no stage-01 json for group 'shxlarge': /home/karina/1cbh_clear/01_rfd3_symmetry_generation/json/15082026_16k_production_4_seeds_4_sizes/shxlarge.json
shx011181,15082026_16k_production_4_seeds_4_sizes,2026-09-10T17:20:57+00:00,,,0,0,7,,,,,,ERROR,,no stage-01 json for group 'shxlarge': /home/karina/1cbh_clear/01_rfd3_symmetry_generation/json/15082026_16k_production_4_seeds_4_sizes/shxlarge.json
shx011182,15082026_16k_production_4_seeds_4_sizes,2026-09-10T17:20:57+00:00,,,0,0,7,,,,,,ERROR,,no stage-01 json for group 'shxlarge': /home/karina/1cbh_clear/01_rfd3_symmetry_generation/json/15082026_16k_production_4_seeds_4_sizes/shxlarge.json
shx011183,15082026_16k_production_4_seeds_4_sizes,2026-09-10T17:20:57+00:00,,,0,0,7,,,,,,ERROR,,no stage-01 json for group 'shxlarge': /home/karina/1cbh_clear/01_rfd3_symmetry_generation/json/15082026_16k_production_4_seeds_4_sizes/shxlarge.json
shx011191,15082026_16k_production_4_seeds_4_sizes,2026-09-10T17:20:57+00:00,,,0,0,7,,,,,,ERROR,,no stage-01 json for group 'shxlarge': /home/karina/1cbh_clear/01_rfd3_symmetry_generation/json/15082026_16k_production_4_seeds_4_sizes/shxlarge.json
shx011199,15082026_16k_production_4_seeds_4_sizes,2026-09-10T17:20:57+00:00,,,0,0,7,,,,,,ERROR,,no stage-01 json for group 'shxlarge': /home/karina/1cbh_clear/01_rfd3_symmetry_generation/json/15082026_16k_production_4_seeds_4_sizes/shxlarge.json
shx011203,15082026_16k_production_4_seeds_4_sizes,2026-09-10T17:20:57+00:00,,,0,0,7,,,,,,ERROR,,no stage-01 json for group 'shxlarge': /home/karina/1cbh_clear/01_rfd3_symmetry_generation/json/15082026_16k_production_4_seeds_4_sizes/shxlarge.json
shx011225,15082026_16k_production_4_seeds_4_sizes,2026-09-10T17:20:57+00:00,,,0,0,7,,,,,,ERROR,,no stage-01 json for group 'shxlarge': /home/karina/1cbh_clear/01_rfd3_symmetry_generation/json/15082026_16k_production_4_seeds_4_sizes/shxlarge.json
shx011226,15082026_16k_production_4_seeds_4_sizes,2026-09-10T17:20:57+00:00,,,0,0,7,,,,,,ERROR,,no stage-01 json for group 'shxlarge': /home/karina/1cbh_clear/01_rfd3_symmetry_generation/json/15082026_16k_production_4_seeds_4_sizes/shxlarge.json
shx011227,15082026_16k_production_4_seeds_4_sizes,2026-09-10T17:20:57+00:00,,,0,0,7,,,,,,ERROR,,no stage-01 json for group 'shxlarge': /home/karina/1cbh_clear/01_rfd3_symmetry_generation/json/15082026_16k_production_4_seeds_4_sizes/shxlarge.json
shx011263,15082026_16k_production_4_seeds_4_sizes,2026-09-10T17:20:57+00:00,,,0,0,7,,,,,,ERROR,,no stage-01 json for group 'shxlarge': /home/karina/1cbh_clear/01_rfd3_symmetry_generation/json/15082026_16k_production_4_seeds_4_sizes/shxlarge.json
shx011267,15082026_16k_production_4_seeds_4_sizes,2026-09-10T17:20:57+00:00,,,0,0,7,,,,,,ERROR,,no stage-01 json for group 'shxlarge': /home/karina/1cbh_clear/01_rfd3_symmetry_generation/json/15082026_16k_production_4_seeds_4_sizes/shxlarge.json
shx011289,15082026_16k_production_4_seeds_4_sizes,2026-09-10T17:20:57+00:00,,,0,0,7,,,,,,ERROR,,no stage-01 json for group 'shxlarge': /home/karina/1cbh_clear/01_rfd3_symmetry_generation/json/15082026_16k_production_4_seeds_4_sizes/shxlarge.json
shx011308,15082026_16k_production_4_seeds_4_sizes,2026-09-10T17:20:57+00:00,,,0,0,7,,,,,,ERROR,,no stage-01 json for group 'shxlarge': /home/karina/1cbh_clear/01_rfd3_symmetry_generation/json/15082026_16k_production_4_seeds_4_sizes/shxlarge.json
shx011310,15082026_16k_production_4_seeds_4_sizes,2026-09-10T17:20:57+00:00,,,0,0,7,,,,,,ERROR,,no stage-01 json for group 'shxlarge': /home/karina/1cbh_clear/01_rfd3_symmetry_generation/json/15082026_16k_production_4_seeds_4_sizes/shxlarge.json
shx011313,15082026_16k_production_4_seeds_4_sizes,2026-09-10T17:20:57+00:00,,,0,0,7,,,,,,ERROR,,no stage-01 json for group 'shxlarge': /home/karina/1cbh_clear/01_rfd3_symmetry_generation/json/15082026_16k_production_4_seeds_4_sizes/shxlarge.json
shx011329,15082026_16k_production_4_seeds_4_sizes,2026-09-10T17:20:57+00:00,,,0,0,7,,,,,,ERROR,,no stage-01 json for group 'shxlarge': /home/karina/1cbh_clear/01_rfd3_symmetry_generation/json/15082026_16k_production_4_seeds_4_sizes/shxlarge.json
shx011376,15082026_16k_production_4_seeds_4_sizes,2026-09-10T17:20:57+00:00,,,0,0,7,,,,,,ERROR,,no stage-01 json for group 'shxlarge': /home/karina/1cbh_clear/01_rfd3_symmetry_generation/json/15082026_16k_production_4_seeds_4_sizes/shxlarge.json
shx011387,15082026_16k_production_4_seeds_4_sizes,2026-09-10T17:20:57+00:00,,,0,0,7,,,,,,ERROR,,no stage-01 json for group 'shxlarge': /home/karina/1cbh_clear/01_rfd3_symmetry_generation/json/15082026_16k_production_4_seeds_4_sizes/shxlarge.json
shx011388,15082026_16k_production_4_seeds_4_sizes,2026-09-10T17:20:57+00:00,,,0,0,7,,,,,,ERROR,,no stage-01 json for group 'shxlarge': /home/karina/1cbh_clear/01_rfd3_symmetry_generation/json/15082026_16k_production_4_seeds_4_sizes/shxlarge.json
shx011402,15082026_16k_production_4_seeds_4_sizes,2026-09-10T17:20:57+00:00,,,0,0,7,,,,,,ERROR,,no stage-01 json for group 'shxlarge': /home/karina/1cbh_clear/01_rfd3_symmetry_generation/json/15082026_16k_production_4_seeds_4_sizes/shxlarge.json
shx011406,15082026_16k_production_4_seeds_4_sizes,2026-09-10T17:20:57+00:00,,,0,0,7,,,,,,ERROR,,no stage-01 json for group 'shxlarge': /home/karina/1cbh_clear/01_rfd3_symmetry_generation/json/15082026_16k_production_4_seeds_4_sizes/shxlarge.json
shx011422,15082026_16k_production_4_seeds_4_sizes,2026-09-10T17:20:57+00:00,,,0,0,7,,,,,,ERROR,,no stage-01 json for group 'shxlarge': /home/karina/1cbh_clear/01_rfd3_symmetry_generation/json/15082026_16k_production_4_seeds_4_sizes/shxlarge.json
shx011433,15082026_16k_production_4_seeds_4_sizes,2026-09-10T17:20:57+00:00,,,0,0,7,,,,,,ERROR,,no stage-01 json for group 'shxlarge': /home/karina/1cbh_clear/01_rfd3_symmetry_generation/json/15082026_16k_production_4_seeds_4_sizes/shxlarge.json
shx011439,15082026_16k_production_4_seeds_4_sizes,2026-09-10T17:20:57+00:00,,,0,0,7,,,,,,ERROR,,no stage-01 json for group 'shxlarge': /home/karina/1cbh_clear/01_rfd3_symmetry_generation/json/15082026_16k_production_4_seeds_4_sizes/shxlarge.json
shx011460,15082026_16k_production_4_seeds_4_sizes,2026-09-10T17:20:57+00:00,,,0,0,7,,,,,,ERROR,,no stage-01 json for group 'shxlarge': /home/karina/1cbh_clear/01_rfd3_symmetry_generation/json/15082026_16k_production_4_seeds_4_sizes/shxlarge.json
shx011464,15082026_16k_production_4_seeds_4_sizes,2026-09-10T17:20:57+00:00,,,0,0,7,,,,,,ERROR,,no stage-01 json for group 'shxlarge': /home/karina/1cbh_clear/01_rfd3_symmetry_generation/json/15082026_16k_production_4_seeds_4_sizes/shxlarge.json
shx011465,15082026_16k_production_4_seeds_4_sizes,2026-09-10T17:20:57+00:00,,,0,0,7,,,,,,ERROR,,no stage-01 json for group 'shxlarge': /home/karina/1cbh_clear/01_rfd3_symmetry_generation/json/15082026_16k_production_4_seeds_4_sizes/shxlarge.json
shx011491,15082026_16k_production_4_seeds_4_sizes,2026-09-10T17:20:57+00:00,,,0,0,7,,,,,,ERROR,,no stage-01 json for group 'shxlarge': /home/karina/1cbh_clear/01_rfd3_symmetry_generation/json/15082026_16k_production_4_seeds_4_sizes/shxlarge.json
shx011496,15082026_16k_production_4_seeds_4_sizes,2026-09-10T17:20:57+00:00,,,0,0,7,,,,,,ERROR,,no stage-01 json for group 'shxlarge': /home/karina/1cbh_clear/01_rfd3_symmetry_generation/json/15082026_16k_production_4_seeds_4_sizes/shxlarge.json
shx011498,15082026_16k_production_4_seeds_4_sizes,2026-09-10T17:20:57+00:00,,,0,0,7,,,,,,ERROR,,no stage-01 json for group 'shxlarge': /home/karina/1cbh_clear/01_rfd3_symmetry_generation/json/15082026_16k_production_4_seeds_4_sizes/shxlarge.json
shx011499,15082026_16k_production_4_seeds_4_sizes,2026-09-10T17:20:57+00:00,,,0,0,7,,,,,,ERROR,,no stage-01 json for group 'shxlarge': /home/karina/1cbh_clear/01_rfd3_symmetry_generation/json/15082026_16k_production_4_seeds_4_sizes/shxlarge.json
shx011508,15082026_16k_production_4_seeds_4_sizes,2026-09-10T17:20:57+00:00,,,0,0,7,,,,,,ERROR,,no stage-01 json for group 'shxlarge': /home/karina/1cbh_clear/01_rfd3_symmetry_generation/json/15082026_16k_production_4_seeds_4_sizes/shxlarge.json
shx011510,15082026_16k_production_4_seeds_4_sizes,2026-09-10T17:20:57+00:00,,,0,0,7,,,,,,ERROR,,no stage-01 json for group 'shxlarge': /home/karina/1cbh_clear/01_rfd3_symmetry_generation/json/15082026_16k_production_4_seeds_4_sizes/shxlarge.json
shx011511,15082026_16k_production_4_seeds_4_sizes,2026-09-10T17:20:57+00:00,,,0,0,7,,,,,,ERROR,,no stage-01 json for group 'shxlarge': /home/karina/1cbh_clear/01_rfd3_symmetry_generation/json/15082026_16k_production_4_seeds_4_sizes/shxlarge.json
shx011535,15082026_16k_production_4_seeds_4_sizes,2026-09-10T17:20:57+00:00,,,0,0,7,,,,,,ERROR,,no stage-01 json for group 'shxlarge': /home/karina/1cbh_clear/01_rfd3_symmetry_generation/json/15082026_16k_production_4_seeds_4_sizes/shxlarge.json
shx011541,15082026_16k_production_4_seeds_4_sizes,2026-09-10T17:20:57+00:00,,,0,0,7,,,,,,ERROR,,no stage-01 json for group 'shxlarge': /home/karina/1cbh_clear/01_rfd3_symmetry_generation/json/15082026_16k_production_4_seeds_4_sizes/shxlarge.json
shx011548,15082026_16k_production_4_seeds_4_sizes,2026-09-10T17:20:57+00:00,,,0,0,7,,,,,,ERROR,,no stage-01 json for group 'shxlarge': /home/karina/1cbh_clear/01_rfd3_symmetry_generation/json/15082026_16k_production_4_seeds_4_sizes/shxlarge.json
shx011560,15082026_16k_production_4_seeds_4_sizes,2026-09-10T17:20:57+00:00,,,0,0,7,,,,,,ERROR,,no stage-01 json for group 'shxlarge': /home/karina/1cbh_clear/01_rfd3_symmetry_generation/json/15082026_16k_production_4_seeds_4_sizes/shxlarge.json
shx011563,15082026_16k_production_4_seeds_4_sizes,2026-09-10T17:20:57+00:00,,,0,0,7,,,,,,ERROR,,no stage-01 json for group 'shxlarge': /home/karina/1cbh_clear/01_rfd3_symmetry_generation/json/15082026_16k_production_4_seeds_4_sizes/shxlarge.json
shx011580,15082026_16k_production_4_seeds_4_sizes,2026-09-10T17:20:57+00:00,,,0,0,7,,,,,,ERROR,,no stage-01 json for group 'shxlarge': /home/karina/1cbh_clear/01_rfd3_symmetry_generation/json/15082026_16k_production_4_seeds_4_sizes/shxlarge.json
shx011597,15082026_16k_production_4_seeds_4_sizes,2026-09-10T17:20:57+00:00,,,0,0,7,,,,,,ERROR,,no stage-01 json for group 'shxlarge': /home/karina/1cbh_clear/01_rfd3_symmetry_generation/json/15082026_16k_production_4_seeds_4_sizes/shxlarge.json
shx011606,15082026_16k_production_4_seeds_4_sizes,2026-09-10T17:20:57+00:00,,,0,0,7,,,,,,ERROR,,no stage-01 json for group 'shxlarge': /home/karina/1cbh_clear/01_rfd3_symmetry_generation/json/15082026_16k_production_4_seeds_4_sizes/shxlarge.json
shx011616,15082026_16k_production_4_seeds_4_sizes,2026-09-10T17:20:57+00:00,,,0,0,7,,,,,,ERROR,,no stage-01 json for group 'shxlarge': /home/karina/1cbh_clear/01_rfd3_symmetry_generation/json/15082026_16k_production_4_seeds_4_sizes/shxlarge.json
shx011618,15082026_16k_production_4_seeds_4_sizes,2026-09-10T17:20:57+00:00,,,0,0,7,,,,,,ERROR,,no stage-01 json for group 'shxlarge': /home/karina/1cbh_clear/01_rfd3_symmetry_generation/json/15082026_16k_production_4_seeds_4_sizes/shxlarge.json
shx011619,15082026_16k_production_4_seeds_4_sizes,2026-09-10T17:20:57+00:00,,,0,0,7,,,,,,ERROR,,no stage-01 json for group 'shxlarge': /home/karina/1cbh_clear/01_rfd3_symmetry_generation/json/15082026_16k_production_4_seeds_4_sizes/shxlarge.json
shx011626,15082026_16k_production_4_seeds_4_sizes,2026-09-10T17:20:57+00:00,,,0,0,7,,,,,,ERROR,,no stage-01 json for group 'shxlarge': /home/karina/1cbh_clear/01_rfd3_symmetry_generation/json/15082026_16k_production_4_seeds_4_sizes/shxlarge.json
shx011629,15082026_16k_production_4_seeds_4_sizes,2026-09-10T17:20:57+00:00,,,0,0,7,,,,,,ERROR,,no stage-01 json for group 'shxlarge': /home/karina/1cbh_clear/01_rfd3_symmetry_generation/json/15082026_16k_production_4_seeds_4_sizes/shxlarge.json
shx011630,15082026_16k_production_4_seeds_4_sizes,2026-09-10T17:20:57+00:00,,,0,0,7,,,,,,ERROR,,no stage-01 json for group 'shxlarge': /home/karina/1cbh_clear/01_rfd3_symmetry_generation/json/15082026_16k_production_4_seeds_4_sizes/shxlarge.json
shx011631,15082026_16k_production_4_seeds_4_sizes,2026-09-10T17:20:57+00:00,,,0,0,7,,,,,,ERROR,,no stage-01 json for group 'shxlarge': /home/karina/1cbh_clear/01_rfd3_symmetry_generation/json/15082026_16k_production_4_seeds_4_sizes/shxlarge.json
shx011637,15082026_16k_production_4_seeds_4_sizes,2026-09-10T17:20:57+00:00,,,0,0,7,,,,,,ERROR,,no stage-01 json for group 'shxlarge': /home/karina/1cbh_clear/01_rfd3_symmetry_generation/json/15082026_16k_production_4_seeds_4_sizes/shxlarge.json
shx011660,15082026_16k_production_4_seeds_4_sizes,2026-09-10T17:20:57+00:00,,,0,0,7,,,,,,ERROR,,no stage-01 json for group 'shxlarge': /home/karina/1cbh_clear/01_rfd3_symmetry_generation/json/15082026_16k_production_4_seeds_4_sizes/shxlarge.json
shx011665,15082026_16k_production_4_seeds_4_sizes,2026-09-10T17:20:57+00:00,,,0,0,7,,,,,,ERROR,,no stage-01 json for group 'shxlarge': /home/karina/1cbh_clear/01_rfd3_symmetry_generation/json/15082026_16k_production_4_seeds_4_sizes/shxlarge.json
shx011666,15082026_16k_production_4_seeds_4_sizes,2026-09-10T17:20:57+00:00,,,0,0,7,,,,,,ERROR,,no stage-01 json for group 'shxlarge': /home/karina/1cbh_clear/01_rfd3_symmetry_generation/json/15082026_16k_production_4_seeds_4_sizes/shxlarge.json
shx011680,15082026_16k_production_4_seeds_4_sizes,2026-09-10T17:20:57+00:00,,,0,0,7,,,,,,ERROR,,no stage-01 json for group 'shxlarge': /home/karina/1cbh_clear/01_rfd3_symmetry_generation/json/15082026_16k_production_4_seeds_4_sizes/shxlarge.json
shx011681,15082026_16k_production_4_seeds_4_sizes,2026-09-10T17:20:57+00:00,,,0,0,7,,,,,,ERROR,,no stage-01 json for group 'shxlarge': /home/karina/1cbh_clear/01_rfd3_symmetry_generation/json/15082026_16k_production_4_seeds_4_sizes/shxlarge.json
shx011683,15082026_16k_production_4_seeds_4_sizes,2026-09-10T17:20:57+00:00,,,0,0,7,,,,,,ERROR,,no stage-01 json for group 'shxlarge': /home/karina/1cbh_clear/01_rfd3_symmetry_generation/json/15082026_16k_production_4_seeds_4_sizes/shxlarge.json
shx011694,15082026_16k_production_4_seeds_4_sizes,2026-09-10T17:20:57+00:00,,,0,0,7,,,,,,ERROR,,no stage-01 json for group 'shxlarge': /home/karina/1cbh_clear/01_rfd3_symmetry_generation/json/15082026_16k_production_4_seeds_4_sizes/shxlarge.json
shx011711,15082026_16k_production_4_seeds_4_sizes,2026-09-10T17:20:57+00:00,,,0,0,7,,,,,,ERROR,,no stage-01 json for group 'shxlarge': /home/karina/1cbh_clear/01_rfd3_symmetry_generation/json/15082026_16k_production_4_seeds_4_sizes/shxlarge.json
shx011717,15082026_16k_production_4_seeds_4_sizes,2026-09-10T17:20:57+00:00,,,0,0,7,,,,,,ERROR,,no stage-01 json for group 'shxlarge': /home/karina/1cbh_clear/01_rfd3_symmetry_generation/json/15082026_16k_production_4_seeds_4_sizes/shxlarge.json
shx011718,15082026_16k_production_4_seeds_4_sizes,2026-09-10T17:20:57+00:00,,,0,0,7,,,,,,ERROR,,no stage-01 json for group 'shxlarge': /home/karina/1cbh_clear/01_rfd3_symmetry_generation/json/15082026_16k_production_4_seeds_4_sizes/shxlarge.json
shx011754,15082026_16k_production_4_seeds_4_sizes,2026-09-10T17:20:57+00:00,,,0,0,7,,,,,,ERROR,,no stage-01 json for group 'shxlarge': /home/karina/1cbh_clear/01_rfd3_symmetry_generation/json/15082026_16k_production_4_seeds_4_sizes/shxlarge.json
shx011761,15082026_16k_production_4_seeds_4_sizes,2026-09-10T17:20:57+00:00,,,0,0,7,,,,,,ERROR,,no stage-01 json for group 'shxlarge': /home/karina/1cbh_clear/01_rfd3_symmetry_generation/json/15082026_16k_production_4_seeds_4_sizes/shxlarge.json
shx011778,15082026_16k_production_4_seeds_4_sizes,2026-09-10T17:20:57+00:00,,,0,0,7,,,,,,ERROR,,no stage-01 json for group 'shxlarge': /home/karina/1cbh_clear/01_rfd3_symmetry_generation/json/15082026_16k_production_4_seeds_4_sizes/shxlarge.json
shx011814,15082026_16k_production_4_seeds_4_sizes,2026-09-10T17:20:57+00:00,,,0,0,7,,,,,,ERROR,,no stage-01 json for group 'shxlarge': /home/karina/1cbh_clear/01_rfd3_symmetry_generation/json/15082026_16k_production_4_seeds_4_sizes/shxlarge.json
shx011819,15082026_16k_production_4_seeds_4_sizes,2026-09-10T17:20:57+00:00,,,0,0,7,,,,,,ERROR,,no stage-01 json for group 'shxlarge': /home/karina/1cbh_clear/01_rfd3_symmetry_generation/json/15082026_16k_production_4_seeds_4_sizes/shxlarge.json
shx011820,15082026_16k_production_4_seeds_4_sizes,2026-09-10T17:20:57+00:00,,,0,0,7,,,,,,ERROR,,no stage-01 json for group 'shxlarge': /home/karina/1cbh_clear/01_rfd3_symmetry_generation/json/15082026_16k_production_4_seeds_4_sizes/shxlarge.json
shx011825,15082026_16k_production_4_seeds_4_sizes,2026-09-10T17:20:57+00:00,,,0,0,7,,,,,,ERROR,,no stage-01 json for group 'shxlarge': /home/karina/1cbh_clear/01_rfd3_symmetry_generation/json/15082026_16k_production_4_seeds_4_sizes/shxlarge.json
shx011835,15082026_16k_production_4_seeds_4_sizes,2026-09-10T17:20:57+00:00,,,0,0,7,,,,,,ERROR,,no stage-01 json for group 'shxlarge': /home/karina/1cbh_clear/01_rfd3_symmetry_generation/json/15082026_16k_production_4_seeds_4_sizes/shxlarge.json
shx011848,15082026_16k_production_4_seeds_4_sizes,2026-09-10T17:20:57+00:00,,,0,0,7,,,,,,ERROR,,no stage-01 json for group 'shxlarge': /home/karina/1cbh_clear/01_rfd3_symmetry_generation/json/15082026_16k_production_4_seeds_4_sizes/shxlarge.json
shx011865,15082026_16k_production_4_seeds_4_sizes,2026-09-10T17:20:57+00:00,,,0,0,7,,,,,,ERROR,,no stage-01 json for group 'shxlarge': /home/karina/1cbh_clear/01_rfd3_symmetry_generation/json/15082026_16k_production_4_seeds_4_sizes/shxlarge.json
shx011877,15082026_16k_production_4_seeds_4_sizes,2026-09-10T17:20:57+00:00,,,0,0,7,,,,,,ERROR,,no stage-01 json for group 'shxlarge': /home/karina/1cbh_clear/01_rfd3_symmetry_generation/json/15082026_16k_production_4_seeds_4_sizes/shxlarge.json
shx011889,15082026_16k_production_4_seeds_4_sizes,2026-09-10T17:20:57+00:00,,,0,0,7,,,,,,ERROR,,no stage-01 json for group 'shxlarge': /home/karina/1cbh_clear/01_rfd3_symmetry_generation/json/15082026_16k_production_4_seeds_4_sizes/shxlarge.json
shx011895,15082026_16k_production_4_seeds_4_sizes,2026-09-10T17:20:57+00:00,,,0,0,7,,,,,,ERROR,,no stage-01 json for group 'shxlarge': /home/karina/1cbh_clear/01_rfd3_symmetry_generation/json/15082026_16k_production_4_seeds_4_sizes/shxlarge.json
shx011904,15082026_16k_production_4_seeds_4_sizes,2026-09-10T17:20:57+00:00,,,0,0,7,,,,,,ERROR,,no stage-01 json for group 'shxlarge': /home/karina/1cbh_clear/01_rfd3_symmetry_generation/json/15082026_16k_production_4_seeds_4_sizes/shxlarge.json
shx011921,15082026_16k_production_4_seeds_4_sizes,2026-09-10T17:20:57+00:00,,,0,0,7,,,,,,ERROR,,no stage-01 json for group 'shxlarge': /home/karina/1cbh_clear/01_rfd3_symmetry_generation/json/15082026_16k_production_4_seeds_4_sizes/shxlarge.json
shx011923,15082026_16k_production_4_seeds_4_sizes,2026-09-10T17:20:57+00:00,,,0,0,7,,,,,,ERROR,,no stage-01 json for group 'shxlarge': /home/karina/1cbh_clear/01_rfd3_symmetry_generation/json/15082026_16k_production_4_seeds_4_sizes/shxlarge.json
shx011943,15082026_16k_production_4_seeds_4_sizes,2026-09-10T17:20:57+00:00,,,0,0,7,,,,,,ERROR,,no stage-01 json for group 'shxlarge': /home/karina/1cbh_clear/01_rfd3_symmetry_generation/json/15082026_16k_production_4_seeds_4_sizes/shxlarge.json
shx011946,15082026_16k_production_4_seeds_4_sizes,2026-09-10T17:20:57+00:00,,,0,0,7,,,,,,ERROR,,no stage-01 json for group 'shxlarge': /home/karina/1cbh_clear/01_rfd3_symmetry_generation/json/15082026_16k_production_4_seeds_4_sizes/shxlarge.json
shx011974,15082026_16k_production_4_seeds_4_sizes,2026-09-10T17:20:57+00:00,,,0,0,7,,,,,,ERROR,,no stage-01 json for group 'shxlarge': /home/karina/1cbh_clear/01_rfd3_symmetry_generation/json/15082026_16k_production_4_seeds_4_sizes/shxlarge.json
shx011994,15082026_16k_production_4_seeds_4_sizes,2026-09-10T17:20:57+00:00,,,0,0,7,,,,,,ERROR,,no stage-01 json for group 'shxlarge': /home/karina/1cbh_clear/01_rfd3_symmetry_generation/json/15082026_16k_production_4_seeds_4_sizes/shxlarge.json
shx011996,15082026_16k_production_4_seeds_4_sizes,2026-09-10T17:20:57+00:00,,,0,0,7,,,,,,ERROR,,no stage-01 json for group 'shxlarge': /home/karina/1cbh_clear/01_rfd3_symmetry_generation/json/15082026_16k_production_4_seeds_4_sizes/shxlarge.json
thl002008,15082026_16k_production_4_seeds_4_sizes,2026-09-10T17:20:57+00:00,,,0,0,7,,,,,,ERROR,,no stage-01 json for group 'thlarge': /home/karina/1cbh_clear/01_rfd3_symmetry_generation/json/15082026_16k_production_4_seeds_4_sizes/thlarge.json
thl002013,15082026_16k_production_4_seeds_4_sizes,2026-09-10T17:20:57+00:00,,,0,0,7,,,,,,ERROR,,no stage-01 json for group 'thlarge': /home/karina/1cbh_clear/01_rfd3_symmetry_generation/json/15082026_16k_production_4_seeds_4_sizes/thlarge.json
thl002025,15082026_16k_production_4_seeds_4_sizes,2026-09-10T17:20:57+00:00,,,0,0,7,,,,,,ERROR,,no stage-01 json for group 'thlarge': /home/karina/1cbh_clear/01_rfd3_symmetry_generation/json/15082026_16k_production_4_seeds_4_sizes/thlarge.json
thl002072,15082026_16k_production_4_seeds_4_sizes,2026-09-10T17:20:57+00:00,,,0,0,7,,,,,,ERROR,,no stage-01 json for group 'thlarge': /home/karina/1cbh_clear/01_rfd3_symmetry_generation/json/15082026_16k_production_4_seeds_4_sizes/thlarge.json
thl002086,15082026_16k_production_4_seeds_4_sizes,2026-09-10T17:20:57+00:00,,,0,0,7,,,,,,ERROR,,no stage-01 json for group 'thlarge': /home/karina/1cbh_clear/01_rfd3_symmetry_generation/json/15082026_16k_production_4_seeds_4_sizes/thlarge.json
thl002092,15082026_16k_production_4_seeds_4_sizes,2026-09-10T17:20:57+00:00,,,0,0,7,,,,,,ERROR,,no stage-01 json for group 'thlarge': /home/karina/1cbh_clear/01_rfd3_symmetry_generation/json/15082026_16k_production_4_seeds_4_sizes/thlarge.json
thl002094,15082026_16k_production_4_seeds_4_sizes,2026-09-10T17:20:57+00:00,,,0,0,7,,,,,,ERROR,,no stage-01 json for group 'thlarge': /home/karina/1cbh_clear/01_rfd3_symmetry_generation/json/15082026_16k_production_4_seeds_4_sizes/thlarge.json
thl002119,15082026_16k_production_4_seeds_4_sizes,2026-09-10T17:20:57+00:00,,,0,0,7,,,,,,ERROR,,no stage-01 json for group 'thlarge': /home/karina/1cbh_clear/01_rfd3_symmetry_generation/json/15082026_16k_production_4_seeds_4_sizes/thlarge.json
thl002175,15082026_16k_production_4_seeds_4_sizes,2026-09-10T17:20:57+00:00,,,0,0,7,,,,,,ERROR,,no stage-01 json for group 'thlarge': /home/karina/1cbh_clear/01_rfd3_symmetry_generation/json/15082026_16k_production_4_seeds_4_sizes/thlarge.json
thl002190,15082026_16k_production_4_seeds_4_sizes,2026-09-10T17:20:57+00:00,,,0,0,7,,,,,,ERROR,,no stage-01 json for group 'thlarge': /home/karina/1cbh_clear/01_rfd3_symmetry_generation/json/15082026_16k_production_4_seeds_4_sizes/thlarge.json
thl002207,15082026_16k_production_4_seeds_4_sizes,2026-09-10T17:20:57+00:00,,,0,0,7,,,,,,ERROR,,no stage-01 json for group 'thlarge': /home/karina/1cbh_clear/01_rfd3_symmetry_generation/json/15082026_16k_production_4_seeds_4_sizes/thlarge.json
thl002209,15082026_16k_production_4_seeds_4_sizes,2026-09-10T17:20:57+00:00,,,0,0,7,,,,,,ERROR,,no stage-01 json for group 'thlarge': /home/karina/1cbh_clear/01_rfd3_symmetry_generation/json/15082026_16k_production_4_seeds_4_sizes/thlarge.json
thl002252,15082026_16k_production_4_seeds_4_sizes,2026-09-10T17:20:57+00:00,,,0,0,7,,,,,,ERROR,,no stage-01 json for group 'thlarge': /home/karina/1cbh_clear/01_rfd3_symmetry_generation/json/15082026_16k_production_4_seeds_4_sizes/thlarge.json
thl002305,15082026_16k_production_4_seeds_4_sizes,2026-09-10T17:20:57+00:00,,,0,0,7,,,,,,ERROR,,no stage-01 json for group 'thlarge': /home/karina/1cbh_clear/01_rfd3_symmetry_generation/json/15082026_16k_production_4_seeds_4_sizes/thlarge.json
thl002310,15082026_16k_production_4_seeds_4_sizes,2026-09-10T17:20:57+00:00,,,0,0,7,,,,,,ERROR,,no stage-01 json for group 'thlarge': /home/karina/1cbh_clear/01_rfd3_symmetry_generation/json/15082026_16k_production_4_seeds_4_sizes/thlarge.json
thl002325,15082026_16k_production_4_seeds_4_sizes,2026-09-10T17:20:57+00:00,,,0,0,7,,,,,,ERROR,,no stage-01 json for group 'thlarge': /home/karina/1cbh_clear/01_rfd3_symmetry_generation/json/15082026_16k_production_4_seeds_4_sizes/thlarge.json
thl002332,15082026_16k_production_4_seeds_4_sizes,2026-09-10T17:20:57+00:00,,,0,0,7,,,,,,ERROR,,no stage-01 json for group 'thlarge': /home/karina/1cbh_clear/01_rfd3_symmetry_generation/json/15082026_16k_production_4_seeds_4_sizes/thlarge.json
thl002391,15082026_16k_production_4_seeds_4_sizes,2026-09-10T17:20:57+00:00,,,0,0,7,,,,,,ERROR,,no stage-01 json for group 'thlarge': /home/karina/1cbh_clear/01_rfd3_symmetry_generation/json/15082026_16k_production_4_seeds_4_sizes/thlarge.json
thl002445,15082026_16k_production_4_seeds_4_sizes,2026-09-10T17:20:57+00:00,,,0,0,7,,,,,,ERROR,,no stage-01 json for group 'thlarge': /home/karina/1cbh_clear/01_rfd3_symmetry_generation/json/15082026_16k_production_4_seeds_4_sizes/thlarge.json
thl002478,15082026_16k_production_4_seeds_4_sizes,2026-09-10T17:20:57+00:00,,,0,0,7,,,,,,ERROR,,no stage-01 json for group 'thlarge': /home/karina/1cbh_clear/01_rfd3_symmetry_generation/json/15082026_16k_production_4_seeds_4_sizes/thlarge.json
thl002484,15082026_16k_production_4_seeds_4_sizes,2026-09-10T17:20:57+00:00,,,0,0,7,,,,,,ERROR,,no stage-01 json for group 'thlarge': /home/karina/1cbh_clear/01_rfd3_symmetry_generation/json/15082026_16k_production_4_seeds_4_sizes/thlarge.json
thl002504,15082026_16k_production_4_seeds_4_sizes,2026-09-10T17:20:57+00:00,,,0,0,7,,,,,,ERROR,,no stage-01 json for group 'thlarge': /home/karina/1cbh_clear/01_rfd3_symmetry_generation/json/15082026_16k_production_4_seeds_4_sizes/thlarge.json
thl002548,15082026_16k_production_4_seeds_4_sizes,2026-09-10T17:20:57+00:00,,,0,0,7,,,,,,ERROR,,no stage-01 json for group 'thlarge': /home/karina/1cbh_clear/01_rfd3_symmetry_generation/json/15082026_16k_production_4_seeds_4_sizes/thlarge.json
thl002551,15082026_16k_production_4_seeds_4_sizes,2026-09-10T17:20:57+00:00,,,0,0,7,,,,,,ERROR,,no stage-01 json for group 'thlarge': /home/karina/1cbh_clear/01_rfd3_symmetry_generation/json/15082026_16k_production_4_seeds_4_sizes/thlarge.json
thl002607,15082026_16k_production_4_seeds_4_sizes,2026-09-10T17:20:57+00:00,,,0,0,7,,,,,,ERROR,,no stage-01 json for group 'thlarge': /home/karina/1cbh_clear/01_rfd3_symmetry_generation/json/15082026_16k_production_4_seeds_4_sizes/thlarge.json
thl002609,15082026_16k_production_4_seeds_4_sizes,2026-09-10T17:20:57+00:00,,,0,0,7,,,,,,ERROR,,no stage-01 json for group 'thlarge': /home/karina/1cbh_clear/01_rfd3_symmetry_generation/json/15082026_16k_production_4_seeds_4_sizes/thlarge.json
thl002665,15082026_16k_production_4_seeds_4_sizes,2026-09-10T17:20:57+00:00,,,0,0,7,,,,,,ERROR,,no stage-01 json for group 'thlarge': /home/karina/1cbh_clear/01_rfd3_symmetry_generation/json/15082026_16k_production_4_seeds_4_sizes/thlarge.json
thl002722,15082026_16k_production_4_seeds_4_sizes,2026-09-10T17:20:57+00:00,,,0,0,7,,,,,,ERROR,,no stage-01 json for group 'thlarge': /home/karina/1cbh_clear/01_rfd3_symmetry_generation/json/15082026_16k_production_4_seeds_4_sizes/thlarge.json
thl002788,15082026_16k_production_4_seeds_4_sizes,2026-09-10T17:20:57+00:00,,,0,0,7,,,,,,ERROR,,no stage-01 json for group 'thlarge': /home/karina/1cbh_clear/01_rfd3_symmetry_generation/json/15082026_16k_production_4_seeds_4_sizes/thlarge.json
thl002860,15082026_16k_production_4_seeds_4_sizes,2026-09-10T17:20:57+00:00,,,0,0,7,,,,,,ERROR,,no stage-01 json for group 'thlarge': /home/karina/1cbh_clear/01_rfd3_symmetry_generation/json/15082026_16k_production_4_seeds_4_sizes/thlarge.json
thl002862,15082026_16k_production_4_seeds_4_sizes,2026-09-10T17:20:57+00:00,,,0,0,7,,,,,,ERROR,,no stage-01 json for group 'thlarge': /home/karina/1cbh_clear/01_rfd3_symmetry_generation/json/15082026_16k_production_4_seeds_4_sizes/thlarge.json
thm001010,15082026_16k_production_4_seeds_4_sizes,2026-09-10T17:20:58+00:00,,,0,0,7,,,,,,ERROR,,no stage-01 json for group 'thmedium': /home/karina/1cbh_clear/01_rfd3_symmetry_generation/json/15082026_16k_production_4_seeds_4_sizes/thmedium.json
thm001031,15082026_16k_production_4_seeds_4_sizes,2026-09-10T17:20:58+00:00,,,0,0,7,,,,,,ERROR,,no stage-01 json for group 'thmedium': /home/karina/1cbh_clear/01_rfd3_symmetry_generation/json/15082026_16k_production_4_seeds_4_sizes/thmedium.json
thm001038,15082026_16k_production_4_seeds_4_sizes,2026-09-10T17:20:58+00:00,,,0,0,7,,,,,,ERROR,,no stage-01 json for group 'thmedium': /home/karina/1cbh_clear/01_rfd3_symmetry_generation/json/15082026_16k_production_4_seeds_4_sizes/thmedium.json
thm001046,15082026_16k_production_4_seeds_4_sizes,2026-09-10T17:20:58+00:00,,,0,0,7,,,,,,ERROR,,no stage-01 json for group 'thmedium': /home/karina/1cbh_clear/01_rfd3_symmetry_generation/json/15082026_16k_production_4_seeds_4_sizes/thmedium.json
thm001047,15082026_16k_production_4_seeds_4_sizes,2026-09-10T17:20:58+00:00,,,0,0,7,,,,,,ERROR,,no stage-01 json for group 'thmedium': /home/karina/1cbh_clear/01_rfd3_symmetry_generation/json/15082026_16k_production_4_seeds_4_sizes/thmedium.json
thm001050,15082026_16k_production_4_seeds_4_sizes,2026-09-10T17:20:58+00:00,,,0,0,7,,,,,,ERROR,,no stage-01 json for group 'thmedium': /home/karina/1cbh_clear/01_rfd3_symmetry_generation/json/15082026_16k_production_4_seeds_4_sizes/thmedium.json
thm001065,15082026_16k_production_4_seeds_4_sizes,2026-09-10T17:20:58+00:00,,,0,0,7,,,,,,ERROR,,no stage-01 json for group 'thmedium': /home/karina/1cbh_clear/01_rfd3_symmetry_generation/json/15082026_16k_production_4_seeds_4_sizes/thmedium.json
thm001080,15082026_16k_production_4_seeds_4_sizes,2026-09-10T17:20:58+00:00,,,0,0,7,,,,,,ERROR,,no stage-01 json for group 'thmedium': /home/karina/1cbh_clear/01_rfd3_symmetry_generation/json/15082026_16k_production_4_seeds_4_sizes/thmedium.json
thm001106,15082026_16k_production_4_seeds_4_sizes,2026-09-10T17:20:58+00:00,,,0,0,7,,,,,,ERROR,,no stage-01 json for group 'thmedium': /home/karina/1cbh_clear/01_rfd3_symmetry_generation/json/15082026_16k_production_4_seeds_4_sizes/thmedium.json
thm001119,15082026_16k_production_4_seeds_4_sizes,2026-09-10T17:20:58+00:00,,,0,0,7,,,,,,ERROR,,no stage-01 json for group 'thmedium': /home/karina/1cbh_clear/01_rfd3_symmetry_generation/json/15082026_16k_production_4_seeds_4_sizes/thmedium.json
thm001129,15082026_16k_production_4_seeds_4_sizes,2026-09-10T17:20:58+00:00,,,0,0,7,,,,,,ERROR,,no stage-01 json for group 'thmedium': /home/karina/1cbh_clear/01_rfd3_symmetry_generation/json/15082026_16k_production_4_seeds_4_sizes/thmedium.json
thm001131,15082026_16k_production_4_seeds_4_sizes,2026-09-10T17:20:58+00:00,,,0,0,7,,,,,,ERROR,,no stage-01 json for group 'thmedium': /home/karina/1cbh_clear/01_rfd3_symmetry_generation/json/15082026_16k_production_4_seeds_4_sizes/thmedium.json
thm001139,15082026_16k_production_4_seeds_4_sizes,2026-09-10T17:20:58+00:00,,,0,0,7,,,,,,ERROR,,no stage-01 json for group 'thmedium': /home/karina/1cbh_clear/01_rfd3_symmetry_generation/json/15082026_16k_production_4_seeds_4_sizes/thmedium.json
thm001145,15082026_16k_production_4_seeds_4_sizes,2026-09-10T17:20:58+00:00,,,0,0,7,,,,,,ERROR,,no stage-01 json for group 'thmedium': /home/karina/1cbh_clear/01_rfd3_symmetry_generation/json/15082026_16k_production_4_seeds_4_sizes/thmedium.json
thm001146,15082026_16k_production_4_seeds_4_sizes,2026-09-10T17:20:58+00:00,,,0,0,7,,,,,,ERROR,,no stage-01 json for group 'thmedium': /home/karina/1cbh_clear/01_rfd3_symmetry_generation/json/15082026_16k_production_4_seeds_4_sizes/thmedium.json
thm001164,15082026_16k_production_4_seeds_4_sizes,2026-09-10T17:20:58+00:00,,,0,0,7,,,,,,ERROR,,no stage-01 json for group 'thmedium': /home/karina/1cbh_clear/01_rfd3_symmetry_generation/json/15082026_16k_production_4_seeds_4_sizes/thmedium.json
thm001169,15082026_16k_production_4_seeds_4_sizes,2026-09-10T17:20:58+00:00,,,0,0,7,,,,,,ERROR,,no stage-01 json for group 'thmedium': /home/karina/1cbh_clear/01_rfd3_symmetry_generation/json/15082026_16k_production_4_seeds_4_sizes/thmedium.json
thm001188,15082026_16k_production_4_seeds_4_sizes,2026-09-10T17:20:58+00:00,,,0,0,7,,,,,,ERROR,,no stage-01 json for group 'thmedium': /home/karina/1cbh_clear/01_rfd3_symmetry_generation/json/15082026_16k_production_4_seeds_4_sizes/thmedium.json
thm001191,15082026_16k_production_4_seeds_4_sizes,2026-09-10T17:20:58+00:00,,,0,0,7,,,,,,ERROR,,no stage-01 json for group 'thmedium': /home/karina/1cbh_clear/01_rfd3_symmetry_generation/json/15082026_16k_production_4_seeds_4_sizes/thmedium.json
thm001198,15082026_16k_production_4_seeds_4_sizes,2026-09-10T17:20:58+00:00,,,0,0,7,,,,,,ERROR,,no stage-01 json for group 'thmedium': /home/karina/1cbh_clear/01_rfd3_symmetry_generation/json/15082026_16k_production_4_seeds_4_sizes/thmedium.json
thm001225,15082026_16k_production_4_seeds_4_sizes,2026-09-10T17:20:58+00:00,,,0,0,7,,,,,,ERROR,,no stage-01 json for group 'thmedium': /home/karina/1cbh_clear/01_rfd3_symmetry_generation/json/15082026_16k_production_4_seeds_4_sizes/thmedium.json
thm001247,15082026_16k_production_4_seeds_4_sizes,2026-09-10T17:20:58+00:00,,,0,0,7,,,,,,ERROR,,no stage-01 json for group 'thmedium': /home/karina/1cbh_clear/01_rfd3_symmetry_generation/json/15082026_16k_production_4_seeds_4_sizes/thmedium.json
thm001269,15082026_16k_production_4_seeds_4_sizes,2026-09-10T17:20:58+00:00,,,0,0,7,,,,,,ERROR,,no stage-01 json for group 'thmedium': /home/karina/1cbh_clear/01_rfd3_symmetry_generation/json/15082026_16k_production_4_seeds_4_sizes/thmedium.json
thm001293,15082026_16k_production_4_seeds_4_sizes,2026-09-10T17:20:58+00:00,,,0,0,7,,,,,,ERROR,,no stage-01 json for group 'thmedium': /home/karina/1cbh_clear/01_rfd3_symmetry_generation/json/15082026_16k_production_4_seeds_4_sizes/thmedium.json
thm001311,15082026_16k_production_4_seeds_4_sizes,2026-09-10T17:20:58+00:00,,,0,0,7,,,,,,ERROR,,no stage-01 json for group 'thmedium': /home/karina/1cbh_clear/01_rfd3_symmetry_generation/json/15082026_16k_production_4_seeds_4_sizes/thmedium.json
thm001315,15082026_16k_production_4_seeds_4_sizes,2026-09-10T17:20:58+00:00,,,0,0,7,,,,,,ERROR,,no stage-01 json for group 'thmedium': /home/karina/1cbh_clear/01_rfd3_symmetry_generation/json/15082026_16k_production_4_seeds_4_sizes/thmedium.json
thm001317,15082026_16k_production_4_seeds_4_sizes,2026-09-10T17:20:58+00:00,,,0,0,7,,,,,,ERROR,,no stage-01 json for group 'thmedium': /home/karina/1cbh_clear/01_rfd3_symmetry_generation/json/15082026_16k_production_4_seeds_4_sizes/thmedium.json
thm001340,15082026_16k_production_4_seeds_4_sizes,2026-09-10T17:20:58+00:00,,,0,0,7,,,,,,ERROR,,no stage-01 json for group 'thmedium': /home/karina/1cbh_clear/01_rfd3_symmetry_generation/json/15082026_16k_production_4_seeds_4_sizes/thmedium.json
thm001341,15082026_16k_production_4_seeds_4_sizes,2026-09-10T17:20:58+00:00,,,0,0,7,,,,,,ERROR,,no stage-01 json for group 'thmedium': /home/karina/1cbh_clear/01_rfd3_symmetry_generation/json/15082026_16k_production_4_seeds_4_sizes/thmedium.json
thm001343,15082026_16k_production_4_seeds_4_sizes,2026-09-10T17:20:58+00:00,,,0,0,7,,,,,,ERROR,,no stage-01 json for group 'thmedium': /home/karina/1cbh_clear/01_rfd3_symmetry_generation/json/15082026_16k_production_4_seeds_4_sizes/thmedium.json
thm001352,15082026_16k_production_4_seeds_4_sizes,2026-09-10T17:20:58+00:00,,,0,0,7,,,,,,ERROR,,no stage-01 json for group 'thmedium': /home/karina/1cbh_clear/01_rfd3_symmetry_generation/json/15082026_16k_production_4_seeds_4_sizes/thmedium.json
thm001369,15082026_16k_production_4_seeds_4_sizes,2026-09-10T17:20:58+00:00,,,0,0,7,,,,,,ERROR,,no stage-01 json for group 'thmedium': /home/karina/1cbh_clear/01_rfd3_symmetry_generation/json/15082026_16k_production_4_seeds_4_sizes/thmedium.json
thm001380,15082026_16k_production_4_seeds_4_sizes,2026-09-10T17:20:58+00:00,,,0,0,7,,,,,,ERROR,,no stage-01 json for group 'thmedium': /home/karina/1cbh_clear/01_rfd3_symmetry_generation/json/15082026_16k_production_4_seeds_4_sizes/thmedium.json
thm001384,15082026_16k_production_4_seeds_4_sizes,2026-09-10T17:20:58+00:00,,,0,0,7,,,,,,ERROR,,no stage-01 json for group 'thmedium': /home/karina/1cbh_clear/01_rfd3_symmetry_generation/json/15082026_16k_production_4_seeds_4_sizes/thmedium.json
thm001391,15082026_16k_production_4_seeds_4_sizes,2026-09-10T17:20:58+00:00,,,0,0,7,,,,,,ERROR,,no stage-01 json for group 'thmedium': /home/karina/1cbh_clear/01_rfd3_symmetry_generation/json/15082026_16k_production_4_seeds_4_sizes/thmedium.json
thm001399,15082026_16k_production_4_seeds_4_sizes,2026-09-10T17:20:58+00:00,,,0,0,7,,,,,,ERROR,,no stage-01 json for group 'thmedium': /home/karina/1cbh_clear/01_rfd3_symmetry_generation/json/15082026_16k_production_4_seeds_4_sizes/thmedium.json
thm001402,15082026_16k_production_4_seeds_4_sizes,2026-09-10T17:20:58+00:00,,,0,0,7,,,,,,ERROR,,no stage-01 json for group 'thmedium': /home/karina/1cbh_clear/01_rfd3_symmetry_generation/json/15082026_16k_production_4_seeds_4_sizes/thmedium.json
thm001412,15082026_16k_production_4_seeds_4_sizes,2026-09-10T17:20:58+00:00,,,0,0,7,,,,,,ERROR,,no stage-01 json for group 'thmedium': /home/karina/1cbh_clear/01_rfd3_symmetry_generation/json/15082026_16k_production_4_seeds_4_sizes/thmedium.json
thm001436,15082026_16k_production_4_seeds_4_sizes,2026-09-10T17:20:58+00:00,,,0,0,7,,,,,,ERROR,,no stage-01 json for group 'thmedium': /home/karina/1cbh_clear/01_rfd3_symmetry_generation/json/15082026_16k_production_4_seeds_4_sizes/thmedium.json
thm001448,15082026_16k_production_4_seeds_4_sizes,2026-09-10T17:20:58+00:00,,,0,0,7,,,,,,ERROR,,no stage-01 json for group 'thmedium': /home/karina/1cbh_clear/01_rfd3_symmetry_generation/json/15082026_16k_production_4_seeds_4_sizes/thmedium.json
thm001454,15082026_16k_production_4_seeds_4_sizes,2026-09-10T17:20:58+00:00,,,0,0,7,,,,,,ERROR,,no stage-01 json for group 'thmedium': /home/karina/1cbh_clear/01_rfd3_symmetry_generation/json/15082026_16k_production_4_seeds_4_sizes/thmedium.json
thm001475,15082026_16k_production_4_seeds_4_sizes,2026-09-10T17:20:58+00:00,,,0,0,7,,,,,,ERROR,,no stage-01 json for group 'thmedium': /home/karina/1cbh_clear/01_rfd3_symmetry_generation/json/15082026_16k_production_4_seeds_4_sizes/thmedium.json
thm001588,15082026_16k_production_4_seeds_4_sizes,2026-09-10T17:20:58+00:00,,,0,0,7,,,,,,ERROR,,no stage-01 json for group 'thmedium': /home/karina/1cbh_clear/01_rfd3_symmetry_generation/json/15082026_16k_production_4_seeds_4_sizes/thmedium.json
thm001589,15082026_16k_production_4_seeds_4_sizes,2026-09-10T17:20:58+00:00,,,0,0,7,,,,,,ERROR,,no stage-01 json for group 'thmedium': /home/karina/1cbh_clear/01_rfd3_symmetry_generation/json/15082026_16k_production_4_seeds_4_sizes/thmedium.json
thm001607,15082026_16k_production_4_seeds_4_sizes,2026-09-10T17:20:58+00:00,,,0,0,7,,,,,,ERROR,,no stage-01 json for group 'thmedium': /home/karina/1cbh_clear/01_rfd3_symmetry_generation/json/15082026_16k_production_4_seeds_4_sizes/thmedium.json
thm001645,15082026_16k_production_4_seeds_4_sizes,2026-09-10T17:20:58+00:00,,,0,0,7,,,,,,ERROR,,no stage-01 json for group 'thmedium': /home/karina/1cbh_clear/01_rfd3_symmetry_generation/json/15082026_16k_production_4_seeds_4_sizes/thmedium.json
thm001663,15082026_16k_production_4_seeds_4_sizes,2026-09-10T17:20:58+00:00,,,0,0,7,,,,,,ERROR,,no stage-01 json for group 'thmedium': /home/karina/1cbh_clear/01_rfd3_symmetry_generation/json/15082026_16k_production_4_seeds_4_sizes/thmedium.json
thm001676,15082026_16k_production_4_seeds_4_sizes,2026-09-10T17:20:58+00:00,,,0,0,7,,,,,,ERROR,,no stage-01 json for group 'thmedium': /home/karina/1cbh_clear/01_rfd3_symmetry_generation/json/15082026_16k_production_4_seeds_4_sizes/thmedium.json
thm001694,15082026_16k_production_4_seeds_4_sizes,2026-09-10T17:20:58+00:00,,,0,0,7,,,,,,ERROR,,no stage-01 json for group 'thmedium': /home/karina/1cbh_clear/01_rfd3_symmetry_generation/json/15082026_16k_production_4_seeds_4_sizes/thmedium.json
thm001699,15082026_16k_production_4_seeds_4_sizes,2026-09-10T17:20:58+00:00,,,0,0,7,,,,,,ERROR,,no stage-01 json for group 'thmedium': /home/karina/1cbh_clear/01_rfd3_symmetry_generation/json/15082026_16k_production_4_seeds_4_sizes/thmedium.json
thm001704,15082026_16k_production_4_seeds_4_sizes,2026-09-10T17:20:58+00:00,,,0,0,7,,,,,,ERROR,,no stage-01 json for group 'thmedium': /home/karina/1cbh_clear/01_rfd3_symmetry_generation/json/15082026_16k_production_4_seeds_4_sizes/thmedium.json
thm001716,15082026_16k_production_4_seeds_4_sizes,2026-09-10T17:20:58+00:00,,,0,0,7,,,,,,ERROR,,no stage-01 json for group 'thmedium': /home/karina/1cbh_clear/01_rfd3_symmetry_generation/json/15082026_16k_production_4_seeds_4_sizes/thmedium.json
thm001736,15082026_16k_production_4_seeds_4_sizes,2026-09-10T17:20:58+00:00,,,0,0,7,,,,,,ERROR,,no stage-01 json for group 'thmedium': /home/karina/1cbh_clear/01_rfd3_symmetry_generation/json/15082026_16k_production_4_seeds_4_sizes/thmedium.json
thm001742,15082026_16k_production_4_seeds_4_sizes,2026-09-10T17:20:58+00:00,,,0,0,7,,,,,,ERROR,,no stage-01 json for group 'thmedium': /home/karina/1cbh_clear/01_rfd3_symmetry_generation/json/15082026_16k_production_4_seeds_4_sizes/thmedium.json
thm001744,15082026_16k_production_4_seeds_4_sizes,2026-09-10T17:20:58+00:00,,,0,0,7,,,,,,ERROR,,no stage-01 json for group 'thmedium': /home/karina/1cbh_clear/01_rfd3_symmetry_generation/json/15082026_16k_production_4_seeds_4_sizes/thmedium.json
thm001796,15082026_16k_production_4_seeds_4_sizes,2026-09-10T17:20:58+00:00,,,0,0,7,,,,,,ERROR,,no stage-01 json for group 'thmedium': /home/karina/1cbh_clear/01_rfd3_symmetry_generation/json/15082026_16k_production_4_seeds_4_sizes/thmedium.json
thm001814,15082026_16k_production_4_seeds_4_sizes,2026-09-10T17:20:58+00:00,,,0,0,7,,,,,,ERROR,,no stage-01 json for group 'thmedium': /home/karina/1cbh_clear/01_rfd3_symmetry_generation/json/15082026_16k_production_4_seeds_4_sizes/thmedium.json
thm001827,15082026_16k_production_4_seeds_4_sizes,2026-09-10T17:20:58+00:00,,,0,0,7,,,,,,ERROR,,no stage-01 json for group 'thmedium': /home/karina/1cbh_clear/01_rfd3_symmetry_generation/json/15082026_16k_production_4_seeds_4_sizes/thmedium.json
thm001828,15082026_16k_production_4_seeds_4_sizes,2026-09-10T17:20:58+00:00,,,0,0,7,,,,,,ERROR,,no stage-01 json for group 'thmedium': /home/karina/1cbh_clear/01_rfd3_symmetry_generation/json/15082026_16k_production_4_seeds_4_sizes/thmedium.json
thm001846,15082026_16k_production_4_seeds_4_sizes,2026-09-10T17:20:58+00:00,,,0,0,7,,,,,,ERROR,,no stage-01 json for group 'thmedium': /home/karina/1cbh_clear/01_rfd3_symmetry_generation/json/15082026_16k_production_4_seeds_4_sizes/thmedium.json
thm001847,15082026_16k_production_4_seeds_4_sizes,2026-09-10T17:20:58+00:00,,,0,0,7,,,,,,ERROR,,no stage-01 json for group 'thmedium': /home/karina/1cbh_clear/01_rfd3_symmetry_generation/json/15082026_16k_production_4_seeds_4_sizes/thmedium.json
thm001853,15082026_16k_production_4_seeds_4_sizes,2026-09-10T17:20:58+00:00,,,0,0,7,,,,,,ERROR,,no stage-01 json for group 'thmedium': /home/karina/1cbh_clear/01_rfd3_symmetry_generation/json/15082026_16k_production_4_seeds_4_sizes/thmedium.json
thm001861,15082026_16k_production_4_seeds_4_sizes,2026-09-10T17:20:58+00:00,,,0,0,7,,,,,,ERROR,,no stage-01 json for group 'thmedium': /home/karina/1cbh_clear/01_rfd3_symmetry_generation/json/15082026_16k_production_4_seeds_4_sizes/thmedium.json
thm001880,15082026_16k_production_4_seeds_4_sizes,2026-09-10T17:20:58+00:00,,,0,0,7,,,,,,ERROR,,no stage-01 json for group 'thmedium': /home/karina/1cbh_clear/01_rfd3_symmetry_generation/json/15082026_16k_production_4_seeds_4_sizes/thmedium.json
thm001898,15082026_16k_production_4_seeds_4_sizes,2026-09-10T17:20:58+00:00,,,0,0,7,,,,,,ERROR,,no stage-01 json for group 'thmedium': /home/karina/1cbh_clear/01_rfd3_symmetry_generation/json/15082026_16k_production_4_seeds_4_sizes/thmedium.json
thm001930,15082026_16k_production_4_seeds_4_sizes,2026-09-10T17:20:58+00:00,,,0,0,7,,,,,,ERROR,,no stage-01 json for group 'thmedium': /home/karina/1cbh_clear/01_rfd3_symmetry_generation/json/15082026_16k_production_4_seeds_4_sizes/thmedium.json
thm001933,15082026_16k_production_4_seeds_4_sizes,2026-09-10T17:20:58+00:00,,,0,0,7,,,,,,ERROR,,no stage-01 json for group 'thmedium': /home/karina/1cbh_clear/01_rfd3_symmetry_generation/json/15082026_16k_production_4_seeds_4_sizes/thmedium.json
thm001940,15082026_16k_production_4_seeds_4_sizes,2026-09-10T17:20:58+00:00,,,0,0,7,,,,,,ERROR,,no stage-01 json for group 'thmedium': /home/karina/1cbh_clear/01_rfd3_symmetry_generation/json/15082026_16k_production_4_seeds_4_sizes/thmedium.json
thm001950,15082026_16k_production_4_seeds_4_sizes,2026-09-10T17:20:58+00:00,,,0,0,7,,,,,,ERROR,,no stage-01 json for group 'thmedium': /home/karina/1cbh_clear/01_rfd3_symmetry_generation/json/15082026_16k_production_4_seeds_4_sizes/thmedium.json
thm001963,15082026_16k_production_4_seeds_4_sizes,2026-09-10T17:20:58+00:00,,,0,0,7,,,,,,ERROR,,no stage-01 json for group 'thmedium': /home/karina/1cbh_clear/01_rfd3_symmetry_generation/json/15082026_16k_production_4_seeds_4_sizes/thmedium.json
thm001964,15082026_16k_production_4_seeds_4_sizes,2026-09-10T17:20:58+00:00,,,0,0,7,,,,,,ERROR,,no stage-01 json for group 'thmedium': /home/karina/1cbh_clear/01_rfd3_symmetry_generation/json/15082026_16k_production_4_seeds_4_sizes/thmedium.json
thm001966,15082026_16k_production_4_seeds_4_sizes,2026-09-10T17:20:58+00:00,,,0,0,7,,,,,,ERROR,,no stage-01 json for group 'thmedium': /home/karina/1cbh_clear/01_rfd3_symmetry_generation/json/15082026_16k_production_4_seeds_4_sizes/thmedium.json
thm001969,15082026_16k_production_4_seeds_4_sizes,2026-09-10T17:20:58+00:00,,,0,0,7,,,,,,ERROR,,no stage-01 json for group 'thmedium': /home/karina/1cbh_clear/01_rfd3_symmetry_generation/json/15082026_16k_production_4_seeds_4_sizes/thmedium.json
thm001972,15082026_16k_production_4_seeds_4_sizes,2026-09-10T17:20:58+00:00,,,0,0,7,,,,,,ERROR,,no stage-01 json for group 'thmedium': /home/karina/1cbh_clear/01_rfd3_symmetry_generation/json/15082026_16k_production_4_seeds_4_sizes/thmedium.json
thm001975,15082026_16k_production_4_seeds_4_sizes,2026-09-10T17:20:58+00:00,,,0,0,7,,,,,,ERROR,,no stage-01 json for group 'thmedium': /home/karina/1cbh_clear/01_rfd3_symmetry_generation/json/15082026_16k_production_4_seeds_4_sizes/thmedium.json
thm001978,15082026_16k_production_4_seeds_4_sizes,2026-09-10T17:20:58+00:00,,,0,0,7,,,,,,ERROR,,no stage-01 json for group 'thmedium': /home/karina/1cbh_clear/01_rfd3_symmetry_generation/json/15082026_16k_production_4_seeds_4_sizes/thmedium.json
thm001979,15082026_16k_production_4_seeds_4_sizes,2026-09-10T17:20:58+00:00,,,0,0,7,,,,,,ERROR,,no stage-01 json for group 'thmedium': /home/karina/1cbh_clear/01_rfd3_symmetry_generation/json/15082026_16k_production_4_seeds_4_sizes/thmedium.json
thm001984,15082026_16k_production_4_seeds_4_sizes,2026-09-10T17:20:58+00:00,,,0,0,7,,,,,,ERROR,,no stage-01 json for group 'thmedium': /home/karina/1cbh_clear/01_rfd3_symmetry_generation/json/15082026_16k_production_4_seeds_4_sizes/thmedium.json
thm001987,15082026_16k_production_4_seeds_4_sizes,2026-09-10T17:20:58+00:00,,,0,0,7,,,,,,ERROR,,no stage-01 json for group 'thmedium': /home/karina/1cbh_clear/01_rfd3_symmetry_generation/json/15082026_16k_production_4_seeds_4_sizes/thmedium.json
thm001994,15082026_16k_production_4_seeds_4_sizes,2026-09-10T17:20:58+00:00,,,0,0,7,,,,,,ERROR,,no stage-01 json for group 'thmedium': /home/karina/1cbh_clear/01_rfd3_symmetry_generation/json/15082026_16k_production_4_seeds_4_sizes/thmedium.json
thm002000,15082026_16k_production_4_seeds_4_sizes,2026-09-10T17:20:58+00:00,,,0,0,7,,,,,,ERROR,,no stage-01 json for group 'thmedium': /home/karina/1cbh_clear/01_rfd3_symmetry_generation/json/15082026_16k_production_4_seeds_4_sizes/thmedium.json
ths000001,15082026_16k_production_4_seeds_4_sizes,2026-09-10T17:20:58+00:00,,,0,0,7,,,,,,ERROR,,no stage-01 json for group 'thsmall': /home/karina/1cbh_clear/01_rfd3_symmetry_generation/json/15082026_16k_production_4_seeds_4_sizes/thsmall.json
ths000006,15082026_16k_production_4_seeds_4_sizes,2026-09-10T17:20:58+00:00,,,0,0,7,,,,,,ERROR,,no stage-01 json for group 'thsmall': /home/karina/1cbh_clear/01_rfd3_symmetry_generation/json/15082026_16k_production_4_seeds_4_sizes/thsmall.json
ths000020,15082026_16k_production_4_seeds_4_sizes,2026-09-10T17:20:58+00:00,,,0,0,7,,,,,,ERROR,,no stage-01 json for group 'thsmall': /home/karina/1cbh_clear/01_rfd3_symmetry_generation/json/15082026_16k_production_4_seeds_4_sizes/thsmall.json
ths000030,15082026_16k_production_4_seeds_4_sizes,2026-09-10T17:20:58+00:00,,,0,0,7,,,,,,ERROR,,no stage-01 json for group 'thsmall': /home/karina/1cbh_clear/01_rfd3_symmetry_generation/json/15082026_16k_production_4_seeds_4_sizes/thsmall.json
ths000053,15082026_16k_production_4_seeds_4_sizes,2026-09-10T17:20:58+00:00,,,0,0,7,,,,,,ERROR,,no stage-01 json for group 'thsmall': /home/karina/1cbh_clear/01_rfd3_symmetry_generation/json/15082026_16k_production_4_seeds_4_sizes/thsmall.json
ths000059,15082026_16k_production_4_seeds_4_sizes,2026-09-10T17:20:58+00:00,,,0,0,7,,,,,,ERROR,,no stage-01 json for group 'thsmall': /home/karina/1cbh_clear/01_rfd3_symmetry_generation/json/15082026_16k_production_4_seeds_4_sizes/thsmall.json
ths000071,15082026_16k_production_4_seeds_4_sizes,2026-09-10T17:20:58+00:00,,,0,0,7,,,,,,ERROR,,no stage-01 json for group 'thsmall': /home/karina/1cbh_clear/01_rfd3_symmetry_generation/json/15082026_16k_production_4_seeds_4_sizes/thsmall.json
ths000075,15082026_16k_production_4_seeds_4_sizes,2026-09-10T17:20:58+00:00,,,0,0,7,,,,,,ERROR,,no stage-01 json for group 'thsmall': /home/karina/1cbh_clear/01_rfd3_symmetry_generation/json/15082026_16k_production_4_seeds_4_sizes/thsmall.json
ths000093,15082026_16k_production_4_seeds_4_sizes,2026-09-10T17:20:58+00:00,,,0,0,7,,,,,,ERROR,,no stage-01 json for group 'thsmall': /home/karina/1cbh_clear/01_rfd3_symmetry_generation/json/15082026_16k_production_4_seeds_4_sizes/thsmall.json
ths000096,15082026_16k_production_4_seeds_4_sizes,2026-09-10T17:20:58+00:00,,,0,0,7,,,,,,ERROR,,no stage-01 json for group 'thsmall': /home/karina/1cbh_clear/01_rfd3_symmetry_generation/json/15082026_16k_production_4_seeds_4_sizes/thsmall.json
ths000109,15082026_16k_production_4_seeds_4_sizes,2026-09-10T17:20:58+00:00,,,0,0,7,,,,,,ERROR,,no stage-01 json for group 'thsmall': /home/karina/1cbh_clear/01_rfd3_symmetry_generation/json/15082026_16k_production_4_seeds_4_sizes/thsmall.json
ths000111,15082026_16k_production_4_seeds_4_sizes,2026-09-10T17:20:58+00:00,,,0,0,7,,,,,,ERROR,,no stage-01 json for group 'thsmall': /home/karina/1cbh_clear/01_rfd3_symmetry_generation/json/15082026_16k_production_4_seeds_4_sizes/thsmall.json
ths000123,15082026_16k_production_4_seeds_4_sizes,2026-09-10T17:20:58+00:00,,,0,0,7,,,,,,ERROR,,no stage-01 json for group 'thsmall': /home/karina/1cbh_clear/01_rfd3_symmetry_generation/json/15082026_16k_production_4_seeds_4_sizes/thsmall.json
ths000137,15082026_16k_production_4_seeds_4_sizes,2026-09-10T17:20:58+00:00,,,0,0,7,,,,,,ERROR,,no stage-01 json for group 'thsmall': /home/karina/1cbh_clear/01_rfd3_symmetry_generation/json/15082026_16k_production_4_seeds_4_sizes/thsmall.json
ths000163,15082026_16k_production_4_seeds_4_sizes,2026-09-10T17:20:58+00:00,,,0,0,7,,,,,,ERROR,,no stage-01 json for group 'thsmall': /home/karina/1cbh_clear/01_rfd3_symmetry_generation/json/15082026_16k_production_4_seeds_4_sizes/thsmall.json
ths000178,15082026_16k_production_4_seeds_4_sizes,2026-09-10T17:20:58+00:00,,,0,0,7,,,,,,ERROR,,no stage-01 json for group 'thsmall': /home/karina/1cbh_clear/01_rfd3_symmetry_generation/json/15082026_16k_production_4_seeds_4_sizes/thsmall.json
ths000187,15082026_16k_production_4_seeds_4_sizes,2026-09-10T17:20:58+00:00,,,0,0,7,,,,,,ERROR,,no stage-01 json for group 'thsmall': /home/karina/1cbh_clear/01_rfd3_symmetry_generation/json/15082026_16k_production_4_seeds_4_sizes/thsmall.json
ths000198,15082026_16k_production_4_seeds_4_sizes,2026-09-10T17:20:58+00:00,,,0,0,7,,,,,,ERROR,,no stage-01 json for group 'thsmall': /home/karina/1cbh_clear/01_rfd3_symmetry_generation/json/15082026_16k_production_4_seeds_4_sizes/thsmall.json
ths000199,15082026_16k_production_4_seeds_4_sizes,2026-09-10T17:20:58+00:00,,,0,0,7,,,,,,ERROR,,no stage-01 json for group 'thsmall': /home/karina/1cbh_clear/01_rfd3_symmetry_generation/json/15082026_16k_production_4_seeds_4_sizes/thsmall.json
ths000221,15082026_16k_production_4_seeds_4_sizes,2026-09-10T17:20:58+00:00,,,0,0,7,,,,,,ERROR,,no stage-01 json for group 'thsmall': /home/karina/1cbh_clear/01_rfd3_symmetry_generation/json/15082026_16k_production_4_seeds_4_sizes/thsmall.json
ths000231,15082026_16k_production_4_seeds_4_sizes,2026-09-10T17:20:58+00:00,,,0,0,7,,,,,,ERROR,,no stage-01 json for group 'thsmall': /home/karina/1cbh_clear/01_rfd3_symmetry_generation/json/15082026_16k_production_4_seeds_4_sizes/thsmall.json
ths000250,15082026_16k_production_4_seeds_4_sizes,2026-09-10T17:20:58+00:00,,,0,0,7,,,,,,ERROR,,no stage-01 json for group 'thsmall': /home/karina/1cbh_clear/01_rfd3_symmetry_generation/json/15082026_16k_production_4_seeds_4_sizes/thsmall.json
ths000272,15082026_16k_production_4_seeds_4_sizes,2026-09-10T17:20:58+00:00,,,0,0,7,,,,,,ERROR,,no stage-01 json for group 'thsmall': /home/karina/1cbh_clear/01_rfd3_symmetry_generation/json/15082026_16k_production_4_seeds_4_sizes/thsmall.json
ths000284,15082026_16k_production_4_seeds_4_sizes,2026-09-10T17:20:58+00:00,,,0,0,7,,,,,,ERROR,,no stage-01 json for group 'thsmall': /home/karina/1cbh_clear/01_rfd3_symmetry_generation/json/15082026_16k_production_4_seeds_4_sizes/thsmall.json
ths000296,15082026_16k_production_4_seeds_4_sizes,2026-09-10T17:20:58+00:00,,,0,0,7,,,,,,ERROR,,no stage-01 json for group 'thsmall': /home/karina/1cbh_clear/01_rfd3_symmetry_generation/json/15082026_16k_production_4_seeds_4_sizes/thsmall.json
ths000315,15082026_16k_production_4_seeds_4_sizes,2026-09-10T17:20:58+00:00,,,0,0,7,,,,,,ERROR,,no stage-01 json for group 'thsmall': /home/karina/1cbh_clear/01_rfd3_symmetry_generation/json/15082026_16k_production_4_seeds_4_sizes/thsmall.json
ths000341,15082026_16k_production_4_seeds_4_sizes,2026-09-10T17:20:58+00:00,,,0,0,7,,,,,,ERROR,,no stage-01 json for group 'thsmall': /home/karina/1cbh_clear/01_rfd3_symmetry_generation/json/15082026_16k_production_4_seeds_4_sizes/thsmall.json
ths000346,15082026_16k_production_4_seeds_4_sizes,2026-09-10T17:20:58+00:00,,,0,0,7,,,,,,ERROR,,no stage-01 json for group 'thsmall': /home/karina/1cbh_clear/01_rfd3_symmetry_generation/json/15082026_16k_production_4_seeds_4_sizes/thsmall.json
ths000347,15082026_16k_production_4_seeds_4_sizes,2026-09-10T17:20:58+00:00,,,0,0,7,,,,,,ERROR,,no stage-01 json for group 'thsmall': /home/karina/1cbh_clear/01_rfd3_symmetry_generation/json/15082026_16k_production_4_seeds_4_sizes/thsmall.json
ths000362,15082026_16k_production_4_seeds_4_sizes,2026-09-10T17:20:58+00:00,,,0,0,7,,,,,,ERROR,,no stage-01 json for group 'thsmall': /home/karina/1cbh_clear/01_rfd3_symmetry_generation/json/15082026_16k_production_4_seeds_4_sizes/thsmall.json
ths000363,15082026_16k_production_4_seeds_4_sizes,2026-09-10T17:20:58+00:00,,,0,0,7,,,,,,ERROR,,no stage-01 json for group 'thsmall': /home/karina/1cbh_clear/01_rfd3_symmetry_generation/json/15082026_16k_production_4_seeds_4_sizes/thsmall.json
ths000386,15082026_16k_production_4_seeds_4_sizes,2026-09-10T17:20:58+00:00,,,0,0,7,,,,,,ERROR,,no stage-01 json for group 'thsmall': /home/karina/1cbh_clear/01_rfd3_symmetry_generation/json/15082026_16k_production_4_seeds_4_sizes/thsmall.json
ths000395,15082026_16k_production_4_seeds_4_sizes,2026-09-10T17:20:58+00:00,,,0,0,7,,,,,,ERROR,,no stage-01 json for group 'thsmall': /home/karina/1cbh_clear/01_rfd3_symmetry_generation/json/15082026_16k_production_4_seeds_4_sizes/thsmall.json
ths000411,15082026_16k_production_4_seeds_4_sizes,2026-09-10T17:20:58+00:00,,,0,0,7,,,,,,ERROR,,no stage-01 json for group 'thsmall': /home/karina/1cbh_clear/01_rfd3_symmetry_generation/json/15082026_16k_production_4_seeds_4_sizes/thsmall.json
ths000420,15082026_16k_production_4_seeds_4_sizes,2026-09-10T17:20:58+00:00,,,0,0,7,,,,,,ERROR,,no stage-01 json for group 'thsmall': /home/karina/1cbh_clear/01_rfd3_symmetry_generation/json/15082026_16k_production_4_seeds_4_sizes/thsmall.json
ths000426,15082026_16k_production_4_seeds_4_sizes,2026-09-10T17:20:58+00:00,,,0,0,7,,,,,,ERROR,,no stage-01 json for group 'thsmall': /home/karina/1cbh_clear/01_rfd3_symmetry_generation/json/15082026_16k_production_4_seeds_4_sizes/thsmall.json
ths000441,15082026_16k_production_4_seeds_4_sizes,2026-09-10T17:20:58+00:00,,,0,0,7,,,,,,ERROR,,no stage-01 json for group 'thsmall': /home/karina/1cbh_clear/01_rfd3_symmetry_generation/json/15082026_16k_production_4_seeds_4_sizes/thsmall.json
ths000448,15082026_16k_production_4_seeds_4_sizes,2026-09-10T17:20:58+00:00,,,0,0,7,,,,,,ERROR,,no stage-01 json for group 'thsmall': /home/karina/1cbh_clear/01_rfd3_symmetry_generation/json/15082026_16k_production_4_seeds_4_sizes/thsmall.json
ths000454,15082026_16k_production_4_seeds_4_sizes,2026-09-10T17:20:58+00:00,,,0,0,7,,,,,,ERROR,,no stage-01 json for group 'thsmall': /home/karina/1cbh_clear/01_rfd3_symmetry_generation/json/15082026_16k_production_4_seeds_4_sizes/thsmall.json
ths000473,15082026_16k_production_4_seeds_4_sizes,2026-09-10T17:20:58+00:00,,,0,0,7,,,,,,ERROR,,no stage-01 json for group 'thsmall': /home/karina/1cbh_clear/01_rfd3_symmetry_generation/json/15082026_16k_production_4_seeds_4_sizes/thsmall.json
ths000488,15082026_16k_production_4_seeds_4_sizes,2026-09-10T17:20:58+00:00,,,0,0,7,,,,,,ERROR,,no stage-01 json for group 'thsmall': /home/karina/1cbh_clear/01_rfd3_symmetry_generation/json/15082026_16k_production_4_seeds_4_sizes/thsmall.json
ths000491,15082026_16k_production_4_seeds_4_sizes,2026-09-10T17:20:58+00:00,,,0,0,7,,,,,,ERROR,,no stage-01 json for group 'thsmall': /home/karina/1cbh_clear/01_rfd3_symmetry_generation/json/15082026_16k_production_4_seeds_4_sizes/thsmall.json
ths000499,15082026_16k_production_4_seeds_4_sizes,2026-09-10T17:20:58+00:00,,,0,0,7,,,,,,ERROR,,no stage-01 json for group 'thsmall': /home/karina/1cbh_clear/01_rfd3_symmetry_generation/json/15082026_16k_production_4_seeds_4_sizes/thsmall.json
ths000507,15082026_16k_production_4_seeds_4_sizes,2026-09-10T17:20:58+00:00,,,0,0,7,,,,,,ERROR,,no stage-01 json for group 'thsmall': /home/karina/1cbh_clear/01_rfd3_symmetry_generation/json/15082026_16k_production_4_seeds_4_sizes/thsmall.json
ths000510,15082026_16k_production_4_seeds_4_sizes,2026-09-10T17:20:58+00:00,,,0,0,7,,,,,,ERROR,,no stage-01 json for group 'thsmall': /home/karina/1cbh_clear/01_rfd3_symmetry_generation/json/15082026_16k_production_4_seeds_4_sizes/thsmall.json
ths000525,15082026_16k_production_4_seeds_4_sizes,2026-09-10T17:20:58+00:00,,,0,0,7,,,,,,ERROR,,no stage-01 json for group 'thsmall': /home/karina/1cbh_clear/01_rfd3_symmetry_generation/json/15082026_16k_production_4_seeds_4_sizes/thsmall.json
ths000538,15082026_16k_production_4_seeds_4_sizes,2026-09-10T17:20:58+00:00,,,0,0,7,,,,,,ERROR,,no stage-01 json for group 'thsmall': /home/karina/1cbh_clear/01_rfd3_symmetry_generation/json/15082026_16k_production_4_seeds_4_sizes/thsmall.json
ths000571,15082026_16k_production_4_seeds_4_sizes,2026-09-10T17:20:58+00:00,,,0,0,7,,,,,,ERROR,,no stage-01 json for group 'thsmall': /home/karina/1cbh_clear/01_rfd3_symmetry_generation/json/15082026_16k_production_4_seeds_4_sizes/thsmall.json
ths000576,15082026_16k_production_4_seeds_4_sizes,2026-09-10T17:20:58+00:00,,,0,0,7,,,,,,ERROR,,no stage-01 json for group 'thsmall': /home/karina/1cbh_clear/01_rfd3_symmetry_generation/json/15082026_16k_production_4_seeds_4_sizes/thsmall.json
ths000585,15082026_16k_production_4_seeds_4_sizes,2026-09-10T17:20:58+00:00,,,0,0,7,,,,,,ERROR,,no stage-01 json for group 'thsmall': /home/karina/1cbh_clear/01_rfd3_symmetry_generation/json/15082026_16k_production_4_seeds_4_sizes/thsmall.json
ths000587,15082026_16k_production_4_seeds_4_sizes,2026-09-10T17:20:58+00:00,,,0,0,7,,,,,,ERROR,,no stage-01 json for group 'thsmall': /home/karina/1cbh_clear/01_rfd3_symmetry_generation/json/15082026_16k_production_4_seeds_4_sizes/thsmall.json
ths000598,15082026_16k_production_4_seeds_4_sizes,2026-09-10T17:20:58+00:00,,,0,0,7,,,,,,ERROR,,no stage-01 json for group 'thsmall': /home/karina/1cbh_clear/01_rfd3_symmetry_generation/json/15082026_16k_production_4_seeds_4_sizes/thsmall.json
ths000603,15082026_16k_production_4_seeds_4_sizes,2026-09-10T17:20:58+00:00,,,0,0,7,,,,,,ERROR,,no stage-01 json for group 'thsmall': /home/karina/1cbh_clear/01_rfd3_symmetry_generation/json/15082026_16k_production_4_seeds_4_sizes/thsmall.json
ths000621,15082026_16k_production_4_seeds_4_sizes,2026-09-10T17:20:58+00:00,,,0,0,7,,,,,,ERROR,,no stage-01 json for group 'thsmall': /home/karina/1cbh_clear/01_rfd3_symmetry_generation/json/15082026_16k_production_4_seeds_4_sizes/thsmall.json
ths000626,15082026_16k_production_4_seeds_4_sizes,2026-09-10T17:20:58+00:00,,,0,0,7,,,,,,ERROR,,no stage-01 json for group 'thsmall': /home/karina/1cbh_clear/01_rfd3_symmetry_generation/json/15082026_16k_production_4_seeds_4_sizes/thsmall.json
ths000630,15082026_16k_production_4_seeds_4_sizes,2026-09-10T17:20:58+00:00,,,0,0,7,,,,,,ERROR,,no stage-01 json for group 'thsmall': /home/karina/1cbh_clear/01_rfd3_symmetry_generation/json/15082026_16k_production_4_seeds_4_sizes/thsmall.json
ths000648,15082026_16k_production_4_seeds_4_sizes,2026-09-10T17:20:58+00:00,,,0,0,7,,,,,,ERROR,,no stage-01 json for group 'thsmall': /home/karina/1cbh_clear/01_rfd3_symmetry_generation/json/15082026_16k_production_4_seeds_4_sizes/thsmall.json
ths000665,15082026_16k_production_4_seeds_4_sizes,2026-09-10T17:20:58+00:00,,,0,0,7,,,,,,ERROR,,no stage-01 json for group 'thsmall': /home/karina/1cbh_clear/01_rfd3_symmetry_generation/json/15082026_16k_production_4_seeds_4_sizes/thsmall.json
ths000678,15082026_16k_production_4_seeds_4_sizes,2026-09-10T17:20:58+00:00,,,0,0,7,,,,,,ERROR,,no stage-01 json for group 'thsmall': /home/karina/1cbh_clear/01_rfd3_symmetry_generation/json/15082026_16k_production_4_seeds_4_sizes/thsmall.json
ths000679,15082026_16k_production_4_seeds_4_sizes,2026-09-10T17:20:58+00:00,,,0,0,7,,,,,,ERROR,,no stage-01 json for group 'thsmall': /home/karina/1cbh_clear/01_rfd3_symmetry_generation/json/15082026_16k_production_4_seeds_4_sizes/thsmall.json
ths000706,15082026_16k_production_4_seeds_4_sizes,2026-09-10T17:20:58+00:00,,,0,0,7,,,,,,ERROR,,no stage-01 json for group 'thsmall': /home/karina/1cbh_clear/01_rfd3_symmetry_generation/json/15082026_16k_production_4_seeds_4_sizes/thsmall.json
ths000764,15082026_16k_production_4_seeds_4_sizes,2026-09-10T17:20:58+00:00,,,0,0,7,,,,,,ERROR,,no stage-01 json for group 'thsmall': /home/karina/1cbh_clear/01_rfd3_symmetry_generation/json/15082026_16k_production_4_seeds_4_sizes/thsmall.json
ths000766,15082026_16k_production_4_seeds_4_sizes,2026-09-10T17:20:58+00:00,,,0,0,7,,,,,,ERROR,,no stage-01 json for group 'thsmall': /home/karina/1cbh_clear/01_rfd3_symmetry_generation/json/15082026_16k_production_4_seeds_4_sizes/thsmall.json
ths000767,15082026_16k_production_4_seeds_4_sizes,2026-09-10T17:20:58+00:00,,,0,0,7,,,,,,ERROR,,no stage-01 json for group 'thsmall': /home/karina/1cbh_clear/01_rfd3_symmetry_generation/json/15082026_16k_production_4_seeds_4_sizes/thsmall.json
ths000772,15082026_16k_production_4_seeds_4_sizes,2026-09-10T17:20:58+00:00,,,0,0,7,,,,,,ERROR,,no stage-01 json for group 'thsmall': /home/karina/1cbh_clear/01_rfd3_symmetry_generation/json/15082026_16k_production_4_seeds_4_sizes/thsmall.json
ths000784,15082026_16k_production_4_seeds_4_sizes,2026-09-10T17:20:58+00:00,,,0,0,7,,,,,,ERROR,,no stage-01 json for group 'thsmall': /home/karina/1cbh_clear/01_rfd3_symmetry_generation/json/15082026_16k_production_4_seeds_4_sizes/thsmall.json
ths000793,15082026_16k_production_4_seeds_4_sizes,2026-09-10T17:20:58+00:00,,,0,0,7,,,,,,ERROR,,no stage-01 json for group 'thsmall': /home/karina/1cbh_clear/01_rfd3_symmetry_generation/json/15082026_16k_production_4_seeds_4_sizes/thsmall.json
ths000802,15082026_16k_production_4_seeds_4_sizes,2026-09-10T17:20:58+00:00,,,0,0,7,,,,,,ERROR,,no stage-01 json for group 'thsmall': /home/karina/1cbh_clear/01_rfd3_symmetry_generation/json/15082026_16k_production_4_seeds_4_sizes/thsmall.json
ths000809,15082026_16k_production_4_seeds_4_sizes,2026-09-10T17:20:58+00:00,,,0,0,7,,,,,,ERROR,,no stage-01 json for group 'thsmall': /home/karina/1cbh_clear/01_rfd3_symmetry_generation/json/15082026_16k_production_4_seeds_4_sizes/thsmall.json
ths000845,15082026_16k_production_4_seeds_4_sizes,2026-09-10T17:20:58+00:00,,,0,0,7,,,,,,ERROR,,no stage-01 json for group 'thsmall': /home/karina/1cbh_clear/01_rfd3_symmetry_generation/json/15082026_16k_production_4_seeds_4_sizes/thsmall.json
ths000855,15082026_16k_production_4_seeds_4_sizes,2026-09-10T17:20:58+00:00,,,0,0,7,,,,,,ERROR,,no stage-01 json for group 'thsmall': /home/karina/1cbh_clear/01_rfd3_symmetry_generation/json/15082026_16k_production_4_seeds_4_sizes/thsmall.json
ths000880,15082026_16k_production_4_seeds_4_sizes,2026-09-10T17:20:58+00:00,,,0,0,7,,,,,,ERROR,,no stage-01 json for group 'thsmall': /home/karina/1cbh_clear/01_rfd3_symmetry_generation/json/15082026_16k_production_4_seeds_4_sizes/thsmall.json
ths000892,15082026_16k_production_4_seeds_4_sizes,2026-09-10T17:20:58+00:00,,,0,0,7,,,,,,ERROR,,no stage-01 json for group 'thsmall': /home/karina/1cbh_clear/01_rfd3_symmetry_generation/json/15082026_16k_production_4_seeds_4_sizes/thsmall.json
ths000965,15082026_16k_production_4_seeds_4_sizes,2026-09-10T17:20:58+00:00,,,0,0,7,,,,,,ERROR,,no stage-01 json for group 'thsmall': /home/karina/1cbh_clear/01_rfd3_symmetry_generation/json/15082026_16k_production_4_seeds_4_sizes/thsmall.json
ths000982,15082026_16k_production_4_seeds_4_sizes,2026-09-10T17:20:58+00:00,,,0,0,7,,,,,,ERROR,,no stage-01 json for group 'thsmall': /home/karina/1cbh_clear/01_rfd3_symmetry_generation/json/15082026_16k_production_4_seeds_4_sizes/thsmall.json
thx003002,15082026_16k_production_4_seeds_4_sizes,2026-09-10T17:20:58+00:00,,,0,0,7,,,,,,ERROR,,no stage-01 json for group 'thxlarge': /home/karina/1cbh_clear/01_rfd3_symmetry_generation/json/15082026_16k_production_4_seeds_4_sizes/thxlarge.json
thx003004,15082026_16k_production_4_seeds_4_sizes,2026-09-10T17:20:58+00:00,,,0,0,7,,,,,,ERROR,,no stage-01 json for group 'thxlarge': /home/karina/1cbh_clear/01_rfd3_symmetry_generation/json/15082026_16k_production_4_seeds_4_sizes/thxlarge.json
thx003008,15082026_16k_production_4_seeds_4_sizes,2026-09-10T17:20:58+00:00,,,0,0,7,,,,,,ERROR,,no stage-01 json for group 'thxlarge': /home/karina/1cbh_clear/01_rfd3_symmetry_generation/json/15082026_16k_production_4_seeds_4_sizes/thxlarge.json
thx003022,15082026_16k_production_4_seeds_4_sizes,2026-09-10T17:20:58+00:00,,,0,0,7,,,,,,ERROR,,no stage-01 json for group 'thxlarge': /home/karina/1cbh_clear/01_rfd3_symmetry_generation/json/15082026_16k_production_4_seeds_4_sizes/thxlarge.json
thx003023,15082026_16k_production_4_seeds_4_sizes,2026-09-10T17:20:58+00:00,,,0,0,7,,,,,,ERROR,,no stage-01 json for group 'thxlarge': /home/karina/1cbh_clear/01_rfd3_symmetry_generation/json/15082026_16k_production_4_seeds_4_sizes/thxlarge.json
thx003029,15082026_16k_production_4_seeds_4_sizes,2026-09-10T17:20:58+00:00,,,0,0,7,,,,,,ERROR,,no stage-01 json for group 'thxlarge': /home/karina/1cbh_clear/01_rfd3_symmetry_generation/json/15082026_16k_production_4_seeds_4_sizes/thxlarge.json
thx003032,15082026_16k_production_4_seeds_4_sizes,2026-09-10T17:20:58+00:00,,,0,0,7,,,,,,ERROR,,no stage-01 json for group 'thxlarge': /home/karina/1cbh_clear/01_rfd3_symmetry_generation/json/15082026_16k_production_4_seeds_4_sizes/thxlarge.json
thx003035,15082026_16k_production_4_seeds_4_sizes,2026-09-10T17:20:58+00:00,,,0,0,7,,,,,,ERROR,,no stage-01 json for group 'thxlarge': /home/karina/1cbh_clear/01_rfd3_symmetry_generation/json/15082026_16k_production_4_seeds_4_sizes/thxlarge.json
thx003056,15082026_16k_production_4_seeds_4_sizes,2026-09-10T17:20:58+00:00,,,0,0,7,,,,,,ERROR,,no stage-01 json for group 'thxlarge': /home/karina/1cbh_clear/01_rfd3_symmetry_generation/json/15082026_16k_production_4_seeds_4_sizes/thxlarge.json
thx003060,15082026_16k_production_4_seeds_4_sizes,2026-09-10T17:20:58+00:00,,,0,0,7,,,,,,ERROR,,no stage-01 json for group 'thxlarge': /home/karina/1cbh_clear/01_rfd3_symmetry_generation/json/15082026_16k_production_4_seeds_4_sizes/thxlarge.json
thx003062,15082026_16k_production_4_seeds_4_sizes,2026-09-10T17:20:58+00:00,,,0,0,7,,,,,,ERROR,,no stage-01 json for group 'thxlarge': /home/karina/1cbh_clear/01_rfd3_symmetry_generation/json/15082026_16k_production_4_seeds_4_sizes/thxlarge.json
thx003069,15082026_16k_production_4_seeds_4_sizes,2026-09-10T17:20:58+00:00,,,0,0,7,,,,,,ERROR,,no stage-01 json for group 'thxlarge': /home/karina/1cbh_clear/01_rfd3_symmetry_generation/json/15082026_16k_production_4_seeds_4_sizes/thxlarge.json
thx003072,15082026_16k_production_4_seeds_4_sizes,2026-09-10T17:20:58+00:00,,,0,0,7,,,,,,ERROR,,no stage-01 json for group 'thxlarge': /home/karina/1cbh_clear/01_rfd3_symmetry_generation/json/15082026_16k_production_4_seeds_4_sizes/thxlarge.json
thx003076,15082026_16k_production_4_seeds_4_sizes,2026-09-10T17:20:58+00:00,,,0,0,7,,,,,,ERROR,,no stage-01 json for group 'thxlarge': /home/karina/1cbh_clear/01_rfd3_symmetry_generation/json/15082026_16k_production_4_seeds_4_sizes/thxlarge.json
thx003081,15082026_16k_production_4_seeds_4_sizes,2026-09-10T17:20:58+00:00,,,0,0,7,,,,,,ERROR,,no stage-01 json for group 'thxlarge': /home/karina/1cbh_clear/01_rfd3_symmetry_generation/json/15082026_16k_production_4_seeds_4_sizes/thxlarge.json
thx003093,15082026_16k_production_4_seeds_4_sizes,2026-09-10T17:20:58+00:00,,,0,0,7,,,,,,ERROR,,no stage-01 json for group 'thxlarge': /home/karina/1cbh_clear/01_rfd3_symmetry_generation/json/15082026_16k_production_4_seeds_4_sizes/thxlarge.json
thx003123,15082026_16k_production_4_seeds_4_sizes,2026-09-10T17:20:58+00:00,,,0,0,7,,,,,,ERROR,,no stage-01 json for group 'thxlarge': /home/karina/1cbh_clear/01_rfd3_symmetry_generation/json/15082026_16k_production_4_seeds_4_sizes/thxlarge.json
thx003127,15082026_16k_production_4_seeds_4_sizes,2026-09-10T17:20:58+00:00,,,0,0,7,,,,,,ERROR,,no stage-01 json for group 'thxlarge': /home/karina/1cbh_clear/01_rfd3_symmetry_generation/json/15082026_16k_production_4_seeds_4_sizes/thxlarge.json
thx003136,15082026_16k_production_4_seeds_4_sizes,2026-09-10T17:20:58+00:00,,,0,0,7,,,,,,ERROR,,no stage-01 json for group 'thxlarge': /home/karina/1cbh_clear/01_rfd3_symmetry_generation/json/15082026_16k_production_4_seeds_4_sizes/thxlarge.json
thx003138,15082026_16k_production_4_seeds_4_sizes,2026-09-10T17:20:58+00:00,,,0,0,7,,,,,,ERROR,,no stage-01 json for group 'thxlarge': /home/karina/1cbh_clear/01_rfd3_symmetry_generation/json/15082026_16k_production_4_seeds_4_sizes/thxlarge.json
thx003145,15082026_16k_production_4_seeds_4_sizes,2026-09-10T17:20:58+00:00,,,0,0,7,,,,,,ERROR,,no stage-01 json for group 'thxlarge': /home/karina/1cbh_clear/01_rfd3_symmetry_generation/json/15082026_16k_production_4_seeds_4_sizes/thxlarge.json
thx003156,15082026_16k_production_4_seeds_4_sizes,2026-09-10T17:20:58+00:00,,,0,0,7,,,,,,ERROR,,no stage-01 json for group 'thxlarge': /home/karina/1cbh_clear/01_rfd3_symmetry_generation/json/15082026_16k_production_4_seeds_4_sizes/thxlarge.json
thx003158,15082026_16k_production_4_seeds_4_sizes,2026-09-10T17:20:58+00:00,,,0,0,7,,,,,,ERROR,,no stage-01 json for group 'thxlarge': /home/karina/1cbh_clear/01_rfd3_symmetry_generation/json/15082026_16k_production_4_seeds_4_sizes/thxlarge.json
thx003162,15082026_16k_production_4_seeds_4_sizes,2026-09-10T17:20:58+00:00,,,0,0,7,,,,,,ERROR,,no stage-01 json for group 'thxlarge': /home/karina/1cbh_clear/01_rfd3_symmetry_generation/json/15082026_16k_production_4_seeds_4_sizes/thxlarge.json
thx003168,15082026_16k_production_4_seeds_4_sizes,2026-09-10T17:20:58+00:00,,,0,0,7,,,,,,ERROR,,no stage-01 json for group 'thxlarge': /home/karina/1cbh_clear/01_rfd3_symmetry_generation/json/15082026_16k_production_4_seeds_4_sizes/thxlarge.json
thx003171,15082026_16k_production_4_seeds_4_sizes,2026-09-10T17:20:58+00:00,,,0,0,7,,,,,,ERROR,,no stage-01 json for group 'thxlarge': /home/karina/1cbh_clear/01_rfd3_symmetry_generation/json/15082026_16k_production_4_seeds_4_sizes/thxlarge.json
thx003172,15082026_16k_production_4_seeds_4_sizes,2026-09-10T17:20:58+00:00,,,0,0,7,,,,,,ERROR,,no stage-01 json for group 'thxlarge': /home/karina/1cbh_clear/01_rfd3_symmetry_generation/json/15082026_16k_production_4_seeds_4_sizes/thxlarge.json
thx003183,15082026_16k_production_4_seeds_4_sizes,2026-09-10T17:20:58+00:00,,,0,0,7,,,,,,ERROR,,no stage-01 json for group 'thxlarge': /home/karina/1cbh_clear/01_rfd3_symmetry_generation/json/15082026_16k_production_4_seeds_4_sizes/thxlarge.json
thx003208,15082026_16k_production_4_seeds_4_sizes,2026-09-10T17:20:58+00:00,,,0,0,7,,,,,,ERROR,,no stage-01 json for group 'thxlarge': /home/karina/1cbh_clear/01_rfd3_symmetry_generation/json/15082026_16k_production_4_seeds_4_sizes/thxlarge.json
thx003236,15082026_16k_production_4_seeds_4_sizes,2026-09-10T17:20:58+00:00,,,0,0,7,,,,,,ERROR,,no stage-01 json for group 'thxlarge': /home/karina/1cbh_clear/01_rfd3_symmetry_generation/json/15082026_16k_production_4_seeds_4_sizes/thxlarge.json
thx003251,15082026_16k_production_4_seeds_4_sizes,2026-09-10T17:20:58+00:00,,,0,0,7,,,,,,ERROR,,no stage-01 json for group 'thxlarge': /home/karina/1cbh_clear/01_rfd3_symmetry_generation/json/15082026_16k_production_4_seeds_4_sizes/thxlarge.json
thx003258,15082026_16k_production_4_seeds_4_sizes,2026-09-10T17:20:58+00:00,,,0,0,7,,,,,,ERROR,,no stage-01 json for group 'thxlarge': /home/karina/1cbh_clear/01_rfd3_symmetry_generation/json/15082026_16k_production_4_seeds_4_sizes/thxlarge.json
thx003265,15082026_16k_production_4_seeds_4_sizes,2026-09-10T17:20:58+00:00,,,0,0,7,,,,,,ERROR,,no stage-01 json for group 'thxlarge': /home/karina/1cbh_clear/01_rfd3_symmetry_generation/json/15082026_16k_production_4_seeds_4_sizes/thxlarge.json
thx003268,15082026_16k_production_4_seeds_4_sizes,2026-09-10T17:20:58+00:00,,,0,0,7,,,,,,ERROR,,no stage-01 json for group 'thxlarge': /home/karina/1cbh_clear/01_rfd3_symmetry_generation/json/15082026_16k_production_4_seeds_4_sizes/thxlarge.json
thx003275,15082026_16k_production_4_seeds_4_sizes,2026-09-10T17:20:58+00:00,,,0,0,7,,,,,,ERROR,,no stage-01 json for group 'thxlarge': /home/karina/1cbh_clear/01_rfd3_symmetry_generation/json/15082026_16k_production_4_seeds_4_sizes/thxlarge.json
thx003287,15082026_16k_production_4_seeds_4_sizes,2026-09-10T17:20:58+00:00,,,0,0,7,,,,,,ERROR,,no stage-01 json for group 'thxlarge': /home/karina/1cbh_clear/01_rfd3_symmetry_generation/json/15082026_16k_production_4_seeds_4_sizes/thxlarge.json
thx003294,15082026_16k_production_4_seeds_4_sizes,2026-09-10T17:20:58+00:00,,,0,0,7,,,,,,ERROR,,no stage-01 json for group 'thxlarge': /home/karina/1cbh_clear/01_rfd3_symmetry_generation/json/15082026_16k_production_4_seeds_4_sizes/thxlarge.json
thx003298,15082026_16k_production_4_seeds_4_sizes,2026-09-10T17:20:58+00:00,,,0,0,7,,,,,,ERROR,,no stage-01 json for group 'thxlarge': /home/karina/1cbh_clear/01_rfd3_symmetry_generation/json/15082026_16k_production_4_seeds_4_sizes/thxlarge.json
thx003308,15082026_16k_production_4_seeds_4_sizes,2026-09-10T17:20:58+00:00,,,0,0,7,,,,,,ERROR,,no stage-01 json for group 'thxlarge': /home/karina/1cbh_clear/01_rfd3_symmetry_generation/json/15082026_16k_production_4_seeds_4_sizes/thxlarge.json
thx003320,15082026_16k_production_4_seeds_4_sizes,2026-09-10T17:20:58+00:00,,,0,0,7,,,,,,ERROR,,no stage-01 json for group 'thxlarge': /home/karina/1cbh_clear/01_rfd3_symmetry_generation/json/15082026_16k_production_4_seeds_4_sizes/thxlarge.json
thx003323,15082026_16k_production_4_seeds_4_sizes,2026-09-10T17:20:58+00:00,,,0,0,7,,,,,,ERROR,,no stage-01 json for group 'thxlarge': /home/karina/1cbh_clear/01_rfd3_symmetry_generation/json/15082026_16k_production_4_seeds_4_sizes/thxlarge.json
thx003328,15082026_16k_production_4_seeds_4_sizes,2026-09-10T17:20:58+00:00,,,0,0,7,,,,,,ERROR,,no stage-01 json for group 'thxlarge': /home/karina/1cbh_clear/01_rfd3_symmetry_generation/json/15082026_16k_production_4_seeds_4_sizes/thxlarge.json
thx003329,15082026_16k_production_4_seeds_4_sizes,2026-09-10T17:20:58+00:00,,,0,0,7,,,,,,ERROR,,no stage-01 json for group 'thxlarge': /home/karina/1cbh_clear/01_rfd3_symmetry_generation/json/15082026_16k_production_4_seeds_4_sizes/thxlarge.json
thx003345,15082026_16k_production_4_seeds_4_sizes,2026-09-10T17:20:58+00:00,,,0,0,7,,,,,,ERROR,,no stage-01 json for group 'thxlarge': /home/karina/1cbh_clear/01_rfd3_symmetry_generation/json/15082026_16k_production_4_seeds_4_sizes/thxlarge.json
thx003358,15082026_16k_production_4_seeds_4_sizes,2026-09-10T17:20:58+00:00,,,0,0,7,,,,,,ERROR,,no stage-01 json for group 'thxlarge': /home/karina/1cbh_clear/01_rfd3_symmetry_generation/json/15082026_16k_production_4_seeds_4_sizes/thxlarge.json
thx003384,15082026_16k_production_4_seeds_4_sizes,2026-09-10T17:20:58+00:00,,,0,0,7,,,,,,ERROR,,no stage-01 json for group 'thxlarge': /home/karina/1cbh_clear/01_rfd3_symmetry_generation/json/15082026_16k_production_4_seeds_4_sizes/thxlarge.json
thx003416,15082026_16k_production_4_seeds_4_sizes,2026-09-10T17:20:58+00:00,,,0,0,7,,,,,,ERROR,,no stage-01 json for group 'thxlarge': /home/karina/1cbh_clear/01_rfd3_symmetry_generation/json/15082026_16k_production_4_seeds_4_sizes/thxlarge.json
thx003424,15082026_16k_production_4_seeds_4_sizes,2026-09-10T17:20:58+00:00,,,0,0,7,,,,,,ERROR,,no stage-01 json for group 'thxlarge': /home/karina/1cbh_clear/01_rfd3_symmetry_generation/json/15082026_16k_production_4_seeds_4_sizes/thxlarge.json
thx003426,15082026_16k_production_4_seeds_4_sizes,2026-09-10T17:20:58+00:00,,,0,0,7,,,,,,ERROR,,no stage-01 json for group 'thxlarge': /home/karina/1cbh_clear/01_rfd3_symmetry_generation/json/15082026_16k_production_4_seeds_4_sizes/thxlarge.json
thx003429,15082026_16k_production_4_seeds_4_sizes,2026-09-10T17:20:58+00:00,,,0,0,7,,,,,,ERROR,,no stage-01 json for group 'thxlarge': /home/karina/1cbh_clear/01_rfd3_symmetry_generation/json/15082026_16k_production_4_seeds_4_sizes/thxlarge.json
thx003431,15082026_16k_production_4_seeds_4_sizes,2026-09-10T17:20:58+00:00,,,0,0,7,,,,,,ERROR,,no stage-01 json for group 'thxlarge': /home/karina/1cbh_clear/01_rfd3_symmetry_generation/json/15082026_16k_production_4_seeds_4_sizes/thxlarge.json
thx003447,15082026_16k_production_4_seeds_4_sizes,2026-09-10T17:20:58+00:00,,,0,0,7,,,,,,ERROR,,no stage-01 json for group 'thxlarge': /home/karina/1cbh_clear/01_rfd3_symmetry_generation/json/15082026_16k_production_4_seeds_4_sizes/thxlarge.json
thx003451,15082026_16k_production_4_seeds_4_sizes,2026-09-10T17:20:58+00:00,,,0,0,7,,,,,,ERROR,,no stage-01 json for group 'thxlarge': /home/karina/1cbh_clear/01_rfd3_symmetry_generation/json/15082026_16k_production_4_seeds_4_sizes/thxlarge.json
thx003457,15082026_16k_production_4_seeds_4_sizes,2026-09-10T17:20:58+00:00,,,0,0,7,,,,,,ERROR,,no stage-01 json for group 'thxlarge': /home/karina/1cbh_clear/01_rfd3_symmetry_generation/json/15082026_16k_production_4_seeds_4_sizes/thxlarge.json
thx003461,15082026_16k_production_4_seeds_4_sizes,2026-09-10T17:20:58+00:00,,,0,0,7,,,,,,ERROR,,no stage-01 json for group 'thxlarge': /home/karina/1cbh_clear/01_rfd3_symmetry_generation/json/15082026_16k_production_4_seeds_4_sizes/thxlarge.json
thx003465,15082026_16k_production_4_seeds_4_sizes,2026-09-10T17:20:58+00:00,,,0,0,7,,,,,,ERROR,,no stage-01 json for group 'thxlarge': /home/karina/1cbh_clear/01_rfd3_symmetry_generation/json/15082026_16k_production_4_seeds_4_sizes/thxlarge.json
thx003470,15082026_16k_production_4_seeds_4_sizes,2026-09-10T17:20:58+00:00,,,0,0,7,,,,,,ERROR,,no stage-01 json for group 'thxlarge': /home/karina/1cbh_clear/01_rfd3_symmetry_generation/json/15082026_16k_production_4_seeds_4_sizes/thxlarge.json
thx003476,15082026_16k_production_4_seeds_4_sizes,2026-09-10T17:20:58+00:00,,,0,0,7,,,,,,ERROR,,no stage-01 json for group 'thxlarge': /home/karina/1cbh_clear/01_rfd3_symmetry_generation/json/15082026_16k_production_4_seeds_4_sizes/thxlarge.json
thx003479,15082026_16k_production_4_seeds_4_sizes,2026-09-10T17:20:58+00:00,,,0,0,7,,,,,,ERROR,,no stage-01 json for group 'thxlarge': /home/karina/1cbh_clear/01_rfd3_symmetry_generation/json/15082026_16k_production_4_seeds_4_sizes/thxlarge.json
thx003492,15082026_16k_production_4_seeds_4_sizes,2026-09-10T17:20:58+00:00,,,0,0,7,,,,,,ERROR,,no stage-01 json for group 'thxlarge': /home/karina/1cbh_clear/01_rfd3_symmetry_generation/json/15082026_16k_production_4_seeds_4_sizes/thxlarge.json
thx003495,15082026_16k_production_4_seeds_4_sizes,2026-09-10T17:20:58+00:00,,,0,0,7,,,,,,ERROR,,no stage-01 json for group 'thxlarge': /home/karina/1cbh_clear/01_rfd3_symmetry_generation/json/15082026_16k_production_4_seeds_4_sizes/thxlarge.json
thx003502,15082026_16k_production_4_seeds_4_sizes,2026-09-10T17:20:58+00:00,,,0,0,7,,,,,,ERROR,,no stage-01 json for group 'thxlarge': /home/karina/1cbh_clear/01_rfd3_symmetry_generation/json/15082026_16k_production_4_seeds_4_sizes/thxlarge.json
thx003503,15082026_16k_production_4_seeds_4_sizes,2026-09-10T17:20:58+00:00,,,0,0,7,,,,,,ERROR,,no stage-01 json for group 'thxlarge': /home/karina/1cbh_clear/01_rfd3_symmetry_generation/json/15082026_16k_production_4_seeds_4_sizes/thxlarge.json
thx003517,15082026_16k_production_4_seeds_4_sizes,2026-09-10T17:20:58+00:00,,,0,0,7,,,,,,ERROR,,no stage-01 json for group 'thxlarge': /home/karina/1cbh_clear/01_rfd3_symmetry_generation/json/15082026_16k_production_4_seeds_4_sizes/thxlarge.json
thx003518,15082026_16k_production_4_seeds_4_sizes,2026-09-10T17:20:58+00:00,,,0,0,7,,,,,,ERROR,,no stage-01 json for group 'thxlarge': /home/karina/1cbh_clear/01_rfd3_symmetry_generation/json/15082026_16k_production_4_seeds_4_sizes/thxlarge.json
thx003527,15082026_16k_production_4_seeds_4_sizes,2026-09-10T17:20:58+00:00,,,0,0,7,,,,,,ERROR,,no stage-01 json for group 'thxlarge': /home/karina/1cbh_clear/01_rfd3_symmetry_generation/json/15082026_16k_production_4_seeds_4_sizes/thxlarge.json
thx003551,15082026_16k_production_4_seeds_4_sizes,2026-09-10T17:20:58+00:00,,,0,0,7,,,,,,ERROR,,no stage-01 json for group 'thxlarge': /home/karina/1cbh_clear/01_rfd3_symmetry_generation/json/15082026_16k_production_4_seeds_4_sizes/thxlarge.json
thx003591,15082026_16k_production_4_seeds_4_sizes,2026-09-10T17:20:58+00:00,,,0,0,7,,,,,,ERROR,,no stage-01 json for group 'thxlarge': /home/karina/1cbh_clear/01_rfd3_symmetry_generation/json/15082026_16k_production_4_seeds_4_sizes/thxlarge.json
thx003592,15082026_16k_production_4_seeds_4_sizes,2026-09-10T17:20:58+00:00,,,0,0,7,,,,,,ERROR,,no stage-01 json for group 'thxlarge': /home/karina/1cbh_clear/01_rfd3_symmetry_generation/json/15082026_16k_production_4_seeds_4_sizes/thxlarge.json
thx003595,15082026_16k_production_4_seeds_4_sizes,2026-09-10T17:20:58+00:00,,,0,0,7,,,,,,ERROR,,no stage-01 json for group 'thxlarge': /home/karina/1cbh_clear/01_rfd3_symmetry_generation/json/15082026_16k_production_4_seeds_4_sizes/thxlarge.json
thx003601,15082026_16k_production_4_seeds_4_sizes,2026-09-10T17:20:58+00:00,,,0,0,7,,,,,,ERROR,,no stage-01 json for group 'thxlarge': /home/karina/1cbh_clear/01_rfd3_symmetry_generation/json/15082026_16k_production_4_seeds_4_sizes/thxlarge.json
thx003613,15082026_16k_production_4_seeds_4_sizes,2026-09-10T17:20:58+00:00,,,0,0,7,,,,,,ERROR,,no stage-01 json for group 'thxlarge': /home/karina/1cbh_clear/01_rfd3_symmetry_generation/json/15082026_16k_production_4_seeds_4_sizes/thxlarge.json
thx003617,15082026_16k_production_4_seeds_4_sizes,2026-09-10T17:20:58+00:00,,,0,0,7,,,,,,ERROR,,no stage-01 json for group 'thxlarge': /home/karina/1cbh_clear/01_rfd3_symmetry_generation/json/15082026_16k_production_4_seeds_4_sizes/thxlarge.json
thx003631,15082026_16k_production_4_seeds_4_sizes,2026-09-10T17:20:58+00:00,,,0,0,7,,,,,,ERROR,,no stage-01 json for group 'thxlarge': /home/karina/1cbh_clear/01_rfd3_symmetry_generation/json/15082026_16k_production_4_seeds_4_sizes/thxlarge.json
thx003681,15082026_16k_production_4_seeds_4_sizes,2026-09-10T17:20:58+00:00,,,0,0,7,,,,,,ERROR,,no stage-01 json for group 'thxlarge': /home/karina/1cbh_clear/01_rfd3_symmetry_generation/json/15082026_16k_production_4_seeds_4_sizes/thxlarge.json
thx003684,15082026_16k_production_4_seeds_4_sizes,2026-09-10T17:20:58+00:00,,,0,0,7,,,,,,ERROR,,no stage-01 json for group 'thxlarge': /home/karina/1cbh_clear/01_rfd3_symmetry_generation/json/15082026_16k_production_4_seeds_4_sizes/thxlarge.json
thx003687,15082026_16k_production_4_seeds_4_sizes,2026-09-10T17:20:58+00:00,,,0,0,7,,,,,,ERROR,,no stage-01 json for group 'thxlarge': /home/karina/1cbh_clear/01_rfd3_symmetry_generation/json/15082026_16k_production_4_seeds_4_sizes/thxlarge.json
thx003699,15082026_16k_production_4_seeds_4_sizes,2026-09-10T17:20:58+00:00,,,0,0,7,,,,,,ERROR,,no stage-01 json for group 'thxlarge': /home/karina/1cbh_clear/01_rfd3_symmetry_generation/json/15082026_16k_production_4_seeds_4_sizes/thxlarge.json
thx003721,15082026_16k_production_4_seeds_4_sizes,2026-09-10T17:20:58+00:00,,,0,0,7,,,,,,ERROR,,no stage-01 json for group 'thxlarge': /home/karina/1cbh_clear/01_rfd3_symmetry_generation/json/15082026_16k_production_4_seeds_4_sizes/thxlarge.json
thx003722,15082026_16k_production_4_seeds_4_sizes,2026-09-10T17:20:58+00:00,,,0,0,7,,,,,,ERROR,,no stage-01 json for group 'thxlarge': /home/karina/1cbh_clear/01_rfd3_symmetry_generation/json/15082026_16k_production_4_seeds_4_sizes/thxlarge.json
thx003732,15082026_16k_production_4_seeds_4_sizes,2026-09-10T17:20:58+00:00,,,0,0,7,,,,,,ERROR,,no stage-01 json for group 'thxlarge': /home/karina/1cbh_clear/01_rfd3_symmetry_generation/json/15082026_16k_production_4_seeds_4_sizes/thxlarge.json
thx003733,15082026_16k_production_4_seeds_4_sizes,2026-09-10T17:20:58+00:00,,,0,0,7,,,,,,ERROR,,no stage-01 json for group 'thxlarge': /home/karina/1cbh_clear/01_rfd3_symmetry_generation/json/15082026_16k_production_4_seeds_4_sizes/thxlarge.json
thx003741,15082026_16k_production_4_seeds_4_sizes,2026-09-10T17:20:58+00:00,,,0,0,7,,,,,,ERROR,,no stage-01 json for group 'thxlarge': /home/karina/1cbh_clear/01_rfd3_symmetry_generation/json/15082026_16k_production_4_seeds_4_sizes/thxlarge.json
thx003752,15082026_16k_production_4_seeds_4_sizes,2026-09-10T17:20:58+00:00,,,0,0,7,,,,,,ERROR,,no stage-01 json for group 'thxlarge': /home/karina/1cbh_clear/01_rfd3_symmetry_generation/json/15082026_16k_production_4_seeds_4_sizes/thxlarge.json
thx003753,15082026_16k_production_4_seeds_4_sizes,2026-09-10T17:20:58+00:00,,,0,0,7,,,,,,ERROR,,no stage-01 json for group 'thxlarge': /home/karina/1cbh_clear/01_rfd3_symmetry_generation/json/15082026_16k_production_4_seeds_4_sizes/thxlarge.json
thx003769,15082026_16k_production_4_seeds_4_sizes,2026-09-10T17:20:58+00:00,,,0,0,7,,,,,,ERROR,,no stage-01 json for group 'thxlarge': /home/karina/1cbh_clear/01_rfd3_symmetry_generation/json/15082026_16k_production_4_seeds_4_sizes/thxlarge.json
thx003796,15082026_16k_production_4_seeds_4_sizes,2026-09-10T17:20:58+00:00,,,0,0,7,,,,,,ERROR,,no stage-01 json for group 'thxlarge': /home/karina/1cbh_clear/01_rfd3_symmetry_generation/json/15082026_16k_production_4_seeds_4_sizes/thxlarge.json
thx003798,15082026_16k_production_4_seeds_4_sizes,2026-09-10T17:20:58+00:00,,,0,0,7,,,,,,ERROR,,no stage-01 json for group 'thxlarge': /home/karina/1cbh_clear/01_rfd3_symmetry_generation/json/15082026_16k_production_4_seeds_4_sizes/thxlarge.json
thx003802,15082026_16k_production_4_seeds_4_sizes,2026-09-10T17:20:58+00:00,,,0,0,7,,,,,,ERROR,,no stage-01 json for group 'thxlarge': /home/karina/1cbh_clear/01_rfd3_symmetry_generation/json/15082026_16k_production_4_seeds_4_sizes/thxlarge.json
thx003815,15082026_16k_production_4_seeds_4_sizes,2026-09-10T17:20:58+00:00,,,0,0,7,,,,,,ERROR,,no stage-01 json for group 'thxlarge': /home/karina/1cbh_clear/01_rfd3_symmetry_generation/json/15082026_16k_production_4_seeds_4_sizes/thxlarge.json
thx003821,15082026_16k_production_4_seeds_4_sizes,2026-09-10T17:20:58+00:00,,,0,0,7,,,,,,ERROR,,no stage-01 json for group 'thxlarge': /home/karina/1cbh_clear/01_rfd3_symmetry_generation/json/15082026_16k_production_4_seeds_4_sizes/thxlarge.json
thx003837,15082026_16k_production_4_seeds_4_sizes,2026-09-10T17:20:58+00:00,,,0,0,7,,,,,,ERROR,,no stage-01 json for group 'thxlarge': /home/karina/1cbh_clear/01_rfd3_symmetry_generation/json/15082026_16k_production_4_seeds_4_sizes/thxlarge.json
thx003838,15082026_16k_production_4_seeds_4_sizes,2026-09-10T17:20:58+00:00,,,0,0,7,,,,,,ERROR,,no stage-01 json for group 'thxlarge': /home/karina/1cbh_clear/01_rfd3_symmetry_generation/json/15082026_16k_production_4_seeds_4_sizes/thxlarge.json
thx003842,15082026_16k_production_4_seeds_4_sizes,2026-09-10T17:20:58+00:00,,,0,0,7,,,,,,ERROR,,no stage-01 json for group 'thxlarge': /home/karina/1cbh_clear/01_rfd3_symmetry_generation/json/15082026_16k_production_4_seeds_4_sizes/thxlarge.json
thx003849,15082026_16k_production_4_seeds_4_sizes,2026-09-10T17:20:58+00:00,,,0,0,7,,,,,,ERROR,,no stage-01 json for group 'thxlarge': /home/karina/1cbh_clear/01_rfd3_symmetry_generation/json/15082026_16k_production_4_seeds_4_sizes/thxlarge.json
thx003850,15082026_16k_production_4_seeds_4_sizes,2026-09-10T17:20:58+00:00,,,0,0,7,,,,,,ERROR,,no stage-01 json for group 'thxlarge': /home/karina/1cbh_clear/01_rfd3_symmetry_generation/json/15082026_16k_production_4_seeds_4_sizes/thxlarge.json
thx003859,15082026_16k_production_4_seeds_4_sizes,2026-09-10T17:20:58+00:00,,,0,0,7,,,,,,ERROR,,no stage-01 json for group 'thxlarge': /home/karina/1cbh_clear/01_rfd3_symmetry_generation/json/15082026_16k_production_4_seeds_4_sizes/thxlarge.json
thx003870,15082026_16k_production_4_seeds_4_sizes,2026-09-10T17:20:58+00:00,,,0,0,7,,,,,,ERROR,,no stage-01 json for group 'thxlarge': /home/karina/1cbh_clear/01_rfd3_symmetry_generation/json/15082026_16k_production_4_seeds_4_sizes/thxlarge.json
thx003895,15082026_16k_production_4_seeds_4_sizes,2026-09-10T17:20:58+00:00,,,0,0,7,,,,,,ERROR,,no stage-01 json for group 'thxlarge': /home/karina/1cbh_clear/01_rfd3_symmetry_generation/json/15082026_16k_production_4_seeds_4_sizes/thxlarge.json
thx003900,15082026_16k_production_4_seeds_4_sizes,2026-09-10T17:20:58+00:00,,,0,0,7,,,,,,ERROR,,no stage-01 json for group 'thxlarge': /home/karina/1cbh_clear/01_rfd3_symmetry_generation/json/15082026_16k_production_4_seeds_4_sizes/thxlarge.json
thx003901,15082026_16k_production_4_seeds_4_sizes,2026-09-10T17:20:58+00:00,,,0,0,7,,,,,,ERROR,,no stage-01 json for group 'thxlarge': /home/karina/1cbh_clear/01_rfd3_symmetry_generation/json/15082026_16k_production_4_seeds_4_sizes/thxlarge.json
thx003914,15082026_16k_production_4_seeds_4_sizes,2026-09-10T17:20:58+00:00,,,0,0,7,,,,,,ERROR,,no stage-01 json for group 'thxlarge': /home/karina/1cbh_clear/01_rfd3_symmetry_generation/json/15082026_16k_production_4_seeds_4_sizes/thxlarge.json
thx003928,15082026_16k_production_4_seeds_4_sizes,2026-09-10T17:20:58+00:00,,,0,0,7,,,,,,ERROR,,no stage-01 json for group 'thxlarge': /home/karina/1cbh_clear/01_rfd3_symmetry_generation/json/15082026_16k_production_4_seeds_4_sizes/thxlarge.json
thx003929,15082026_16k_production_4_seeds_4_sizes,2026-09-10T17:20:58+00:00,,,0,0,7,,,,,,ERROR,,no stage-01 json for group 'thxlarge': /home/karina/1cbh_clear/01_rfd3_symmetry_generation/json/15082026_16k_production_4_seeds_4_sizes/thxlarge.json
thx003933,15082026_16k_production_4_seeds_4_sizes,2026-09-10T17:20:58+00:00,,,0,0,7,,,,,,ERROR,,no stage-01 json for group 'thxlarge': /home/karina/1cbh_clear/01_rfd3_symmetry_generation/json/15082026_16k_production_4_seeds_4_sizes/thxlarge.json
thx003935,15082026_16k_production_4_seeds_4_sizes,2026-09-10T17:20:58+00:00,,,0,0,7,,,,,,ERROR,,no stage-01 json for group 'thxlarge': /home/karina/1cbh_clear/01_rfd3_symmetry_generation/json/15082026_16k_production_4_seeds_4_sizes/thxlarge.json
thx003943,15082026_16k_production_4_seeds_4_sizes,2026-09-10T17:20:58+00:00,,,0,0,7,,,,,,ERROR,,no stage-01 json for group 'thxlarge': /home/karina/1cbh_clear/01_rfd3_symmetry_generation/json/15082026_16k_production_4_seeds_4_sizes/thxlarge.json
thx003944,15082026_16k_production_4_seeds_4_sizes,2026-09-10T17:20:58+00:00,,,0,0,7,,,,,,ERROR,,no stage-01 json for group 'thxlarge': /home/karina/1cbh_clear/01_rfd3_symmetry_generation/json/15082026_16k_production_4_seeds_4_sizes/thxlarge.json
thx003961,15082026_16k_production_4_seeds_4_sizes,2026-09-10T17:20:58+00:00,,,0,0,7,,,,,,ERROR,,no stage-01 json for group 'thxlarge': /home/karina/1cbh_clear/01_rfd3_symmetry_generation/json/15082026_16k_production_4_seeds_4_sizes/thxlarge.json
thx003963,15082026_16k_production_4_seeds_4_sizes,2026-09-10T17:20:58+00:00,,,0,0,7,,,,,,ERROR,,no stage-01 json for group 'thxlarge': /home/karina/1cbh_clear/01_rfd3_symmetry_generation/json/15082026_16k_production_4_seeds_4_sizes/thxlarge.json
thx003984,15082026_16k_production_4_seeds_4_sizes,2026-09-10T17:20:58+00:00,,,0,0,7,,,,,,ERROR,,no stage-01 json for group 'thxlarge': /home/karina/1cbh_clear/01_rfd3_symmetry_generation/json/15082026_16k_production_4_seeds_4_sizes/thxlarge.json
thx003987,15082026_16k_production_4_seeds_4_sizes,2026-09-10T17:20:58+00:00,,,0,0,7,,,,,,ERROR,,no stage-01 json for group 'thxlarge': /home/karina/1cbh_clear/01_rfd3_symmetry_generation/json/15082026_16k_production_4_seeds_4_sizes/thxlarge.json
thx003993,15082026_16k_production_4_seeds_4_sizes,2026-09-10T17:20:58+00:00,,,0,0,7,,,,,,ERROR,,no stage-01 json for group 'thxlarge': /home/karina/1cbh_clear/01_rfd3_symmetry_generation/json/15082026_16k_production_4_seeds_4_sizes/thxlarge.json
