protein_id,experiment,sequence_id,score,ala_content,gly_content,other_content
hsl014052,15082026_16k_production_4_seeds_4_sizes_20260818_pp_1p8_pc_2p2_cont_4p0_8p0,hsl01405200,1.2867,0.0588,0.1029,0.8382
hsl014052,15082026_16k_production_4_seeds_4_sizes_20260818_pp_1p8_pc_2p2_cont_4p0_8p0,hsl01405201,1.2451,0.0441,0.1029,0.8529
hsl014052,15082026_16k_production_4_seeds_4_sizes_20260818_pp_1p8_pc_2p2_cont_4p0_8p0,hsl01405202,1.3191,0.0441,0.0882,0.8676
hsl014052,15082026_16k_production_4_seeds_4_sizes_20260818_pp_1p8_pc_2p2_cont_4p0_8p0,hsl01405203,1.3916,0.0735,0.1176,0.8088
hsl014052,15082026_16k_production_4_seeds_4_sizes_20260818_pp_1p8_pc_2p2_cont_4p0_8p0,hsl01405204,1.2789,0.0588,0.1029,0.8382
hsl014052,15082026_16k_production_4_seeds_4_sizes_20260818_pp_1p8_pc_2p2_cont_4p0_8p0,hsl01405205,1.3222,0.0294,0.1471,0.8235
hsl014052,15082026_16k_production_4_seeds_4_sizes_20260818_pp_1p8_pc_2p2_cont_4p0_8p0,hsl01405206,1.2119,0.0588,0.1324,0.8088
hsl014052,15082026_16k_production_4_seeds_4_sizes_20260818_pp_1p8_pc_2p2_cont_4p0_8p0,hsl01405207,1.2512,0.0735,0.1176,0.8088
hsl014052,15082026_16k_production_4_seeds_4_sizes_20260818_pp_1p8_pc_2p2_cont_4p0_8p0,hsl01405208,1.2996,0.1029,0.1029,0.7941
hsl014052,15082026_16k_production_4_seeds_4_sizes_20260818_pp_1p8_pc_2p2_cont_4p0_8p0,hsl01405209,1.3775,0.0588,0.1029,0.8382
hsl014052,15082026_16k_production_4_seeds_4_sizes_20260818_pp_1p8_pc_2p2_cont_4p0_8p0,hsl01405210,1.3790,0.0294,0.1324,0.8382
hsl014052,15082026_16k_production_4_seeds_4_sizes_20260818_pp_1p8_pc_2p2_cont_4p0_8p0,hsl01405211,1.2443,0.0441,0.1324,0.8235
hsl014052,15082026_16k_production_4_seeds_4_sizes_20260818_pp_1p8_pc_2p2_cont_4p0_8p0,hsl01405212,1.2535,0.0294,0.1029,0.8676
hsl014052,15082026_16k_production_4_seeds_4_sizes_20260818_pp_1p8_pc_2p2_cont_4p0_8p0,hsl01405213,1.3354,0.0441,0.1176,0.8382
hsl014052,15082026_16k_production_4_seeds_4_sizes_20260818_pp_1p8_pc_2p2_cont_4p0_8p0,hsl01405214,1.2832,0.0588,0.1029,0.8382
hsl014052,15082026_16k_production_4_seeds_4_sizes_20260818_pp_1p8_pc_2p2_cont_4p0_8p0,hsl01405215,1.3218,0.0147,0.1029,0.8824
hsl014198,15082026_16k_production_4_seeds_4_sizes_20260818_pp_1p8_pc_2p2_cont_4p0_8p0,hsl01419800,1.1360,0.0896,0.1045,0.8060
hsl014198,15082026_16k_production_4_seeds_4_sizes_20260818_pp_1p8_pc_2p2_cont_4p0_8p0,hsl01419801,1.0955,0.1194,0.1045,0.7761
hsl014198,15082026_16k_production_4_seeds_4_sizes_20260818_pp_1p8_pc_2p2_cont_4p0_8p0,hsl01419802,1.1669,0.0896,0.0746,0.8358
hsl014198,15082026_16k_production_4_seeds_4_sizes_20260818_pp_1p8_pc_2p2_cont_4p0_8p0,hsl01419803,1.2334,0.1045,0.1045,0.7910
hsl014198,15082026_16k_production_4_seeds_4_sizes_20260818_pp_1p8_pc_2p2_cont_4p0_8p0,hsl01419804,1.1129,0.0896,0.1045,0.8060
hsl014198,15082026_16k_production_4_seeds_4_sizes_20260818_pp_1p8_pc_2p2_cont_4p0_8p0,hsl01419805,1.1904,0.1194,0.1045,0.7761
hsl014198,15082026_16k_production_4_seeds_4_sizes_20260818_pp_1p8_pc_2p2_cont_4p0_8p0,hsl01419806,1.1794,0.0896,0.1045,0.8060
hsl014198,15082026_16k_production_4_seeds_4_sizes_20260818_pp_1p8_pc_2p2_cont_4p0_8p0,hsl01419807,1.0758,0.0896,0.0896,0.8209
hsl014198,15082026_16k_production_4_seeds_4_sizes_20260818_pp_1p8_pc_2p2_cont_4p0_8p0,hsl01419808,1.1600,0.0896,0.0896,0.8209
hsl014198,15082026_16k_production_4_seeds_4_sizes_20260818_pp_1p8_pc_2p2_cont_4p0_8p0,hsl01419809,1.1101,0.1045,0.1045,0.7910
hsl014198,15082026_16k_production_4_seeds_4_sizes_20260818_pp_1p8_pc_2p2_cont_4p0_8p0,hsl01419810,1.0639,0.0896,0.0896,0.8209
hsl014198,15082026_16k_production_4_seeds_4_sizes_20260818_pp_1p8_pc_2p2_cont_4p0_8p0,hsl01419811,1.1902,0.1045,0.1045,0.7910
hsl014198,15082026_16k_production_4_seeds_4_sizes_20260818_pp_1p8_pc_2p2_cont_4p0_8p0,hsl01419812,1.1104,0.0896,0.1045,0.8060
hsl014198,15082026_16k_production_4_seeds_4_sizes_20260818_pp_1p8_pc_2p2_cont_4p0_8p0,hsl01419813,1.1335,0.1045,0.1045,0.7910
hsl014198,15082026_16k_production_4_seeds_4_sizes_20260818_pp_1p8_pc_2p2_cont_4p0_8p0,hsl01419814,1.1995,0.0746,0.1045,0.8209
hsl014198,15082026_16k_production_4_seeds_4_sizes_20260818_pp_1p8_pc_2p2_cont_4p0_8p0,hsl01419815,1.1193,0.0896,0.0896,0.8209
hsl014234,15082026_16k_production_4_seeds_4_sizes_20260818_pp_1p8_pc_2p2_cont_4p0_8p0,hsl01423400,1.0797,0.0571,0.1143,0.8286
hsl014234,15082026_16k_production_4_seeds_4_sizes_20260818_pp_1p8_pc_2p2_cont_4p0_8p0,hsl01423401,1.1769,0.0714,0.1286,0.8000
hsl014234,15082026_16k_production_4_seeds_4_sizes_20260818_pp_1p8_pc_2p2_cont_4p0_8p0,hsl01423402,1.0692,0.0714,0.1143,0.8143
hsl014234,15082026_16k_production_4_seeds_4_sizes_20260818_pp_1p8_pc_2p2_cont_4p0_8p0,hsl01423403,1.0260,0.1000,0.1143,0.7857
hsl014234,15082026_16k_production_4_seeds_4_sizes_20260818_pp_1p8_pc_2p2_cont_4p0_8p0,hsl01423404,1.0886,0.0714,0.1143,0.8143
hsl014234,15082026_16k_production_4_seeds_4_sizes_20260818_pp_1p8_pc_2p2_cont_4p0_8p0,hsl01423405,1.0163,0.1000,0.1143,0.7857
hsl014234,15082026_16k_production_4_seeds_4_sizes_20260818_pp_1p8_pc_2p2_cont_4p0_8p0,hsl01423406,1.0574,0.0857,0.1143,0.8000
hsl014234,15082026_16k_production_4_seeds_4_sizes_20260818_pp_1p8_pc_2p2_cont_4p0_8p0,hsl01423407,1.0936,0.0429,0.1143,0.8429
hsl014234,15082026_16k_production_4_seeds_4_sizes_20260818_pp_1p8_pc_2p2_cont_4p0_8p0,hsl01423408,1.0195,0.0857,0.1143,0.8000
hsl014234,15082026_16k_production_4_seeds_4_sizes_20260818_pp_1p8_pc_2p2_cont_4p0_8p0,hsl01423409,1.1150,0.0714,0.1000,0.8286
hsl014234,15082026_16k_production_4_seeds_4_sizes_20260818_pp_1p8_pc_2p2_cont_4p0_8p0,hsl01423410,1.0887,0.0714,0.1143,0.8143
hsl014234,15082026_16k_production_4_seeds_4_sizes_20260818_pp_1p8_pc_2p2_cont_4p0_8p0,hsl01423411,1.0518,0.1000,0.1143,0.7857
hsl014234,15082026_16k_production_4_seeds_4_sizes_20260818_pp_1p8_pc_2p2_cont_4p0_8p0,hsl01423412,1.0555,0.0571,0.1143,0.8286
hsl014234,15082026_16k_production_4_seeds_4_sizes_20260818_pp_1p8_pc_2p2_cont_4p0_8p0,hsl01423413,1.0704,0.0571,0.1143,0.8286
hsl014234,15082026_16k_production_4_seeds_4_sizes_20260818_pp_1p8_pc_2p2_cont_4p0_8p0,hsl01423414,1.0457,0.0714,0.1286,0.8000
hsl014234,15082026_16k_production_4_seeds_4_sizes_20260818_pp_1p8_pc_2p2_cont_4p0_8p0,hsl01423415,1.0681,0.0857,0.1143,0.8000
hsl014442,15082026_16k_production_4_seeds_4_sizes_20260818_pp_1p8_pc_2p2_cont_4p0_8p0,hsl01444200,1.1754,0.0282,0.0986,0.8732
hsl014442,15082026_16k_production_4_seeds_4_sizes_20260818_pp_1p8_pc_2p2_cont_4p0_8p0,hsl01444201,1.1995,0.0141,0.0986,0.8873
hsl014442,15082026_16k_production_4_seeds_4_sizes_20260818_pp_1p8_pc_2p2_cont_4p0_8p0,hsl01444202,1.2679,0.0423,0.0845,0.8732
hsl014442,15082026_16k_production_4_seeds_4_sizes_20260818_pp_1p8_pc_2p2_cont_4p0_8p0,hsl01444203,1.1865,0.0282,0.0986,0.8732
hsl014442,15082026_16k_production_4_seeds_4_sizes_20260818_pp_1p8_pc_2p2_cont_4p0_8p0,hsl01444204,1.2036,0.0282,0.0986,0.8732
hsl014442,15082026_16k_production_4_seeds_4_sizes_20260818_pp_1p8_pc_2p2_cont_4p0_8p0,hsl01444205,1.1638,0.0423,0.0986,0.8592
hsl014442,15082026_16k_production_4_seeds_4_sizes_20260818_pp_1p8_pc_2p2_cont_4p0_8p0,hsl01444206,1.1842,0.0282,0.0986,0.8732
hsl014442,15082026_16k_production_4_seeds_4_sizes_20260818_pp_1p8_pc_2p2_cont_4p0_8p0,hsl01444207,1.1669,0.0282,0.0986,0.8732
hsl014442,15082026_16k_production_4_seeds_4_sizes_20260818_pp_1p8_pc_2p2_cont_4p0_8p0,hsl01444208,1.1594,0.0423,0.0986,0.8592
hsl014442,15082026_16k_production_4_seeds_4_sizes_20260818_pp_1p8_pc_2p2_cont_4p0_8p0,hsl01444209,1.2354,0.0141,0.0986,0.8873
hsl014442,15082026_16k_production_4_seeds_4_sizes_20260818_pp_1p8_pc_2p2_cont_4p0_8p0,hsl01444210,1.1904,0.0141,0.0986,0.8873
hsl014442,15082026_16k_production_4_seeds_4_sizes_20260818_pp_1p8_pc_2p2_cont_4p0_8p0,hsl01444211,1.2221,0.0282,0.0986,0.8732
hsl014442,15082026_16k_production_4_seeds_4_sizes_20260818_pp_1p8_pc_2p2_cont_4p0_8p0,hsl01444212,1.1910,0.0282,0.0986,0.8732
hsl014442,15082026_16k_production_4_seeds_4_sizes_20260818_pp_1p8_pc_2p2_cont_4p0_8p0,hsl01444213,1.2277,0.0423,0.0845,0.8732
hsl014442,15082026_16k_production_4_seeds_4_sizes_20260818_pp_1p8_pc_2p2_cont_4p0_8p0,hsl01444214,1.2056,0.0282,0.0986,0.8732
hsl014442,15082026_16k_production_4_seeds_4_sizes_20260818_pp_1p8_pc_2p2_cont_4p0_8p0,hsl01444215,1.1559,0.0423,0.0986,0.8592
hsl014548,15082026_16k_production_4_seeds_4_sizes_20260818_pp_1p8_pc_2p2_cont_4p0_8p0,hsl01454800,1.1064,0.0667,0.1200,0.8133
hsl014548,15082026_16k_production_4_seeds_4_sizes_20260818_pp_1p8_pc_2p2_cont_4p0_8p0,hsl01454801,1.0848,0.0533,0.1200,0.8267
hsl014548,15082026_16k_production_4_seeds_4_sizes_20260818_pp_1p8_pc_2p2_cont_4p0_8p0,hsl01454802,1.1185,0.0667,0.1200,0.8133
hsl014548,15082026_16k_production_4_seeds_4_sizes_20260818_pp_1p8_pc_2p2_cont_4p0_8p0,hsl01454803,1.1482,0.0800,0.1067,0.8133
hsl014548,15082026_16k_production_4_seeds_4_sizes_20260818_pp_1p8_pc_2p2_cont_4p0_8p0,hsl01454804,1.0835,0.0667,0.1200,0.8133
hsl014548,15082026_16k_production_4_seeds_4_sizes_20260818_pp_1p8_pc_2p2_cont_4p0_8p0,hsl01454805,1.1000,0.0533,0.1200,0.8267
hsl014548,15082026_16k_production_4_seeds_4_sizes_20260818_pp_1p8_pc_2p2_cont_4p0_8p0,hsl01454806,1.0228,0.0800,0.1200,0.8000
hsl014548,15082026_16k_production_4_seeds_4_sizes_20260818_pp_1p8_pc_2p2_cont_4p0_8p0,hsl01454807,1.1656,0.0667,0.1200,0.8133
hsl014548,15082026_16k_production_4_seeds_4_sizes_20260818_pp_1p8_pc_2p2_cont_4p0_8p0,hsl01454808,1.0504,0.0800,0.1067,0.8133
hsl014548,15082026_16k_production_4_seeds_4_sizes_20260818_pp_1p8_pc_2p2_cont_4p0_8p0,hsl01454809,1.1712,0.0533,0.0933,0.8533
hsl014548,15082026_16k_production_4_seeds_4_sizes_20260818_pp_1p8_pc_2p2_cont_4p0_8p0,hsl01454810,1.2295,0.0533,0.1200,0.8267
hsl014548,15082026_16k_production_4_seeds_4_sizes_20260818_pp_1p8_pc_2p2_cont_4p0_8p0,hsl01454811,1.0480,0.0800,0.1067,0.8133
hsl014548,15082026_16k_production_4_seeds_4_sizes_20260818_pp_1p8_pc_2p2_cont_4p0_8p0,hsl01454812,1.1442,0.0800,0.0933,0.8267
hsl014548,15082026_16k_production_4_seeds_4_sizes_20260818_pp_1p8_pc_2p2_cont_4p0_8p0,hsl01454813,1.0618,0.0667,0.1200,0.8133
hsl014548,15082026_16k_production_4_seeds_4_sizes_20260818_pp_1p8_pc_2p2_cont_4p0_8p0,hsl01454814,1.0614,0.0667,0.1200,0.8133
hsl014548,15082026_16k_production_4_seeds_4_sizes_20260818_pp_1p8_pc_2p2_cont_4p0_8p0,hsl01454815,1.0791,0.0800,0.1067,0.8133
hsl014707,15082026_16k_production_4_seeds_4_sizes_20260818_pp_1p8_pc_2p2_cont_4p0_8p0,hsl01470700,1.0152,0.0385,0.1026,0.8590
hsl014707,15082026_16k_production_4_seeds_4_sizes_20260818_pp_1p8_pc_2p2_cont_4p0_8p0,hsl01470701,1.0271,0.0385,0.1154,0.8462
hsl014707,15082026_16k_production_4_seeds_4_sizes_20260818_pp_1p8_pc_2p2_cont_4p0_8p0,hsl01470702,0.9829,0.0641,0.0897,0.8462
hsl014707,15082026_16k_production_4_seeds_4_sizes_20260818_pp_1p8_pc_2p2_cont_4p0_8p0,hsl01470703,1.0238,0.0513,0.1282,0.8205
hsl014707,15082026_16k_production_4_seeds_4_sizes_20260818_pp_1p8_pc_2p2_cont_4p0_8p0,hsl01470704,1.0608,0.0385,0.1282,0.8333
hsl014707,15082026_16k_production_4_seeds_4_sizes_20260818_pp_1p8_pc_2p2_cont_4p0_8p0,hsl01470705,1.0547,0.0769,0.1154,0.8077
hsl014707,15082026_16k_production_4_seeds_4_sizes_20260818_pp_1p8_pc_2p2_cont_4p0_8p0,hsl01470706,1.0239,0.0641,0.1026,0.8333
hsl014707,15082026_16k_production_4_seeds_4_sizes_20260818_pp_1p8_pc_2p2_cont_4p0_8p0,hsl01470707,1.1247,0.0641,0.0897,0.8462
hsl014707,15082026_16k_production_4_seeds_4_sizes_20260818_pp_1p8_pc_2p2_cont_4p0_8p0,hsl01470708,1.0217,0.0641,0.1154,0.8205
hsl014707,15082026_16k_production_4_seeds_4_sizes_20260818_pp_1p8_pc_2p2_cont_4p0_8p0,hsl01470709,0.9834,0.0769,0.1282,0.7949
hsl014707,15082026_16k_production_4_seeds_4_sizes_20260818_pp_1p8_pc_2p2_cont_4p0_8p0,hsl01470710,1.0667,0.0385,0.1154,0.8462
hsl014707,15082026_16k_production_4_seeds_4_sizes_20260818_pp_1p8_pc_2p2_cont_4p0_8p0,hsl01470711,0.9908,0.0769,0.1154,0.8077
hsl014707,15082026_16k_production_4_seeds_4_sizes_20260818_pp_1p8_pc_2p2_cont_4p0_8p0,hsl01470712,1.0436,0.0641,0.1026,0.8333
hsl014707,15082026_16k_production_4_seeds_4_sizes_20260818_pp_1p8_pc_2p2_cont_4p0_8p0,hsl01470713,0.9898,0.0513,0.1026,0.8462
hsl014707,15082026_16k_production_4_seeds_4_sizes_20260818_pp_1p8_pc_2p2_cont_4p0_8p0,hsl01470714,1.0143,0.0385,0.1154,0.8462
hsl014707,15082026_16k_production_4_seeds_4_sizes_20260818_pp_1p8_pc_2p2_cont_4p0_8p0,hsl01470715,1.1041,0.0256,0.0897,0.8846
hsl014812,15082026_16k_production_4_seeds_4_sizes_20260818_pp_1p8_pc_2p2_cont_4p0_8p0,hsl01481200,1.1085,0.0130,0.1299,0.8571
hsl014812,15082026_16k_production_4_seeds_4_sizes_20260818_pp_1p8_pc_2p2_cont_4p0_8p0,hsl01481201,1.1760,0.0260,0.1169,0.8571
hsl014812,15082026_16k_production_4_seeds_4_sizes_20260818_pp_1p8_pc_2p2_cont_4p0_8p0,hsl01481202,1.1940,0.0260,0.1169,0.8571
hsl014812,15082026_16k_production_4_seeds_4_sizes_20260818_pp_1p8_pc_2p2_cont_4p0_8p0,hsl01481203,1.1597,0.0130,0.1039,0.8831
hsl014812,15082026_16k_production_4_seeds_4_sizes_20260818_pp_1p8_pc_2p2_cont_4p0_8p0,hsl01481204,1.1356,0.0260,0.1039,0.8701
hsl014812,15082026_16k_production_4_seeds_4_sizes_20260818_pp_1p8_pc_2p2_cont_4p0_8p0,hsl01481205,1.1827,0.0260,0.1169,0.8571
hsl014812,15082026_16k_production_4_seeds_4_sizes_20260818_pp_1p8_pc_2p2_cont_4p0_8p0,hsl01481206,1.2086,0.0260,0.1039,0.8701
hsl014812,15082026_16k_production_4_seeds_4_sizes_20260818_pp_1p8_pc_2p2_cont_4p0_8p0,hsl01481207,1.2249,0.0130,0.1039,0.8831
hsl014812,15082026_16k_production_4_seeds_4_sizes_20260818_pp_1p8_pc_2p2_cont_4p0_8p0,hsl01481208,1.2176,0.0390,0.1169,0.8442
hsl014812,15082026_16k_production_4_seeds_4_sizes_20260818_pp_1p8_pc_2p2_cont_4p0_8p0,hsl01481209,1.1587,0.0260,0.1169,0.8571
hsl014812,15082026_16k_production_4_seeds_4_sizes_20260818_pp_1p8_pc_2p2_cont_4p0_8p0,hsl01481210,1.0855,0.0260,0.1169,0.8571
hsl014812,15082026_16k_production_4_seeds_4_sizes_20260818_pp_1p8_pc_2p2_cont_4p0_8p0,hsl01481211,1.2166,0.0130,0.1169,0.8701
hsl014812,15082026_16k_production_4_seeds_4_sizes_20260818_pp_1p8_pc_2p2_cont_4p0_8p0,hsl01481212,1.1261,0.0390,0.1039,0.8571
hsl014812,15082026_16k_production_4_seeds_4_sizes_20260818_pp_1p8_pc_2p2_cont_4p0_8p0,hsl01481213,1.1418,0.0130,0.1299,0.8571
hsl014812,15082026_16k_production_4_seeds_4_sizes_20260818_pp_1p8_pc_2p2_cont_4p0_8p0,hsl01481214,1.1683,0.0260,0.1169,0.8571
hsl014812,15082026_16k_production_4_seeds_4_sizes_20260818_pp_1p8_pc_2p2_cont_4p0_8p0,hsl01481215,1.1824,0.0130,0.1039,0.8831
hsl014968,15082026_16k_production_4_seeds_4_sizes_20260818_pp_1p8_pc_2p2_cont_4p0_8p0,hsl01496800,1.1358,0.0317,0.1270,0.8413
hsl014968,15082026_16k_production_4_seeds_4_sizes_20260818_pp_1p8_pc_2p2_cont_4p0_8p0,hsl01496801,1.1498,0.0317,0.1270,0.8413
hsl014968,15082026_16k_production_4_seeds_4_sizes_20260818_pp_1p8_pc_2p2_cont_4p0_8p0,hsl01496802,1.1871,0.0476,0.1270,0.8254
hsl014968,15082026_16k_production_4_seeds_4_sizes_20260818_pp_1p8_pc_2p2_cont_4p0_8p0,hsl01496803,1.2385,0.0476,0.1429,0.8095
hsl014968,15082026_16k_production_4_seeds_4_sizes_20260818_pp_1p8_pc_2p2_cont_4p0_8p0,hsl01496804,1.2319,0.0476,0.1270,0.8254
hsl014968,15082026_16k_production_4_seeds_4_sizes_20260818_pp_1p8_pc_2p2_cont_4p0_8p0,hsl01496805,1.1527,0.0476,0.1270,0.8254
hsl014968,15082026_16k_production_4_seeds_4_sizes_20260818_pp_1p8_pc_2p2_cont_4p0_8p0,hsl01496806,1.2074,0.0317,0.1270,0.8413
hsl014968,15082026_16k_production_4_seeds_4_sizes_20260818_pp_1p8_pc_2p2_cont_4p0_8p0,hsl01496807,1.1525,0.0635,0.1429,0.7937
hsl014968,15082026_16k_production_4_seeds_4_sizes_20260818_pp_1p8_pc_2p2_cont_4p0_8p0,hsl01496808,1.1085,0.0635,0.1429,0.7937
hsl014968,15082026_16k_production_4_seeds_4_sizes_20260818_pp_1p8_pc_2p2_cont_4p0_8p0,hsl01496809,1.0656,0.0476,0.1270,0.8254
hsl014968,15082026_16k_production_4_seeds_4_sizes_20260818_pp_1p8_pc_2p2_cont_4p0_8p0,hsl01496810,1.2546,0.0635,0.1587,0.7778
hsl014968,15082026_16k_production_4_seeds_4_sizes_20260818_pp_1p8_pc_2p2_cont_4p0_8p0,hsl01496811,1.1844,0.0317,0.1429,0.8254
hsl014968,15082026_16k_production_4_seeds_4_sizes_20260818_pp_1p8_pc_2p2_cont_4p0_8p0,hsl01496812,1.1471,0.0000,0.1429,0.8571
hsl014968,15082026_16k_production_4_seeds_4_sizes_20260818_pp_1p8_pc_2p2_cont_4p0_8p0,hsl01496813,1.1554,0.0635,0.1270,0.8095
hsl014968,15082026_16k_production_4_seeds_4_sizes_20260818_pp_1p8_pc_2p2_cont_4p0_8p0,hsl01496814,1.1865,0.0317,0.1270,0.8413
hsl014968,15082026_16k_production_4_seeds_4_sizes_20260818_pp_1p8_pc_2p2_cont_4p0_8p0,hsl01496815,1.2307,0.0159,0.1429,0.8413
hsm013072,15082026_16k_production_4_seeds_4_sizes_20260818_pp_1p8_pc_2p2_cont_4p0_8p0,hsm01307200,1.2090,0.0333,0.0833,0.8833
hsm013072,15082026_16k_production_4_seeds_4_sizes_20260818_pp_1p8_pc_2p2_cont_4p0_8p0,hsm01307201,1.2498,0.0167,0.0667,0.9167
hsm013072,15082026_16k_production_4_seeds_4_sizes_20260818_pp_1p8_pc_2p2_cont_4p0_8p0,hsm01307202,1.1703,0.0333,0.0833,0.8833
hsm013072,15082026_16k_production_4_seeds_4_sizes_20260818_pp_1p8_pc_2p2_cont_4p0_8p0,hsm01307203,1.2424,0.0000,0.0833,0.9167
hsm013072,15082026_16k_production_4_seeds_4_sizes_20260818_pp_1p8_pc_2p2_cont_4p0_8p0,hsm01307204,1.2169,0.0167,0.0667,0.9167
hsm013072,15082026_16k_production_4_seeds_4_sizes_20260818_pp_1p8_pc_2p2_cont_4p0_8p0,hsm01307205,1.2602,0.0333,0.0667,0.9000
hsm013072,15082026_16k_production_4_seeds_4_sizes_20260818_pp_1p8_pc_2p2_cont_4p0_8p0,hsm01307206,1.2586,0.0000,0.0833,0.9167
hsm013072,15082026_16k_production_4_seeds_4_sizes_20260818_pp_1p8_pc_2p2_cont_4p0_8p0,hsm01307207,1.2334,0.0167,0.0500,0.9333
hsm013072,15082026_16k_production_4_seeds_4_sizes_20260818_pp_1p8_pc_2p2_cont_4p0_8p0,hsm01307208,1.1445,0.0333,0.0667,0.9000
hsm013072,15082026_16k_production_4_seeds_4_sizes_20260818_pp_1p8_pc_2p2_cont_4p0_8p0,hsm01307209,1.1678,0.0333,0.0833,0.8833
hsm013072,15082026_16k_production_4_seeds_4_sizes_20260818_pp_1p8_pc_2p2_cont_4p0_8p0,hsm01307210,1.2542,0.0000,0.0833,0.9167
hsm013072,15082026_16k_production_4_seeds_4_sizes_20260818_pp_1p8_pc_2p2_cont_4p0_8p0,hsm01307211,1.2080,0.0333,0.0667,0.9000
hsm013072,15082026_16k_production_4_seeds_4_sizes_20260818_pp_1p8_pc_2p2_cont_4p0_8p0,hsm01307212,1.3156,0.0333,0.0833,0.8833
hsm013072,15082026_16k_production_4_seeds_4_sizes_20260818_pp_1p8_pc_2p2_cont_4p0_8p0,hsm01307213,1.2000,0.0333,0.0667,0.9000
hsm013072,15082026_16k_production_4_seeds_4_sizes_20260818_pp_1p8_pc_2p2_cont_4p0_8p0,hsm01307214,1.1405,0.0333,0.0833,0.8833
hsm013072,15082026_16k_production_4_seeds_4_sizes_20260818_pp_1p8_pc_2p2_cont_4p0_8p0,hsm01307215,1.1680,0.0333,0.0667,0.9000
hsm013080,15082026_16k_production_4_seeds_4_sizes_20260818_pp_1p8_pc_2p2_cont_4p0_8p0,hsm01308000,1.0502,0.0508,0.1017,0.8475
hsm013080,15082026_16k_production_4_seeds_4_sizes_20260818_pp_1p8_pc_2p2_cont_4p0_8p0,hsm01308001,1.0848,0.0508,0.1017,0.8475
hsm013080,15082026_16k_production_4_seeds_4_sizes_20260818_pp_1p8_pc_2p2_cont_4p0_8p0,hsm01308002,1.1611,0.0000,0.0847,0.9153
hsm013080,15082026_16k_production_4_seeds_4_sizes_20260818_pp_1p8_pc_2p2_cont_4p0_8p0,hsm01308003,1.0700,0.0508,0.1017,0.8475
hsm013080,15082026_16k_production_4_seeds_4_sizes_20260818_pp_1p8_pc_2p2_cont_4p0_8p0,hsm01308004,1.1706,0.0339,0.1017,0.8644
hsm013080,15082026_16k_production_4_seeds_4_sizes_20260818_pp_1p8_pc_2p2_cont_4p0_8p0,hsm01308005,0.9940,0.0508,0.1017,0.8475
hsm013080,15082026_16k_production_4_seeds_4_sizes_20260818_pp_1p8_pc_2p2_cont_4p0_8p0,hsm01308006,1.1794,0.0339,0.1017,0.8644
hsm013080,15082026_16k_production_4_seeds_4_sizes_20260818_pp_1p8_pc_2p2_cont_4p0_8p0,hsm01308007,1.0864,0.0508,0.1017,0.8475
hsm013080,15082026_16k_production_4_seeds_4_sizes_20260818_pp_1p8_pc_2p2_cont_4p0_8p0,hsm01308008,1.2154,0.0169,0.0847,0.8983
hsm013080,15082026_16k_production_4_seeds_4_sizes_20260818_pp_1p8_pc_2p2_cont_4p0_8p0,hsm01308009,1.1375,0.0000,0.0847,0.9153
hsm013080,15082026_16k_production_4_seeds_4_sizes_20260818_pp_1p8_pc_2p2_cont_4p0_8p0,hsm01308010,1.0706,0.0508,0.1017,0.8475
hsm013080,15082026_16k_production_4_seeds_4_sizes_20260818_pp_1p8_pc_2p2_cont_4p0_8p0,hsm01308011,1.0931,0.0169,0.1017,0.8814
hsm013080,15082026_16k_production_4_seeds_4_sizes_20260818_pp_1p8_pc_2p2_cont_4p0_8p0,hsm01308012,1.0375,0.0508,0.1017,0.8475
hsm013080,15082026_16k_production_4_seeds_4_sizes_20260818_pp_1p8_pc_2p2_cont_4p0_8p0,hsm01308013,1.1440,0.0339,0.1017,0.8644
hsm013080,15082026_16k_production_4_seeds_4_sizes_20260818_pp_1p8_pc_2p2_cont_4p0_8p0,hsm01308014,1.0517,0.0508,0.1017,0.8475
hsm013080,15082026_16k_production_4_seeds_4_sizes_20260818_pp_1p8_pc_2p2_cont_4p0_8p0,hsm01308015,1.1336,0.0000,0.0847,0.9153
hsm013640,15082026_16k_production_4_seeds_4_sizes_20260818_pp_1p8_pc_2p2_cont_4p0_8p0,hsm01364000,1.1171,0.0339,0.1017,0.8644
hsm013640,15082026_16k_production_4_seeds_4_sizes_20260818_pp_1p8_pc_2p2_cont_4p0_8p0,hsm01364001,1.1267,0.0339,0.1186,0.8475
hsm013640,15082026_16k_production_4_seeds_4_sizes_20260818_pp_1p8_pc_2p2_cont_4p0_8p0,hsm01364002,1.2210,0.0339,0.1017,0.8644
hsm013640,15082026_16k_production_4_seeds_4_sizes_20260818_pp_1p8_pc_2p2_cont_4p0_8p0,hsm01364003,1.2205,0.0339,0.1186,0.8475
hsm013640,15082026_16k_production_4_seeds_4_sizes_20260818_pp_1p8_pc_2p2_cont_4p0_8p0,hsm01364004,1.1260,0.0339,0.1186,0.8475
hsm013640,15082026_16k_production_4_seeds_4_sizes_20260818_pp_1p8_pc_2p2_cont_4p0_8p0,hsm01364005,1.1074,0.0339,0.1186,0.8475
hsm013640,15082026_16k_production_4_seeds_4_sizes_20260818_pp_1p8_pc_2p2_cont_4p0_8p0,hsm01364006,1.2124,0.0339,0.1017,0.8644
hsm013640,15082026_16k_production_4_seeds_4_sizes_20260818_pp_1p8_pc_2p2_cont_4p0_8p0,hsm01364007,1.1115,0.0339,0.1186,0.8475
hsm013640,15082026_16k_production_4_seeds_4_sizes_20260818_pp_1p8_pc_2p2_cont_4p0_8p0,hsm01364008,1.1725,0.0339,0.1186,0.8475
hsm013640,15082026_16k_production_4_seeds_4_sizes_20260818_pp_1p8_pc_2p2_cont_4p0_8p0,hsm01364009,1.1699,0.0339,0.1017,0.8644
hsm013640,15082026_16k_production_4_seeds_4_sizes_20260818_pp_1p8_pc_2p2_cont_4p0_8p0,hsm01364010,1.1114,0.0339,0.1186,0.8475
hsm013640,15082026_16k_production_4_seeds_4_sizes_20260818_pp_1p8_pc_2p2_cont_4p0_8p0,hsm01364011,1.1321,0.0339,0.1186,0.8475
hsm013640,15082026_16k_production_4_seeds_4_sizes_20260818_pp_1p8_pc_2p2_cont_4p0_8p0,hsm01364012,1.1795,0.0339,0.1186,0.8475
hsm013640,15082026_16k_production_4_seeds_4_sizes_20260818_pp_1p8_pc_2p2_cont_4p0_8p0,hsm01364013,1.1333,0.0508,0.1186,0.8305
hsm013640,15082026_16k_production_4_seeds_4_sizes_20260818_pp_1p8_pc_2p2_cont_4p0_8p0,hsm01364014,1.1580,0.0339,0.1017,0.8644
hsm013640,15082026_16k_production_4_seeds_4_sizes_20260818_pp_1p8_pc_2p2_cont_4p0_8p0,hsm01364015,1.1339,0.0339,0.1017,0.8644
hsx015039,15082026_16k_production_4_seeds_4_sizes_20260818_pp_1p8_pc_2p2_cont_4p0_8p0,hsx01503900,1.4639,0.0652,0.1413,0.7935
hsx015039,15082026_16k_production_4_seeds_4_sizes_20260818_pp_1p8_pc_2p2_cont_4p0_8p0,hsx01503901,1.3395,0.1087,0.1630,0.7283
hsx015039,15082026_16k_production_4_seeds_4_sizes_20260818_pp_1p8_pc_2p2_cont_4p0_8p0,hsx01503902,1.5021,0.0761,0.1304,0.7935
hsx015039,15082026_16k_production_4_seeds_4_sizes_20260818_pp_1p8_pc_2p2_cont_4p0_8p0,hsx01503903,1.5750,0.0761,0.1087,0.8152
hsx015039,15082026_16k_production_4_seeds_4_sizes_20260818_pp_1p8_pc_2p2_cont_4p0_8p0,hsx01503904,1.4625,0.0978,0.1522,0.7500
hsx015039,15082026_16k_production_4_seeds_4_sizes_20260818_pp_1p8_pc_2p2_cont_4p0_8p0,hsx01503905,1.2497,0.2065,0.1630,0.6304
hsx015039,15082026_16k_production_4_seeds_4_sizes_20260818_pp_1p8_pc_2p2_cont_4p0_8p0,hsx01503906,1.4180,0.0217,0.1739,0.8043
hsx015039,15082026_16k_production_4_seeds_4_sizes_20260818_pp_1p8_pc_2p2_cont_4p0_8p0,hsx01503907,1.3804,0.0978,0.1522,0.7500
hsx015039,15082026_16k_production_4_seeds_4_sizes_20260818_pp_1p8_pc_2p2_cont_4p0_8p0,hsx01503908,1.3984,0.0652,0.1630,0.7717
hsx015039,15082026_16k_production_4_seeds_4_sizes_20260818_pp_1p8_pc_2p2_cont_4p0_8p0,hsx01503909,1.4128,0.0761,0.1413,0.7826
hsx015039,15082026_16k_production_4_seeds_4_sizes_20260818_pp_1p8_pc_2p2_cont_4p0_8p0,hsx01503910,1.4170,0.1196,0.1630,0.7174
hsx015039,15082026_16k_production_4_seeds_4_sizes_20260818_pp_1p8_pc_2p2_cont_4p0_8p0,hsx01503911,1.4380,0.1848,0.1848,0.6304
hsx015039,15082026_16k_production_4_seeds_4_sizes_20260818_pp_1p8_pc_2p2_cont_4p0_8p0,hsx01503912,1.5653,0.0761,0.0978,0.8261
hsx015039,15082026_16k_production_4_seeds_4_sizes_20260818_pp_1p8_pc_2p2_cont_4p0_8p0,hsx01503913,1.4014,0.0326,0.1739,0.7935
hsx015039,15082026_16k_production_4_seeds_4_sizes_20260818_pp_1p8_pc_2p2_cont_4p0_8p0,hsx01503914,1.4490,0.0761,0.1739,0.7500
hsx015039,15082026_16k_production_4_seeds_4_sizes_20260818_pp_1p8_pc_2p2_cont_4p0_8p0,hsx01503915,1.4447,0.0652,0.1739,0.7609
hsx015069,15082026_16k_production_4_seeds_4_sizes_20260818_pp_1p8_pc_2p2_cont_4p0_8p0,hsx01506900,1.1016,0.0349,0.0465,0.9186
hsx015069,15082026_16k_production_4_seeds_4_sizes_20260818_pp_1p8_pc_2p2_cont_4p0_8p0,hsx01506901,1.0668,0.0349,0.0465,0.9186
hsx015069,15082026_16k_production_4_seeds_4_sizes_20260818_pp_1p8_pc_2p2_cont_4p0_8p0,hsx01506902,1.1061,0.0233,0.0465,0.9302
hsx015069,15082026_16k_production_4_seeds_4_sizes_20260818_pp_1p8_pc_2p2_cont_4p0_8p0,hsx01506903,1.1884,0.0233,0.0349,0.9419
hsx015069,15082026_16k_production_4_seeds_4_sizes_20260818_pp_1p8_pc_2p2_cont_4p0_8p0,hsx01506904,1.0824,0.0465,0.0465,0.9070
hsx015069,15082026_16k_production_4_seeds_4_sizes_20260818_pp_1p8_pc_2p2_cont_4p0_8p0,hsx01506905,1.1320,0.0233,0.0465,0.9302
hsx015069,15082026_16k_production_4_seeds_4_sizes_20260818_pp_1p8_pc_2p2_cont_4p0_8p0,hsx01506906,1.1297,0.0349,0.0349,0.9302
hsx015069,15082026_16k_production_4_seeds_4_sizes_20260818_pp_1p8_pc_2p2_cont_4p0_8p0,hsx01506907,1.0711,0.0349,0.0349,0.9302
hsx015069,15082026_16k_production_4_seeds_4_sizes_20260818_pp_1p8_pc_2p2_cont_4p0_8p0,hsx01506908,1.0796,0.0349,0.0465,0.9186
hsx015069,15082026_16k_production_4_seeds_4_sizes_20260818_pp_1p8_pc_2p2_cont_4p0_8p0,hsx01506909,1.1339,0.0465,0.0349,0.9186
hsx015069,15082026_16k_production_4_seeds_4_sizes_20260818_pp_1p8_pc_2p2_cont_4p0_8p0,hsx01506910,1.0909,0.0349,0.0581,0.9070
hsx015069,15082026_16k_production_4_seeds_4_sizes_20260818_pp_1p8_pc_2p2_cont_4p0_8p0,hsx01506911,1.1227,0.0233,0.0465,0.9302
hsx015069,15082026_16k_production_4_seeds_4_sizes_20260818_pp_1p8_pc_2p2_cont_4p0_8p0,hsx01506912,1.0415,0.0233,0.0581,0.9186
hsx015069,15082026_16k_production_4_seeds_4_sizes_20260818_pp_1p8_pc_2p2_cont_4p0_8p0,hsx01506913,1.1665,0.0349,0.0465,0.9186
hsx015069,15082026_16k_production_4_seeds_4_sizes_20260818_pp_1p8_pc_2p2_cont_4p0_8p0,hsx01506914,1.1044,0.0349,0.0581,0.9070
hsx015069,15082026_16k_production_4_seeds_4_sizes_20260818_pp_1p8_pc_2p2_cont_4p0_8p0,hsx01506915,1.1474,0.0233,0.0349,0.9419
hsx015165,15082026_16k_production_4_seeds_4_sizes_20260818_pp_1p8_pc_2p2_cont_4p0_8p0,hsx01516500,1.0053,0.0306,0.1020,0.8673
hsx015165,15082026_16k_production_4_seeds_4_sizes_20260818_pp_1p8_pc_2p2_cont_4p0_8p0,hsx01516501,1.0152,0.0306,0.0918,0.8776
hsx015165,15082026_16k_production_4_seeds_4_sizes_20260818_pp_1p8_pc_2p2_cont_4p0_8p0,hsx01516502,1.0223,0.0510,0.0918,0.8571
hsx015165,15082026_16k_production_4_seeds_4_sizes_20260818_pp_1p8_pc_2p2_cont_4p0_8p0,hsx01516503,1.0794,0.0306,0.0918,0.8776
hsx015165,15082026_16k_production_4_seeds_4_sizes_20260818_pp_1p8_pc_2p2_cont_4p0_8p0,hsx01516504,0.9627,0.0510,0.1224,0.8265
hsx015165,15082026_16k_production_4_seeds_4_sizes_20260818_pp_1p8_pc_2p2_cont_4p0_8p0,hsx01516505,1.0110,0.0408,0.0816,0.8776
hsx015165,15082026_16k_production_4_seeds_4_sizes_20260818_pp_1p8_pc_2p2_cont_4p0_8p0,hsx01516506,1.0603,0.0306,0.1020,0.8673
hsx015165,15082026_16k_production_4_seeds_4_sizes_20260818_pp_1p8_pc_2p2_cont_4p0_8p0,hsx01516507,1.0232,0.0204,0.1020,0.8776
hsx015165,15082026_16k_production_4_seeds_4_sizes_20260818_pp_1p8_pc_2p2_cont_4p0_8p0,hsx01516508,1.0593,0.0408,0.0918,0.8673
hsx015165,15082026_16k_production_4_seeds_4_sizes_20260818_pp_1p8_pc_2p2_cont_4p0_8p0,hsx01516509,1.0146,0.0306,0.0918,0.8776
hsx015165,15082026_16k_production_4_seeds_4_sizes_20260818_pp_1p8_pc_2p2_cont_4p0_8p0,hsx01516510,1.0646,0.0306,0.1122,0.8571
hsx015165,15082026_16k_production_4_seeds_4_sizes_20260818_pp_1p8_pc_2p2_cont_4p0_8p0,hsx01516511,1.0491,0.0306,0.1122,0.8571
hsx015165,15082026_16k_production_4_seeds_4_sizes_20260818_pp_1p8_pc_2p2_cont_4p0_8p0,hsx01516512,1.0419,0.0306,0.1020,0.8673
hsx015165,15082026_16k_production_4_seeds_4_sizes_20260818_pp_1p8_pc_2p2_cont_4p0_8p0,hsx01516513,1.0722,0.0408,0.0816,0.8776
hsx015165,15082026_16k_production_4_seeds_4_sizes_20260818_pp_1p8_pc_2p2_cont_4p0_8p0,hsx01516514,1.1216,0.0306,0.0918,0.8776
hsx015165,15082026_16k_production_4_seeds_4_sizes_20260818_pp_1p8_pc_2p2_cont_4p0_8p0,hsx01516515,1.0158,0.0408,0.0918,0.8673
hsx015313,15082026_16k_production_4_seeds_4_sizes_20260818_pp_1p8_pc_2p2_cont_4p0_8p0,hsx01531300,1.1090,0.1250,0.1023,0.7727
hsx015313,15082026_16k_production_4_seeds_4_sizes_20260818_pp_1p8_pc_2p2_cont_4p0_8p0,hsx01531301,1.1006,0.1364,0.0909,0.7727
hsx015313,15082026_16k_production_4_seeds_4_sizes_20260818_pp_1p8_pc_2p2_cont_4p0_8p0,hsx01531302,1.0567,0.1705,0.0909,0.7386
hsx015313,15082026_16k_production_4_seeds_4_sizes_20260818_pp_1p8_pc_2p2_cont_4p0_8p0,hsx01531303,1.1472,0.1250,0.1023,0.7727
hsx015313,15082026_16k_production_4_seeds_4_sizes_20260818_pp_1p8_pc_2p2_cont_4p0_8p0,hsx01531304,1.1460,0.1250,0.1023,0.7727
hsx015313,15082026_16k_production_4_seeds_4_sizes_20260818_pp_1p8_pc_2p2_cont_4p0_8p0,hsx01531305,1.1121,0.1136,0.0909,0.7955
hsx015313,15082026_16k_production_4_seeds_4_sizes_20260818_pp_1p8_pc_2p2_cont_4p0_8p0,hsx01531306,1.1322,0.1136,0.1023,0.7841
hsx015313,15082026_16k_production_4_seeds_4_sizes_20260818_pp_1p8_pc_2p2_cont_4p0_8p0,hsx01531307,1.1103,0.1477,0.0909,0.7614
hsx015313,15082026_16k_production_4_seeds_4_sizes_20260818_pp_1p8_pc_2p2_cont_4p0_8p0,hsx01531308,1.1025,0.1250,0.1023,0.7727
hsx015313,15082026_16k_production_4_seeds_4_sizes_20260818_pp_1p8_pc_2p2_cont_4p0_8p0,hsx01531309,1.1401,0.1023,0.0795,0.8182
hsx015313,15082026_16k_production_4_seeds_4_sizes_20260818_pp_1p8_pc_2p2_cont_4p0_8p0,hsx01531310,1.1601,0.1136,0.1136,0.7727
hsx015313,15082026_16k_production_4_seeds_4_sizes_20260818_pp_1p8_pc_2p2_cont_4p0_8p0,hsx01531311,1.1583,0.1023,0.1136,0.7841
hsx015313,15082026_16k_production_4_seeds_4_sizes_20260818_pp_1p8_pc_2p2_cont_4p0_8p0,hsx01531312,1.1937,0.1023,0.0795,0.8182
hsx015313,15082026_16k_production_4_seeds_4_sizes_20260818_pp_1p8_pc_2p2_cont_4p0_8p0,hsx01531313,1.1071,0.1136,0.1136,0.7727
hsx015313,15082026_16k_production_4_seeds_4_sizes_20260818_pp_1p8_pc_2p2_cont_4p0_8p0,hsx01531314,1.1452,0.1023,0.1250,0.7727
hsx015313,15082026_16k_production_4_seeds_4_sizes_20260818_pp_1p8_pc_2p2_cont_4p0_8p0,hsx01531315,1.0822,0.1477,0.0795,0.7727
hsx015406,15082026_16k_production_4_seeds_4_sizes_20260818_pp_1p8_pc_2p2_cont_4p0_8p0,hsx01540600,1.0760,0.1099,0.0989,0.7912
hsx015406,15082026_16k_production_4_seeds_4_sizes_20260818_pp_1p8_pc_2p2_cont_4p0_8p0,hsx01540601,1.0553,0.0879,0.1099,0.8022
hsx015406,15082026_16k_production_4_seeds_4_sizes_20260818_pp_1p8_pc_2p2_cont_4p0_8p0,hsx01540602,1.1103,0.1538,0.1099,0.7363
hsx015406,15082026_16k_production_4_seeds_4_sizes_20260818_pp_1p8_pc_2p2_cont_4p0_8p0,hsx01540603,1.1415,0.0879,0.1099,0.8022
hsx015406,15082026_16k_production_4_seeds_4_sizes_20260818_pp_1p8_pc_2p2_cont_4p0_8p0,hsx01540604,1.1643,0.0769,0.0879,0.8352
hsx015406,15082026_16k_production_4_seeds_4_sizes_20260818_pp_1p8_pc_2p2_cont_4p0_8p0,hsx01540605,1.1200,0.0879,0.0989,0.8132
hsx015406,15082026_16k_production_4_seeds_4_sizes_20260818_pp_1p8_pc_2p2_cont_4p0_8p0,hsx01540606,1.2175,0.0659,0.0989,0.8352
hsx015406,15082026_16k_production_4_seeds_4_sizes_20260818_pp_1p8_pc_2p2_cont_4p0_8p0,hsx01540607,1.1158,0.1099,0.0989,0.7912
hsx015406,15082026_16k_production_4_seeds_4_sizes_20260818_pp_1p8_pc_2p2_cont_4p0_8p0,hsx01540608,1.1053,0.0659,0.1099,0.8242
hsx015406,15082026_16k_production_4_seeds_4_sizes_20260818_pp_1p8_pc_2p2_cont_4p0_8p0,hsx01540609,1.1477,0.0879,0.1099,0.8022
hsx015406,15082026_16k_production_4_seeds_4_sizes_20260818_pp_1p8_pc_2p2_cont_4p0_8p0,hsx01540610,1.1470,0.1099,0.0989,0.7912
hsx015406,15082026_16k_production_4_seeds_4_sizes_20260818_pp_1p8_pc_2p2_cont_4p0_8p0,hsx01540611,1.0524,0.0989,0.0989,0.8022
hsx015406,15082026_16k_production_4_seeds_4_sizes_20260818_pp_1p8_pc_2p2_cont_4p0_8p0,hsx01540612,1.1178,0.1099,0.0989,0.7912
hsx015406,15082026_16k_production_4_seeds_4_sizes_20260818_pp_1p8_pc_2p2_cont_4p0_8p0,hsx01540613,1.0651,0.1099,0.1099,0.7802
hsx015406,15082026_16k_production_4_seeds_4_sizes_20260818_pp_1p8_pc_2p2_cont_4p0_8p0,hsx01540614,1.0469,0.0989,0.0989,0.8022
hsx015406,15082026_16k_production_4_seeds_4_sizes_20260818_pp_1p8_pc_2p2_cont_4p0_8p0,hsx01540615,1.0392,0.0989,0.1099,0.7912
hsx015754,15082026_16k_production_4_seeds_4_sizes_20260818_pp_1p8_pc_2p2_cont_4p0_8p0,hsx01575400,0.9688,0.1196,0.1087,0.7717
hsx015754,15082026_16k_production_4_seeds_4_sizes_20260818_pp_1p8_pc_2p2_cont_4p0_8p0,hsx01575401,1.0311,0.1087,0.1087,0.7826
hsx015754,15082026_16k_production_4_seeds_4_sizes_20260818_pp_1p8_pc_2p2_cont_4p0_8p0,hsx01575402,1.0283,0.1087,0.0978,0.7935
hsx015754,15082026_16k_production_4_seeds_4_sizes_20260818_pp_1p8_pc_2p2_cont_4p0_8p0,hsx01575403,0.9465,0.1087,0.1087,0.7826
hsx015754,15082026_16k_production_4_seeds_4_sizes_20260818_pp_1p8_pc_2p2_cont_4p0_8p0,hsx01575404,0.9438,0.1196,0.0978,0.7826
hsx015754,15082026_16k_production_4_seeds_4_sizes_20260818_pp_1p8_pc_2p2_cont_4p0_8p0,hsx01575405,0.9539,0.0870,0.0978,0.8152
hsx015754,15082026_16k_production_4_seeds_4_sizes_20260818_pp_1p8_pc_2p2_cont_4p0_8p0,hsx01575406,0.9345,0.1087,0.1087,0.7826
hsx015754,15082026_16k_production_4_seeds_4_sizes_20260818_pp_1p8_pc_2p2_cont_4p0_8p0,hsx01575407,0.9549,0.1304,0.1087,0.7609
hsx015754,15082026_16k_production_4_seeds_4_sizes_20260818_pp_1p8_pc_2p2_cont_4p0_8p0,hsx01575408,1.0017,0.0870,0.1087,0.8043
hsx015754,15082026_16k_production_4_seeds_4_sizes_20260818_pp_1p8_pc_2p2_cont_4p0_8p0,hsx01575409,1.0478,0.1413,0.0978,0.7609
hsx015754,15082026_16k_production_4_seeds_4_sizes_20260818_pp_1p8_pc_2p2_cont_4p0_8p0,hsx01575410,0.8893,0.1304,0.0978,0.7717
hsx015754,15082026_16k_production_4_seeds_4_sizes_20260818_pp_1p8_pc_2p2_cont_4p0_8p0,hsx01575411,0.9216,0.1196,0.0978,0.7826
hsx015754,15082026_16k_production_4_seeds_4_sizes_20260818_pp_1p8_pc_2p2_cont_4p0_8p0,hsx01575412,0.9133,0.1413,0.0978,0.7609
hsx015754,15082026_16k_production_4_seeds_4_sizes_20260818_pp_1p8_pc_2p2_cont_4p0_8p0,hsx01575413,1.0217,0.0870,0.0978,0.8152
hsx015754,15082026_16k_production_4_seeds_4_sizes_20260818_pp_1p8_pc_2p2_cont_4p0_8p0,hsx01575414,1.0164,0.1196,0.0978,0.7826
hsx015754,15082026_16k_production_4_seeds_4_sizes_20260818_pp_1p8_pc_2p2_cont_4p0_8p0,hsx01575415,1.0577,0.0978,0.0978,0.8043
hsx015864,15082026_16k_production_4_seeds_4_sizes_20260818_pp_1p8_pc_2p2_cont_4p0_8p0,hsx01586400,1.0951,0.1098,0.0976,0.7927
hsx015864,15082026_16k_production_4_seeds_4_sizes_20260818_pp_1p8_pc_2p2_cont_4p0_8p0,hsx01586401,1.1638,0.1098,0.0976,0.7927
hsx015864,15082026_16k_production_4_seeds_4_sizes_20260818_pp_1p8_pc_2p2_cont_4p0_8p0,hsx01586402,1.0788,0.0610,0.1098,0.8293
hsx015864,15082026_16k_production_4_seeds_4_sizes_20260818_pp_1p8_pc_2p2_cont_4p0_8p0,hsx01586403,1.1617,0.0976,0.1341,0.7683
hsx015864,15082026_16k_production_4_seeds_4_sizes_20260818_pp_1p8_pc_2p2_cont_4p0_8p0,hsx01586404,1.1469,0.0488,0.1220,0.8293
hsx015864,15082026_16k_production_4_seeds_4_sizes_20260818_pp_1p8_pc_2p2_cont_4p0_8p0,hsx01586405,1.1220,0.0854,0.1098,0.8049
hsx015864,15082026_16k_production_4_seeds_4_sizes_20260818_pp_1p8_pc_2p2_cont_4p0_8p0,hsx01586406,1.0886,0.0610,0.1220,0.8171
hsx015864,15082026_16k_production_4_seeds_4_sizes_20260818_pp_1p8_pc_2p2_cont_4p0_8p0,hsx01586407,1.1267,0.0976,0.1220,0.7805
hsx015864,15082026_16k_production_4_seeds_4_sizes_20260818_pp_1p8_pc_2p2_cont_4p0_8p0,hsx01586408,1.2750,0.0610,0.1220,0.8171
hsx015864,15082026_16k_production_4_seeds_4_sizes_20260818_pp_1p8_pc_2p2_cont_4p0_8p0,hsx01586409,1.1385,0.0854,0.0976,0.8171
hsx015864,15082026_16k_production_4_seeds_4_sizes_20260818_pp_1p8_pc_2p2_cont_4p0_8p0,hsx01586410,1.1421,0.0488,0.1098,0.8415
hsx015864,15082026_16k_production_4_seeds_4_sizes_20260818_pp_1p8_pc_2p2_cont_4p0_8p0,hsx01586411,1.1120,0.0976,0.0976,0.8049
hsx015864,15082026_16k_production_4_seeds_4_sizes_20260818_pp_1p8_pc_2p2_cont_4p0_8p0,hsx01586412,1.0666,0.1341,0.1220,0.7439
hsx015864,15082026_16k_production_4_seeds_4_sizes_20260818_pp_1p8_pc_2p2_cont_4p0_8p0,hsx01586413,1.1080,0.0854,0.1098,0.8049
hsx015864,15082026_16k_production_4_seeds_4_sizes_20260818_pp_1p8_pc_2p2_cont_4p0_8p0,hsx01586414,1.0992,0.0854,0.1341,0.7805
hsx015864,15082026_16k_production_4_seeds_4_sizes_20260818_pp_1p8_pc_2p2_cont_4p0_8p0,hsx01586415,1.0543,0.0976,0.1463,0.7561
htl006254,15082026_16k_production_4_seeds_4_sizes_20260818_pp_1p8_pc_2p2_cont_4p0_8p0,htl00625400,1.1251,0.0769,0.1077,0.8154
htl006254,15082026_16k_production_4_seeds_4_sizes_20260818_pp_1p8_pc_2p2_cont_4p0_8p0,htl00625401,0.9631,0.0923,0.1077,0.8000
htl006254,15082026_16k_production_4_seeds_4_sizes_20260818_pp_1p8_pc_2p2_cont_4p0_8p0,htl00625402,1.1003,0.1077,0.1077,0.7846
htl006254,15082026_16k_production_4_seeds_4_sizes_20260818_pp_1p8_pc_2p2_cont_4p0_8p0,htl00625403,0.9471,0.0923,0.1077,0.8000
htl006254,15082026_16k_production_4_seeds_4_sizes_20260818_pp_1p8_pc_2p2_cont_4p0_8p0,htl00625404,1.0665,0.0923,0.1077,0.8000
htl006254,15082026_16k_production_4_seeds_4_sizes_20260818_pp_1p8_pc_2p2_cont_4p0_8p0,htl00625405,0.9646,0.0769,0.1077,0.8154
htl006254,15082026_16k_production_4_seeds_4_sizes_20260818_pp_1p8_pc_2p2_cont_4p0_8p0,htl00625406,1.0018,0.0923,0.1077,0.8000
htl006254,15082026_16k_production_4_seeds_4_sizes_20260818_pp_1p8_pc_2p2_cont_4p0_8p0,htl00625407,0.9753,0.0923,0.1077,0.8000
htl006254,15082026_16k_production_4_seeds_4_sizes_20260818_pp_1p8_pc_2p2_cont_4p0_8p0,htl00625408,1.0909,0.0923,0.1077,0.8000
htl006254,15082026_16k_production_4_seeds_4_sizes_20260818_pp_1p8_pc_2p2_cont_4p0_8p0,htl00625409,0.9837,0.0923,0.1077,0.8000
htl006254,15082026_16k_production_4_seeds_4_sizes_20260818_pp_1p8_pc_2p2_cont_4p0_8p0,htl00625410,1.0545,0.0769,0.1077,0.8154
htl006254,15082026_16k_production_4_seeds_4_sizes_20260818_pp_1p8_pc_2p2_cont_4p0_8p0,htl00625411,1.0098,0.0923,0.1077,0.8000
htl006254,15082026_16k_production_4_seeds_4_sizes_20260818_pp_1p8_pc_2p2_cont_4p0_8p0,htl00625412,1.0519,0.0769,0.1077,0.8154
htl006254,15082026_16k_production_4_seeds_4_sizes_20260818_pp_1p8_pc_2p2_cont_4p0_8p0,htl00625413,1.0446,0.0923,0.1077,0.8000
htl006254,15082026_16k_production_4_seeds_4_sizes_20260818_pp_1p8_pc_2p2_cont_4p0_8p0,htl00625414,0.9835,0.1077,0.1077,0.7846
htl006254,15082026_16k_production_4_seeds_4_sizes_20260818_pp_1p8_pc_2p2_cont_4p0_8p0,htl00625415,0.9994,0.0923,0.1077,0.8000
htl006297,15082026_16k_production_4_seeds_4_sizes_20260818_pp_1p8_pc_2p2_cont_4p0_8p0,htl00629700,1.0665,0.0294,0.1176,0.8529
htl006297,15082026_16k_production_4_seeds_4_sizes_20260818_pp_1p8_pc_2p2_cont_4p0_8p0,htl00629701,1.1567,0.0294,0.1029,0.8676
htl006297,15082026_16k_production_4_seeds_4_sizes_20260818_pp_1p8_pc_2p2_cont_4p0_8p0,htl00629702,1.1731,0.0147,0.1029,0.8824
htl006297,15082026_16k_production_4_seeds_4_sizes_20260818_pp_1p8_pc_2p2_cont_4p0_8p0,htl00629703,1.1672,0.0147,0.1029,0.8824
htl006297,15082026_16k_production_4_seeds_4_sizes_20260818_pp_1p8_pc_2p2_cont_4p0_8p0,htl00629704,1.2073,0.0294,0.0882,0.8824
htl006297,15082026_16k_production_4_seeds_4_sizes_20260818_pp_1p8_pc_2p2_cont_4p0_8p0,htl00629705,1.1855,0.0441,0.0882,0.8676
htl006297,15082026_16k_production_4_seeds_4_sizes_20260818_pp_1p8_pc_2p2_cont_4p0_8p0,htl00629706,1.1471,0.0147,0.1029,0.8824
htl006297,15082026_16k_production_4_seeds_4_sizes_20260818_pp_1p8_pc_2p2_cont_4p0_8p0,htl00629707,1.1719,0.0294,0.1029,0.8676
htl006297,15082026_16k_production_4_seeds_4_sizes_20260818_pp_1p8_pc_2p2_cont_4p0_8p0,htl00629708,1.0755,0.0294,0.1029,0.8676
htl006297,15082026_16k_production_4_seeds_4_sizes_20260818_pp_1p8_pc_2p2_cont_4p0_8p0,htl00629709,1.1824,0.0294,0.1029,0.8676
htl006297,15082026_16k_production_4_seeds_4_sizes_20260818_pp_1p8_pc_2p2_cont_4p0_8p0,htl00629710,1.1664,0.0441,0.1029,0.8529
htl006297,15082026_16k_production_4_seeds_4_sizes_20260818_pp_1p8_pc_2p2_cont_4p0_8p0,htl00629711,1.1440,0.0294,0.1029,0.8676
htl006297,15082026_16k_production_4_seeds_4_sizes_20260818_pp_1p8_pc_2p2_cont_4p0_8p0,htl00629712,1.2042,0.0147,0.1029,0.8824
htl006297,15082026_16k_production_4_seeds_4_sizes_20260818_pp_1p8_pc_2p2_cont_4p0_8p0,htl00629713,1.0960,0.0441,0.0882,0.8676
htl006297,15082026_16k_production_4_seeds_4_sizes_20260818_pp_1p8_pc_2p2_cont_4p0_8p0,htl00629714,1.1746,0.0294,0.0882,0.8824
htl006297,15082026_16k_production_4_seeds_4_sizes_20260818_pp_1p8_pc_2p2_cont_4p0_8p0,htl00629715,1.2111,0.0294,0.1029,0.8676
htl006393,15082026_16k_production_4_seeds_4_sizes_20260818_pp_1p8_pc_2p2_cont_4p0_8p0,htl00639300,1.1549,0.0667,0.0833,0.8500
htl006393,15082026_16k_production_4_seeds_4_sizes_20260818_pp_1p8_pc_2p2_cont_4p0_8p0,htl00639301,1.1753,0.0333,0.0833,0.8833
htl006393,15082026_16k_production_4_seeds_4_sizes_20260818_pp_1p8_pc_2p2_cont_4p0_8p0,htl00639302,1.1996,0.0333,0.0833,0.8833
htl006393,15082026_16k_production_4_seeds_4_sizes_20260818_pp_1p8_pc_2p2_cont_4p0_8p0,htl00639303,1.2252,0.0500,0.1000,0.8500
htl006393,15082026_16k_production_4_seeds_4_sizes_20260818_pp_1p8_pc_2p2_cont_4p0_8p0,htl00639304,1.1578,0.0500,0.0833,0.8667
htl006393,15082026_16k_production_4_seeds_4_sizes_20260818_pp_1p8_pc_2p2_cont_4p0_8p0,htl00639305,1.2160,0.0667,0.0833,0.8500
htl006393,15082026_16k_production_4_seeds_4_sizes_20260818_pp_1p8_pc_2p2_cont_4p0_8p0,htl00639306,1.2555,0.0333,0.0833,0.8833
htl006393,15082026_16k_production_4_seeds_4_sizes_20260818_pp_1p8_pc_2p2_cont_4p0_8p0,htl00639307,1.3009,0.0833,0.0833,0.8333
htl006393,15082026_16k_production_4_seeds_4_sizes_20260818_pp_1p8_pc_2p2_cont_4p0_8p0,htl00639308,1.2240,0.0500,0.0833,0.8667
htl006393,15082026_16k_production_4_seeds_4_sizes_20260818_pp_1p8_pc_2p2_cont_4p0_8p0,htl00639309,1.1730,0.0667,0.0833,0.8500
htl006393,15082026_16k_production_4_seeds_4_sizes_20260818_pp_1p8_pc_2p2_cont_4p0_8p0,htl00639310,1.2038,0.0333,0.0833,0.8833
htl006393,15082026_16k_production_4_seeds_4_sizes_20260818_pp_1p8_pc_2p2_cont_4p0_8p0,htl00639311,1.2234,0.0333,0.0833,0.8833
htl006393,15082026_16k_production_4_seeds_4_sizes_20260818_pp_1p8_pc_2p2_cont_4p0_8p0,htl00639312,1.2341,0.0500,0.0833,0.8667
htl006393,15082026_16k_production_4_seeds_4_sizes_20260818_pp_1p8_pc_2p2_cont_4p0_8p0,htl00639313,1.1867,0.0333,0.0833,0.8833
htl006393,15082026_16k_production_4_seeds_4_sizes_20260818_pp_1p8_pc_2p2_cont_4p0_8p0,htl00639314,1.1870,0.0500,0.1000,0.8500
htl006393,15082026_16k_production_4_seeds_4_sizes_20260818_pp_1p8_pc_2p2_cont_4p0_8p0,htl00639315,1.1854,0.0500,0.1000,0.8500
htl006600,15082026_16k_production_4_seeds_4_sizes_20260818_pp_1p8_pc_2p2_cont_4p0_8p0,htl00660000,1.3033,0.0448,0.0597,0.8955
htl006600,15082026_16k_production_4_seeds_4_sizes_20260818_pp_1p8_pc_2p2_cont_4p0_8p0,htl00660001,1.2837,0.0299,0.0597,0.9104
htl006600,15082026_16k_production_4_seeds_4_sizes_20260818_pp_1p8_pc_2p2_cont_4p0_8p0,htl00660002,1.2713,0.0448,0.0597,0.8955
htl006600,15082026_16k_production_4_seeds_4_sizes_20260818_pp_1p8_pc_2p2_cont_4p0_8p0,htl00660003,1.2960,0.0299,0.0597,0.9104
htl006600,15082026_16k_production_4_seeds_4_sizes_20260818_pp_1p8_pc_2p2_cont_4p0_8p0,htl00660004,1.3241,0.0299,0.0597,0.9104
htl006600,15082026_16k_production_4_seeds_4_sizes_20260818_pp_1p8_pc_2p2_cont_4p0_8p0,htl00660005,1.2885,0.0299,0.0746,0.8955
htl006600,15082026_16k_production_4_seeds_4_sizes_20260818_pp_1p8_pc_2p2_cont_4p0_8p0,htl00660006,1.2490,0.0448,0.0746,0.8806
htl006600,15082026_16k_production_4_seeds_4_sizes_20260818_pp_1p8_pc_2p2_cont_4p0_8p0,htl00660007,1.2301,0.0299,0.0746,0.8955
htl006600,15082026_16k_production_4_seeds_4_sizes_20260818_pp_1p8_pc_2p2_cont_4p0_8p0,htl00660008,1.2956,0.0299,0.0597,0.9104
htl006600,15082026_16k_production_4_seeds_4_sizes_20260818_pp_1p8_pc_2p2_cont_4p0_8p0,htl00660009,1.3010,0.0299,0.0746,0.8955
htl006600,15082026_16k_production_4_seeds_4_sizes_20260818_pp_1p8_pc_2p2_cont_4p0_8p0,htl00660010,1.2489,0.0149,0.0597,0.9254
htl006600,15082026_16k_production_4_seeds_4_sizes_20260818_pp_1p8_pc_2p2_cont_4p0_8p0,htl00660011,1.2590,0.0299,0.0597,0.9104
htl006600,15082026_16k_production_4_seeds_4_sizes_20260818_pp_1p8_pc_2p2_cont_4p0_8p0,htl00660012,1.2017,0.0299,0.0597,0.9104
htl006600,15082026_16k_production_4_seeds_4_sizes_20260818_pp_1p8_pc_2p2_cont_4p0_8p0,htl00660013,1.2498,0.0299,0.0597,0.9104
htl006600,15082026_16k_production_4_seeds_4_sizes_20260818_pp_1p8_pc_2p2_cont_4p0_8p0,htl00660014,1.4125,0.0299,0.0597,0.9104
htl006600,15082026_16k_production_4_seeds_4_sizes_20260818_pp_1p8_pc_2p2_cont_4p0_8p0,htl00660015,1.2849,0.0448,0.0896,0.8657
htl006834,15082026_16k_production_4_seeds_4_sizes_20260818_pp_1p8_pc_2p2_cont_4p0_8p0,htl00683400,1.0703,0.0299,0.0597,0.9104
htl006834,15082026_16k_production_4_seeds_4_sizes_20260818_pp_1p8_pc_2p2_cont_4p0_8p0,htl00683401,1.2336,0.0299,0.0597,0.9104
htl006834,15082026_16k_production_4_seeds_4_sizes_20260818_pp_1p8_pc_2p2_cont_4p0_8p0,htl00683402,1.1795,0.0299,0.0448,0.9254
htl006834,15082026_16k_production_4_seeds_4_sizes_20260818_pp_1p8_pc_2p2_cont_4p0_8p0,htl00683403,1.2490,0.0299,0.0448,0.9254
htl006834,15082026_16k_production_4_seeds_4_sizes_20260818_pp_1p8_pc_2p2_cont_4p0_8p0,htl00683404,1.0992,0.0299,0.0597,0.9104
htl006834,15082026_16k_production_4_seeds_4_sizes_20260818_pp_1p8_pc_2p2_cont_4p0_8p0,htl00683405,1.1995,0.0299,0.0448,0.9254
htl006834,15082026_16k_production_4_seeds_4_sizes_20260818_pp_1p8_pc_2p2_cont_4p0_8p0,htl00683406,1.1035,0.0299,0.0597,0.9104
htl006834,15082026_16k_production_4_seeds_4_sizes_20260818_pp_1p8_pc_2p2_cont_4p0_8p0,htl00683407,1.2730,0.0299,0.0597,0.9104
htl006834,15082026_16k_production_4_seeds_4_sizes_20260818_pp_1p8_pc_2p2_cont_4p0_8p0,htl00683408,1.1772,0.0299,0.0746,0.8955
htl006834,15082026_16k_production_4_seeds_4_sizes_20260818_pp_1p8_pc_2p2_cont_4p0_8p0,htl00683409,1.3035,0.0299,0.0299,0.9403
htl006834,15082026_16k_production_4_seeds_4_sizes_20260818_pp_1p8_pc_2p2_cont_4p0_8p0,htl00683410,1.1655,0.0299,0.0746,0.8955
htl006834,15082026_16k_production_4_seeds_4_sizes_20260818_pp_1p8_pc_2p2_cont_4p0_8p0,htl00683411,1.2164,0.0299,0.0448,0.9254
htl006834,15082026_16k_production_4_seeds_4_sizes_20260818_pp_1p8_pc_2p2_cont_4p0_8p0,htl00683412,1.1080,0.0299,0.0597,0.9104
htl006834,15082026_16k_production_4_seeds_4_sizes_20260818_pp_1p8_pc_2p2_cont_4p0_8p0,htl00683413,1.2016,0.0299,0.0448,0.9254
htl006834,15082026_16k_production_4_seeds_4_sizes_20260818_pp_1p8_pc_2p2_cont_4p0_8p0,htl00683414,1.1523,0.0149,0.0597,0.9254
htl006834,15082026_16k_production_4_seeds_4_sizes_20260818_pp_1p8_pc_2p2_cont_4p0_8p0,htl00683415,1.1980,0.0299,0.0597,0.9104
htl006969,15082026_16k_production_4_seeds_4_sizes_20260818_pp_1p8_pc_2p2_cont_4p0_8p0,htl00696900,1.1699,0.0441,0.0588,0.8971
htl006969,15082026_16k_production_4_seeds_4_sizes_20260818_pp_1p8_pc_2p2_cont_4p0_8p0,htl00696901,1.2513,0.1029,0.0588,0.8382
htl006969,15082026_16k_production_4_seeds_4_sizes_20260818_pp_1p8_pc_2p2_cont_4p0_8p0,htl00696902,1.1157,0.0882,0.0588,0.8529
htl006969,15082026_16k_production_4_seeds_4_sizes_20260818_pp_1p8_pc_2p2_cont_4p0_8p0,htl00696903,1.1409,0.0588,0.0588,0.8824
htl006969,15082026_16k_production_4_seeds_4_sizes_20260818_pp_1p8_pc_2p2_cont_4p0_8p0,htl00696904,1.2423,0.0882,0.0588,0.8529
htl006969,15082026_16k_production_4_seeds_4_sizes_20260818_pp_1p8_pc_2p2_cont_4p0_8p0,htl00696905,1.2497,0.0588,0.0588,0.8824
htl006969,15082026_16k_production_4_seeds_4_sizes_20260818_pp_1p8_pc_2p2_cont_4p0_8p0,htl00696906,1.3112,0.0294,0.0588,0.9118
htl006969,15082026_16k_production_4_seeds_4_sizes_20260818_pp_1p8_pc_2p2_cont_4p0_8p0,htl00696907,1.1520,0.0882,0.0588,0.8529
htl006969,15082026_16k_production_4_seeds_4_sizes_20260818_pp_1p8_pc_2p2_cont_4p0_8p0,htl00696908,1.2162,0.0441,0.0588,0.8971
htl006969,15082026_16k_production_4_seeds_4_sizes_20260818_pp_1p8_pc_2p2_cont_4p0_8p0,htl00696909,1.2219,0.1029,0.0588,0.8382
htl006969,15082026_16k_production_4_seeds_4_sizes_20260818_pp_1p8_pc_2p2_cont_4p0_8p0,htl00696910,1.1302,0.0735,0.0588,0.8676
htl006969,15082026_16k_production_4_seeds_4_sizes_20260818_pp_1p8_pc_2p2_cont_4p0_8p0,htl00696911,1.1288,0.0588,0.0588,0.8824
htl006969,15082026_16k_production_4_seeds_4_sizes_20260818_pp_1p8_pc_2p2_cont_4p0_8p0,htl00696912,1.2268,0.0441,0.0588,0.8971
htl006969,15082026_16k_production_4_seeds_4_sizes_20260818_pp_1p8_pc_2p2_cont_4p0_8p0,htl00696913,1.1677,0.1029,0.0588,0.8382
htl006969,15082026_16k_production_4_seeds_4_sizes_20260818_pp_1p8_pc_2p2_cont_4p0_8p0,htl00696914,1.1374,0.0882,0.0588,0.8529
htl006969,15082026_16k_production_4_seeds_4_sizes_20260818_pp_1p8_pc_2p2_cont_4p0_8p0,htl00696915,1.3391,0.0441,0.0588,0.8971
htl006970,15082026_16k_production_4_seeds_4_sizes_20260818_pp_1p8_pc_2p2_cont_4p0_8p0,htl00697000,1.2261,0.0441,0.0735,0.8824
htl006970,15082026_16k_production_4_seeds_4_sizes_20260818_pp_1p8_pc_2p2_cont_4p0_8p0,htl00697001,1.1461,0.0588,0.0735,0.8676
htl006970,15082026_16k_production_4_seeds_4_sizes_20260818_pp_1p8_pc_2p2_cont_4p0_8p0,htl00697002,1.1620,0.0441,0.0882,0.8676
htl006970,15082026_16k_production_4_seeds_4_sizes_20260818_pp_1p8_pc_2p2_cont_4p0_8p0,htl00697003,1.1770,0.0735,0.0735,0.8529
htl006970,15082026_16k_production_4_seeds_4_sizes_20260818_pp_1p8_pc_2p2_cont_4p0_8p0,htl00697004,1.2072,0.0588,0.0882,0.8529
htl006970,15082026_16k_production_4_seeds_4_sizes_20260818_pp_1p8_pc_2p2_cont_4p0_8p0,htl00697005,1.0238,0.0735,0.0735,0.8529
htl006970,15082026_16k_production_4_seeds_4_sizes_20260818_pp_1p8_pc_2p2_cont_4p0_8p0,htl00697006,1.2117,0.0588,0.0735,0.8676
htl006970,15082026_16k_production_4_seeds_4_sizes_20260818_pp_1p8_pc_2p2_cont_4p0_8p0,htl00697007,1.1348,0.0735,0.0735,0.8529
htl006970,15082026_16k_production_4_seeds_4_sizes_20260818_pp_1p8_pc_2p2_cont_4p0_8p0,htl00697008,1.0693,0.0588,0.0735,0.8676
htl006970,15082026_16k_production_4_seeds_4_sizes_20260818_pp_1p8_pc_2p2_cont_4p0_8p0,htl00697009,1.1945,0.0882,0.0882,0.8235
htl006970,15082026_16k_production_4_seeds_4_sizes_20260818_pp_1p8_pc_2p2_cont_4p0_8p0,htl00697010,1.1232,0.0588,0.0735,0.8676
htl006970,15082026_16k_production_4_seeds_4_sizes_20260818_pp_1p8_pc_2p2_cont_4p0_8p0,htl00697011,1.1495,0.0588,0.0735,0.8676
htl006970,15082026_16k_production_4_seeds_4_sizes_20260818_pp_1p8_pc_2p2_cont_4p0_8p0,htl00697012,1.2057,0.0588,0.0735,0.8676
htl006970,15082026_16k_production_4_seeds_4_sizes_20260818_pp_1p8_pc_2p2_cont_4p0_8p0,htl00697013,1.1594,0.0735,0.0882,0.8382
htl006970,15082026_16k_production_4_seeds_4_sizes_20260818_pp_1p8_pc_2p2_cont_4p0_8p0,htl00697014,1.0985,0.0735,0.0735,0.8529
htl006970,15082026_16k_production_4_seeds_4_sizes_20260818_pp_1p8_pc_2p2_cont_4p0_8p0,htl00697015,1.1278,0.0735,0.0735,0.8529
htm005319,15082026_16k_production_4_seeds_4_sizes_20260818_pp_1p8_pc_2p2_cont_4p0_8p0,htm00531900,1.1740,0.0364,0.0727,0.8909
htm005319,15082026_16k_production_4_seeds_4_sizes_20260818_pp_1p8_pc_2p2_cont_4p0_8p0,htm00531901,1.2259,0.0545,0.1091,0.8364
htm005319,15082026_16k_production_4_seeds_4_sizes_20260818_pp_1p8_pc_2p2_cont_4p0_8p0,htm00531902,1.2776,0.0182,0.0909,0.8909
htm005319,15082026_16k_production_4_seeds_4_sizes_20260818_pp_1p8_pc_2p2_cont_4p0_8p0,htm00531903,1.1842,0.0364,0.0909,0.8727
htm005319,15082026_16k_production_4_seeds_4_sizes_20260818_pp_1p8_pc_2p2_cont_4p0_8p0,htm00531904,1.1350,0.0545,0.0909,0.8545
htm005319,15082026_16k_production_4_seeds_4_sizes_20260818_pp_1p8_pc_2p2_cont_4p0_8p0,htm00531905,1.1449,0.0545,0.0727,0.8727
htm005319,15082026_16k_production_4_seeds_4_sizes_20260818_pp_1p8_pc_2p2_cont_4p0_8p0,htm00531906,1.1664,0.0364,0.1273,0.8364
htm005319,15082026_16k_production_4_seeds_4_sizes_20260818_pp_1p8_pc_2p2_cont_4p0_8p0,htm00531907,1.1773,0.0364,0.1273,0.8364
htm005319,15082026_16k_production_4_seeds_4_sizes_20260818_pp_1p8_pc_2p2_cont_4p0_8p0,htm00531908,1.2394,0.0364,0.0909,0.8727
htm005319,15082026_16k_production_4_seeds_4_sizes_20260818_pp_1p8_pc_2p2_cont_4p0_8p0,htm00531909,1.3429,0.0364,0.0727,0.8909
htm005319,15082026_16k_production_4_seeds_4_sizes_20260818_pp_1p8_pc_2p2_cont_4p0_8p0,htm00531910,1.2107,0.0364,0.0727,0.8909
htm005319,15082026_16k_production_4_seeds_4_sizes_20260818_pp_1p8_pc_2p2_cont_4p0_8p0,htm00531911,1.1560,0.0364,0.0727,0.8909
htm005319,15082026_16k_production_4_seeds_4_sizes_20260818_pp_1p8_pc_2p2_cont_4p0_8p0,htm00531912,1.1706,0.0364,0.0909,0.8727
htm005319,15082026_16k_production_4_seeds_4_sizes_20260818_pp_1p8_pc_2p2_cont_4p0_8p0,htm00531913,1.2483,0.0727,0.0909,0.8364
htm005319,15082026_16k_production_4_seeds_4_sizes_20260818_pp_1p8_pc_2p2_cont_4p0_8p0,htm00531914,1.1732,0.0545,0.0727,0.8727
htm005319,15082026_16k_production_4_seeds_4_sizes_20260818_pp_1p8_pc_2p2_cont_4p0_8p0,htm00531915,1.2416,0.0545,0.0909,0.8545
htm005392,15082026_16k_production_4_seeds_4_sizes_20260818_pp_1p8_pc_2p2_cont_4p0_8p0,htm00539200,1.1920,0.0182,0.0909,0.8909
htm005392,15082026_16k_production_4_seeds_4_sizes_20260818_pp_1p8_pc_2p2_cont_4p0_8p0,htm00539201,1.2182,0.0182,0.1091,0.8727
htm005392,15082026_16k_production_4_seeds_4_sizes_20260818_pp_1p8_pc_2p2_cont_4p0_8p0,htm00539202,1.2057,0.0182,0.1091,0.8727
htm005392,15082026_16k_production_4_seeds_4_sizes_20260818_pp_1p8_pc_2p2_cont_4p0_8p0,htm00539203,1.2209,0.0182,0.0727,0.9091
htm005392,15082026_16k_production_4_seeds_4_sizes_20260818_pp_1p8_pc_2p2_cont_4p0_8p0,htm00539204,1.1565,0.0182,0.1091,0.8727
htm005392,15082026_16k_production_4_seeds_4_sizes_20260818_pp_1p8_pc_2p2_cont_4p0_8p0,htm00539205,1.1522,0.0182,0.1091,0.8727
htm005392,15082026_16k_production_4_seeds_4_sizes_20260818_pp_1p8_pc_2p2_cont_4p0_8p0,htm00539206,1.2239,0.0182,0.0909,0.8909
htm005392,15082026_16k_production_4_seeds_4_sizes_20260818_pp_1p8_pc_2p2_cont_4p0_8p0,htm00539207,1.2321,0.0182,0.1091,0.8727
htm005392,15082026_16k_production_4_seeds_4_sizes_20260818_pp_1p8_pc_2p2_cont_4p0_8p0,htm00539208,1.2894,0.0182,0.0727,0.9091
htm005392,15082026_16k_production_4_seeds_4_sizes_20260818_pp_1p8_pc_2p2_cont_4p0_8p0,htm00539209,1.1782,0.0182,0.1091,0.8727
htm005392,15082026_16k_production_4_seeds_4_sizes_20260818_pp_1p8_pc_2p2_cont_4p0_8p0,htm00539210,1.2157,0.0182,0.0727,0.9091
htm005392,15082026_16k_production_4_seeds_4_sizes_20260818_pp_1p8_pc_2p2_cont_4p0_8p0,htm00539211,1.1851,0.0182,0.0727,0.9091
htm005392,15082026_16k_production_4_seeds_4_sizes_20260818_pp_1p8_pc_2p2_cont_4p0_8p0,htm00539212,1.2058,0.0182,0.0909,0.8909
htm005392,15082026_16k_production_4_seeds_4_sizes_20260818_pp_1p8_pc_2p2_cont_4p0_8p0,htm00539213,1.2009,0.0182,0.1091,0.8727
htm005392,15082026_16k_production_4_seeds_4_sizes_20260818_pp_1p8_pc_2p2_cont_4p0_8p0,htm00539214,1.1670,0.0182,0.0909,0.8909
htm005392,15082026_16k_production_4_seeds_4_sizes_20260818_pp_1p8_pc_2p2_cont_4p0_8p0,htm00539215,1.2392,0.0182,0.0727,0.9091
htm005459,15082026_16k_production_4_seeds_4_sizes_20260818_pp_1p8_pc_2p2_cont_4p0_8p0,htm00545900,1.1709,0.0328,0.0820,0.8852
htm005459,15082026_16k_production_4_seeds_4_sizes_20260818_pp_1p8_pc_2p2_cont_4p0_8p0,htm00545901,1.2141,0.0328,0.0656,0.9016
htm005459,15082026_16k_production_4_seeds_4_sizes_20260818_pp_1p8_pc_2p2_cont_4p0_8p0,htm00545902,1.2186,0.0328,0.0656,0.9016
htm005459,15082026_16k_production_4_seeds_4_sizes_20260818_pp_1p8_pc_2p2_cont_4p0_8p0,htm00545903,1.1431,0.0164,0.0656,0.9180
htm005459,15082026_16k_production_4_seeds_4_sizes_20260818_pp_1p8_pc_2p2_cont_4p0_8p0,htm00545904,1.1986,0.0328,0.0820,0.8852
htm005459,15082026_16k_production_4_seeds_4_sizes_20260818_pp_1p8_pc_2p2_cont_4p0_8p0,htm00545905,1.1154,0.0328,0.0820,0.8852
htm005459,15082026_16k_production_4_seeds_4_sizes_20260818_pp_1p8_pc_2p2_cont_4p0_8p0,htm00545906,1.1816,0.0492,0.0656,0.8852
htm005459,15082026_16k_production_4_seeds_4_sizes_20260818_pp_1p8_pc_2p2_cont_4p0_8p0,htm00545907,1.1617,0.0164,0.0820,0.9016
htm005459,15082026_16k_production_4_seeds_4_sizes_20260818_pp_1p8_pc_2p2_cont_4p0_8p0,htm00545908,1.1035,0.0492,0.0656,0.8852
htm005459,15082026_16k_production_4_seeds_4_sizes_20260818_pp_1p8_pc_2p2_cont_4p0_8p0,htm00545909,1.1586,0.0492,0.0656,0.8852
htm005459,15082026_16k_production_4_seeds_4_sizes_20260818_pp_1p8_pc_2p2_cont_4p0_8p0,htm00545910,1.1010,0.0328,0.0820,0.8852
htm005459,15082026_16k_production_4_seeds_4_sizes_20260818_pp_1p8_pc_2p2_cont_4p0_8p0,htm00545911,1.2512,0.0328,0.0656,0.9016
htm005459,15082026_16k_production_4_seeds_4_sizes_20260818_pp_1p8_pc_2p2_cont_4p0_8p0,htm00545912,1.0798,0.0328,0.0820,0.8852
htm005459,15082026_16k_production_4_seeds_4_sizes_20260818_pp_1p8_pc_2p2_cont_4p0_8p0,htm00545913,1.1459,0.0328,0.0656,0.9016
htm005459,15082026_16k_production_4_seeds_4_sizes_20260818_pp_1p8_pc_2p2_cont_4p0_8p0,htm00545914,1.2209,0.0328,0.0656,0.9016
htm005459,15082026_16k_production_4_seeds_4_sizes_20260818_pp_1p8_pc_2p2_cont_4p0_8p0,htm00545915,1.1866,0.0492,0.0656,0.8852
htm005648,15082026_16k_production_4_seeds_4_sizes_20260818_pp_1p8_pc_2p2_cont_4p0_8p0,htm00564800,1.0749,0.0500,0.1167,0.8333
htm005648,15082026_16k_production_4_seeds_4_sizes_20260818_pp_1p8_pc_2p2_cont_4p0_8p0,htm00564801,1.0645,0.0333,0.1167,0.8500
htm005648,15082026_16k_production_4_seeds_4_sizes_20260818_pp_1p8_pc_2p2_cont_4p0_8p0,htm00564802,1.1235,0.0333,0.1167,0.8500
htm005648,15082026_16k_production_4_seeds_4_sizes_20260818_pp_1p8_pc_2p2_cont_4p0_8p0,htm00564803,1.2150,0.0333,0.1167,0.8500
htm005648,15082026_16k_production_4_seeds_4_sizes_20260818_pp_1p8_pc_2p2_cont_4p0_8p0,htm00564804,1.2040,0.0667,0.1000,0.8333
htm005648,15082026_16k_production_4_seeds_4_sizes_20260818_pp_1p8_pc_2p2_cont_4p0_8p0,htm00564805,1.1377,0.0333,0.1167,0.8500
htm005648,15082026_16k_production_4_seeds_4_sizes_20260818_pp_1p8_pc_2p2_cont_4p0_8p0,htm00564806,1.1521,0.0333,0.1167,0.8500
htm005648,15082026_16k_production_4_seeds_4_sizes_20260818_pp_1p8_pc_2p2_cont_4p0_8p0,htm00564807,1.1913,0.0333,0.1333,0.8333
htm005648,15082026_16k_production_4_seeds_4_sizes_20260818_pp_1p8_pc_2p2_cont_4p0_8p0,htm00564808,1.0895,0.0167,0.1167,0.8667
htm005648,15082026_16k_production_4_seeds_4_sizes_20260818_pp_1p8_pc_2p2_cont_4p0_8p0,htm00564809,1.1802,0.0500,0.1167,0.8333
htm005648,15082026_16k_production_4_seeds_4_sizes_20260818_pp_1p8_pc_2p2_cont_4p0_8p0,htm00564810,1.1653,0.0333,0.1167,0.8500
htm005648,15082026_16k_production_4_seeds_4_sizes_20260818_pp_1p8_pc_2p2_cont_4p0_8p0,htm00564811,1.1600,0.0333,0.1167,0.8500
htm005648,15082026_16k_production_4_seeds_4_sizes_20260818_pp_1p8_pc_2p2_cont_4p0_8p0,htm00564812,1.1899,0.0333,0.1333,0.8333
htm005648,15082026_16k_production_4_seeds_4_sizes_20260818_pp_1p8_pc_2p2_cont_4p0_8p0,htm00564813,1.1077,0.0167,0.1167,0.8667
htm005648,15082026_16k_production_4_seeds_4_sizes_20260818_pp_1p8_pc_2p2_cont_4p0_8p0,htm00564814,1.1899,0.0000,0.1333,0.8667
htm005648,15082026_16k_production_4_seeds_4_sizes_20260818_pp_1p8_pc_2p2_cont_4p0_8p0,htm00564815,1.1527,0.0333,0.1167,0.8500
htx007045,15082026_16k_production_4_seeds_4_sizes_20260818_pp_1p8_pc_2p2_cont_4p0_8p0,htx00704500,1.1301,0.0814,0.1279,0.7907
htx007045,15082026_16k_production_4_seeds_4_sizes_20260818_pp_1p8_pc_2p2_cont_4p0_8p0,htx00704501,1.2342,0.1047,0.1047,0.7907
htx007045,15082026_16k_production_4_seeds_4_sizes_20260818_pp_1p8_pc_2p2_cont_4p0_8p0,htx00704502,1.2494,0.1047,0.0930,0.8023
htx007045,15082026_16k_production_4_seeds_4_sizes_20260818_pp_1p8_pc_2p2_cont_4p0_8p0,htx00704503,1.1705,0.1163,0.1047,0.7791
htx007045,15082026_16k_production_4_seeds_4_sizes_20260818_pp_1p8_pc_2p2_cont_4p0_8p0,htx00704504,1.1624,0.1047,0.1047,0.7907
htx007045,15082026_16k_production_4_seeds_4_sizes_20260818_pp_1p8_pc_2p2_cont_4p0_8p0,htx00704505,1.1047,0.1047,0.1047,0.7907
htx007045,15082026_16k_production_4_seeds_4_sizes_20260818_pp_1p8_pc_2p2_cont_4p0_8p0,htx00704506,1.1892,0.1047,0.0930,0.8023
htx007045,15082026_16k_production_4_seeds_4_sizes_20260818_pp_1p8_pc_2p2_cont_4p0_8p0,htx00704507,1.2333,0.0814,0.1047,0.8140
htx007045,15082026_16k_production_4_seeds_4_sizes_20260818_pp_1p8_pc_2p2_cont_4p0_8p0,htx00704508,1.0669,0.1047,0.1047,0.7907
htx007045,15082026_16k_production_4_seeds_4_sizes_20260818_pp_1p8_pc_2p2_cont_4p0_8p0,htx00704509,1.1106,0.1163,0.1163,0.7674
htx007045,15082026_16k_production_4_seeds_4_sizes_20260818_pp_1p8_pc_2p2_cont_4p0_8p0,htx00704510,1.2002,0.1047,0.0930,0.8023
htx007045,15082026_16k_production_4_seeds_4_sizes_20260818_pp_1p8_pc_2p2_cont_4p0_8p0,htx00704511,1.1971,0.1047,0.0930,0.8023
htx007045,15082026_16k_production_4_seeds_4_sizes_20260818_pp_1p8_pc_2p2_cont_4p0_8p0,htx00704512,1.2154,0.0930,0.1047,0.8023
htx007045,15082026_16k_production_4_seeds_4_sizes_20260818_pp_1p8_pc_2p2_cont_4p0_8p0,htx00704513,1.3605,0.1047,0.0930,0.8023
htx007045,15082026_16k_production_4_seeds_4_sizes_20260818_pp_1p8_pc_2p2_cont_4p0_8p0,htx00704514,1.2269,0.1047,0.1163,0.7791
htx007045,15082026_16k_production_4_seeds_4_sizes_20260818_pp_1p8_pc_2p2_cont_4p0_8p0,htx00704515,1.1546,0.0814,0.1163,0.8023
htx007066,15082026_16k_production_4_seeds_4_sizes_20260818_pp_1p8_pc_2p2_cont_4p0_8p0,htx00706600,1.3132,0.0886,0.0759,0.8354
htx007066,15082026_16k_production_4_seeds_4_sizes_20260818_pp_1p8_pc_2p2_cont_4p0_8p0,htx00706601,1.1674,0.1139,0.0886,0.7975
htx007066,15082026_16k_production_4_seeds_4_sizes_20260818_pp_1p8_pc_2p2_cont_4p0_8p0,htx00706602,1.3070,0.0886,0.0886,0.8228
htx007066,15082026_16k_production_4_seeds_4_sizes_20260818_pp_1p8_pc_2p2_cont_4p0_8p0,htx00706603,1.2154,0.1013,0.0759,0.8228
htx007066,15082026_16k_production_4_seeds_4_sizes_20260818_pp_1p8_pc_2p2_cont_4p0_8p0,htx00706604,1.2754,0.0759,0.0886,0.8354
htx007066,15082026_16k_production_4_seeds_4_sizes_20260818_pp_1p8_pc_2p2_cont_4p0_8p0,htx00706605,1.1852,0.0759,0.0759,0.8481
htx007066,15082026_16k_production_4_seeds_4_sizes_20260818_pp_1p8_pc_2p2_cont_4p0_8p0,htx00706606,1.2479,0.0633,0.0759,0.8608
htx007066,15082026_16k_production_4_seeds_4_sizes_20260818_pp_1p8_pc_2p2_cont_4p0_8p0,htx00706607,1.2747,0.1013,0.0633,0.8354
htx007066,15082026_16k_production_4_seeds_4_sizes_20260818_pp_1p8_pc_2p2_cont_4p0_8p0,htx00706608,1.2105,0.1013,0.0886,0.8101
htx007066,15082026_16k_production_4_seeds_4_sizes_20260818_pp_1p8_pc_2p2_cont_4p0_8p0,htx00706609,1.2062,0.0759,0.0886,0.8354
htx007066,15082026_16k_production_4_seeds_4_sizes_20260818_pp_1p8_pc_2p2_cont_4p0_8p0,htx00706610,1.3186,0.0886,0.0759,0.8354
htx007066,15082026_16k_production_4_seeds_4_sizes_20260818_pp_1p8_pc_2p2_cont_4p0_8p0,htx00706611,1.2174,0.0886,0.0886,0.8228
htx007066,15082026_16k_production_4_seeds_4_sizes_20260818_pp_1p8_pc_2p2_cont_4p0_8p0,htx00706612,1.2853,0.1013,0.0633,0.8354
htx007066,15082026_16k_production_4_seeds_4_sizes_20260818_pp_1p8_pc_2p2_cont_4p0_8p0,htx00706613,1.3053,0.0886,0.0633,0.8481
htx007066,15082026_16k_production_4_seeds_4_sizes_20260818_pp_1p8_pc_2p2_cont_4p0_8p0,htx00706614,1.2527,0.0759,0.0759,0.8481
htx007066,15082026_16k_production_4_seeds_4_sizes_20260818_pp_1p8_pc_2p2_cont_4p0_8p0,htx00706615,1.2494,0.0759,0.0759,0.8481
htx007168,15082026_16k_production_4_seeds_4_sizes_20260818_pp_1p8_pc_2p2_cont_4p0_8p0,htx00716800,1.0277,0.0256,0.0769,0.8974
htx007168,15082026_16k_production_4_seeds_4_sizes_20260818_pp_1p8_pc_2p2_cont_4p0_8p0,htx00716801,1.1175,0.0256,0.1026,0.8718
htx007168,15082026_16k_production_4_seeds_4_sizes_20260818_pp_1p8_pc_2p2_cont_4p0_8p0,htx00716802,1.0004,0.0641,0.1026,0.8333
htx007168,15082026_16k_production_4_seeds_4_sizes_20260818_pp_1p8_pc_2p2_cont_4p0_8p0,htx00716803,1.0517,0.0256,0.1026,0.8718
htx007168,15082026_16k_production_4_seeds_4_sizes_20260818_pp_1p8_pc_2p2_cont_4p0_8p0,htx00716804,1.0447,0.0513,0.0897,0.8590
htx007168,15082026_16k_production_4_seeds_4_sizes_20260818_pp_1p8_pc_2p2_cont_4p0_8p0,htx00716805,1.0735,0.0256,0.1026,0.8718
htx007168,15082026_16k_production_4_seeds_4_sizes_20260818_pp_1p8_pc_2p2_cont_4p0_8p0,htx00716806,1.0941,0.0641,0.0897,0.8462
htx007168,15082026_16k_production_4_seeds_4_sizes_20260818_pp_1p8_pc_2p2_cont_4p0_8p0,htx00716807,1.0898,0.0385,0.1026,0.8590
htx007168,15082026_16k_production_4_seeds_4_sizes_20260818_pp_1p8_pc_2p2_cont_4p0_8p0,htx00716808,1.1688,0.0385,0.0769,0.8846
htx007168,15082026_16k_production_4_seeds_4_sizes_20260818_pp_1p8_pc_2p2_cont_4p0_8p0,htx00716809,1.1375,0.0128,0.1026,0.8846
htx007168,15082026_16k_production_4_seeds_4_sizes_20260818_pp_1p8_pc_2p2_cont_4p0_8p0,htx00716810,1.0827,0.0385,0.0769,0.8846
htx007168,15082026_16k_production_4_seeds_4_sizes_20260818_pp_1p8_pc_2p2_cont_4p0_8p0,htx00716811,1.0521,0.0513,0.0897,0.8590
htx007168,15082026_16k_production_4_seeds_4_sizes_20260818_pp_1p8_pc_2p2_cont_4p0_8p0,htx00716812,1.0996,0.0385,0.1026,0.8590
htx007168,15082026_16k_production_4_seeds_4_sizes_20260818_pp_1p8_pc_2p2_cont_4p0_8p0,htx00716813,1.0180,0.0385,0.0769,0.8846
htx007168,15082026_16k_production_4_seeds_4_sizes_20260818_pp_1p8_pc_2p2_cont_4p0_8p0,htx00716814,1.0718,0.0256,0.0897,0.8846
htx007168,15082026_16k_production_4_seeds_4_sizes_20260818_pp_1p8_pc_2p2_cont_4p0_8p0,htx00716815,1.0571,0.0385,0.0897,0.8718
htx007203,15082026_16k_production_4_seeds_4_sizes_20260818_pp_1p8_pc_2p2_cont_4p0_8p0,htx00720300,1.1463,0.1124,0.0449,0.8427
htx007203,15082026_16k_production_4_seeds_4_sizes_20260818_pp_1p8_pc_2p2_cont_4p0_8p0,htx00720301,1.0769,0.1124,0.0562,0.8315
htx007203,15082026_16k_production_4_seeds_4_sizes_20260818_pp_1p8_pc_2p2_cont_4p0_8p0,htx00720302,1.1004,0.0899,0.0562,0.8539
htx007203,15082026_16k_production_4_seeds_4_sizes_20260818_pp_1p8_pc_2p2_cont_4p0_8p0,htx00720303,1.1298,0.1236,0.0562,0.8202
htx007203,15082026_16k_production_4_seeds_4_sizes_20260818_pp_1p8_pc_2p2_cont_4p0_8p0,htx00720304,1.0056,0.1236,0.0562,0.8202
htx007203,15082026_16k_production_4_seeds_4_sizes_20260818_pp_1p8_pc_2p2_cont_4p0_8p0,htx00720305,1.1194,0.0674,0.0562,0.8764
htx007203,15082026_16k_production_4_seeds_4_sizes_20260818_pp_1p8_pc_2p2_cont_4p0_8p0,htx00720306,1.0746,0.1236,0.0449,0.8315
htx007203,15082026_16k_production_4_seeds_4_sizes_20260818_pp_1p8_pc_2p2_cont_4p0_8p0,htx00720307,0.9948,0.1011,0.0449,0.8539
htx007203,15082026_16k_production_4_seeds_4_sizes_20260818_pp_1p8_pc_2p2_cont_4p0_8p0,htx00720308,1.0859,0.1011,0.0449,0.8539
htx007203,15082026_16k_production_4_seeds_4_sizes_20260818_pp_1p8_pc_2p2_cont_4p0_8p0,htx00720309,1.1130,0.0899,0.0449,0.8652
htx007203,15082026_16k_production_4_seeds_4_sizes_20260818_pp_1p8_pc_2p2_cont_4p0_8p0,htx00720310,1.1130,0.0899,0.0449,0.8652
htx007203,15082026_16k_production_4_seeds_4_sizes_20260818_pp_1p8_pc_2p2_cont_4p0_8p0,htx00720311,1.1327,0.1124,0.0449,0.8427
htx007203,15082026_16k_production_4_seeds_4_sizes_20260818_pp_1p8_pc_2p2_cont_4p0_8p0,htx00720312,1.0975,0.0899,0.0449,0.8652
htx007203,15082026_16k_production_4_seeds_4_sizes_20260818_pp_1p8_pc_2p2_cont_4p0_8p0,htx00720313,1.0550,0.0899,0.0449,0.8652
htx007203,15082026_16k_production_4_seeds_4_sizes_20260818_pp_1p8_pc_2p2_cont_4p0_8p0,htx00720314,1.0571,0.1011,0.0562,0.8427
htx007203,15082026_16k_production_4_seeds_4_sizes_20260818_pp_1p8_pc_2p2_cont_4p0_8p0,htx00720315,1.1009,0.0899,0.0449,0.8652
htx007309,15082026_16k_production_4_seeds_4_sizes_20260818_pp_1p8_pc_2p2_cont_4p0_8p0,htx00730900,1.1588,0.0562,0.0787,0.8652
htx007309,15082026_16k_production_4_seeds_4_sizes_20260818_pp_1p8_pc_2p2_cont_4p0_8p0,htx00730901,1.1683,0.0562,0.0787,0.8652
htx007309,15082026_16k_production_4_seeds_4_sizes_20260818_pp_1p8_pc_2p2_cont_4p0_8p0,htx00730902,1.1666,0.0337,0.0787,0.8876
htx007309,15082026_16k_production_4_seeds_4_sizes_20260818_pp_1p8_pc_2p2_cont_4p0_8p0,htx00730903,1.2181,0.0449,0.0899,0.8652
htx007309,15082026_16k_production_4_seeds_4_sizes_20260818_pp_1p8_pc_2p2_cont_4p0_8p0,htx00730904,1.2578,0.0337,0.0562,0.9101
htx007309,15082026_16k_production_4_seeds_4_sizes_20260818_pp_1p8_pc_2p2_cont_4p0_8p0,htx00730905,1.2306,0.0449,0.0899,0.8652
htx007309,15082026_16k_production_4_seeds_4_sizes_20260818_pp_1p8_pc_2p2_cont_4p0_8p0,htx00730906,1.1995,0.0449,0.0674,0.8876
htx007309,15082026_16k_production_4_seeds_4_sizes_20260818_pp_1p8_pc_2p2_cont_4p0_8p0,htx00730907,1.1891,0.0562,0.0449,0.8989
htx007309,15082026_16k_production_4_seeds_4_sizes_20260818_pp_1p8_pc_2p2_cont_4p0_8p0,htx00730908,1.2419,0.0337,0.0674,0.8989
htx007309,15082026_16k_production_4_seeds_4_sizes_20260818_pp_1p8_pc_2p2_cont_4p0_8p0,htx00730909,1.1980,0.0449,0.0899,0.8652
htx007309,15082026_16k_production_4_seeds_4_sizes_20260818_pp_1p8_pc_2p2_cont_4p0_8p0,htx00730910,1.2289,0.0449,0.0787,0.8764
htx007309,15082026_16k_production_4_seeds_4_sizes_20260818_pp_1p8_pc_2p2_cont_4p0_8p0,htx00730911,1.1971,0.0337,0.0674,0.8989
htx007309,15082026_16k_production_4_seeds_4_sizes_20260818_pp_1p8_pc_2p2_cont_4p0_8p0,htx00730912,1.1333,0.0449,0.0674,0.8876
htx007309,15082026_16k_production_4_seeds_4_sizes_20260818_pp_1p8_pc_2p2_cont_4p0_8p0,htx00730913,1.2319,0.0337,0.0674,0.8989
htx007309,15082026_16k_production_4_seeds_4_sizes_20260818_pp_1p8_pc_2p2_cont_4p0_8p0,htx00730914,1.2520,0.0562,0.0787,0.8652
htx007309,15082026_16k_production_4_seeds_4_sizes_20260818_pp_1p8_pc_2p2_cont_4p0_8p0,htx00730915,1.1670,0.0449,0.0899,0.8652
htx007353,15082026_16k_production_4_seeds_4_sizes_20260818_pp_1p8_pc_2p2_cont_4p0_8p0,htx00735300,1.3119,0.0323,0.1720,0.7957
htx007353,15082026_16k_production_4_seeds_4_sizes_20260818_pp_1p8_pc_2p2_cont_4p0_8p0,htx00735301,1.2650,0.0645,0.1613,0.7742
htx007353,15082026_16k_production_4_seeds_4_sizes_20260818_pp_1p8_pc_2p2_cont_4p0_8p0,htx00735302,1.2524,0.0430,0.1505,0.8065
htx007353,15082026_16k_production_4_seeds_4_sizes_20260818_pp_1p8_pc_2p2_cont_4p0_8p0,htx00735303,1.2611,0.0430,0.1505,0.8065
htx007353,15082026_16k_production_4_seeds_4_sizes_20260818_pp_1p8_pc_2p2_cont_4p0_8p0,htx00735304,1.3289,0.0323,0.1505,0.8172
htx007353,15082026_16k_production_4_seeds_4_sizes_20260818_pp_1p8_pc_2p2_cont_4p0_8p0,htx00735305,1.2855,0.0430,0.1505,0.8065
htx007353,15082026_16k_production_4_seeds_4_sizes_20260818_pp_1p8_pc_2p2_cont_4p0_8p0,htx00735306,1.2692,0.0753,0.1720,0.7527
htx007353,15082026_16k_production_4_seeds_4_sizes_20260818_pp_1p8_pc_2p2_cont_4p0_8p0,htx00735307,1.2517,0.0430,0.1505,0.8065
htx007353,15082026_16k_production_4_seeds_4_sizes_20260818_pp_1p8_pc_2p2_cont_4p0_8p0,htx00735308,1.2084,0.0323,0.1398,0.8280
htx007353,15082026_16k_production_4_seeds_4_sizes_20260818_pp_1p8_pc_2p2_cont_4p0_8p0,htx00735309,1.2535,0.0323,0.1613,0.8065
htx007353,15082026_16k_production_4_seeds_4_sizes_20260818_pp_1p8_pc_2p2_cont_4p0_8p0,htx00735310,1.2687,0.0323,0.1613,0.8065
htx007353,15082026_16k_production_4_seeds_4_sizes_20260818_pp_1p8_pc_2p2_cont_4p0_8p0,htx00735311,1.2688,0.0430,0.1505,0.8065
htx007353,15082026_16k_production_4_seeds_4_sizes_20260818_pp_1p8_pc_2p2_cont_4p0_8p0,htx00735312,1.2756,0.0645,0.1183,0.8172
htx007353,15082026_16k_production_4_seeds_4_sizes_20260818_pp_1p8_pc_2p2_cont_4p0_8p0,htx00735313,1.2358,0.0538,0.1720,0.7742
htx007353,15082026_16k_production_4_seeds_4_sizes_20260818_pp_1p8_pc_2p2_cont_4p0_8p0,htx00735314,1.1785,0.0323,0.1613,0.8065
htx007353,15082026_16k_production_4_seeds_4_sizes_20260818_pp_1p8_pc_2p2_cont_4p0_8p0,htx00735315,1.2538,0.0645,0.1613,0.7742
htx007376,15082026_16k_production_4_seeds_4_sizes_20260818_pp_1p8_pc_2p2_cont_4p0_8p0,htx00737600,1.1310,0.0889,0.0556,0.8556
htx007376,15082026_16k_production_4_seeds_4_sizes_20260818_pp_1p8_pc_2p2_cont_4p0_8p0,htx00737601,1.1630,0.0667,0.0556,0.8778
htx007376,15082026_16k_production_4_seeds_4_sizes_20260818_pp_1p8_pc_2p2_cont_4p0_8p0,htx00737602,1.1917,0.1111,0.0556,0.8333
htx007376,15082026_16k_production_4_seeds_4_sizes_20260818_pp_1p8_pc_2p2_cont_4p0_8p0,htx00737603,1.2235,0.0778,0.0667,0.8556
htx007376,15082026_16k_production_4_seeds_4_sizes_20260818_pp_1p8_pc_2p2_cont_4p0_8p0,htx00737604,1.1972,0.0889,0.0667,0.8444
htx007376,15082026_16k_production_4_seeds_4_sizes_20260818_pp_1p8_pc_2p2_cont_4p0_8p0,htx00737605,1.1408,0.1000,0.0667,0.8333
htx007376,15082026_16k_production_4_seeds_4_sizes_20260818_pp_1p8_pc_2p2_cont_4p0_8p0,htx00737606,1.1828,0.0889,0.0667,0.8444
htx007376,15082026_16k_production_4_seeds_4_sizes_20260818_pp_1p8_pc_2p2_cont_4p0_8p0,htx00737607,1.2652,0.0889,0.0667,0.8444
htx007376,15082026_16k_production_4_seeds_4_sizes_20260818_pp_1p8_pc_2p2_cont_4p0_8p0,htx00737608,1.1236,0.1333,0.0667,0.8000
htx007376,15082026_16k_production_4_seeds_4_sizes_20260818_pp_1p8_pc_2p2_cont_4p0_8p0,htx00737609,1.1559,0.1222,0.0778,0.8000
htx007376,15082026_16k_production_4_seeds_4_sizes_20260818_pp_1p8_pc_2p2_cont_4p0_8p0,htx00737610,1.1779,0.0778,0.0778,0.8444
htx007376,15082026_16k_production_4_seeds_4_sizes_20260818_pp_1p8_pc_2p2_cont_4p0_8p0,htx00737611,1.1206,0.1111,0.0778,0.8111
htx007376,15082026_16k_production_4_seeds_4_sizes_20260818_pp_1p8_pc_2p2_cont_4p0_8p0,htx00737612,1.1654,0.0889,0.0667,0.8444
htx007376,15082026_16k_production_4_seeds_4_sizes_20260818_pp_1p8_pc_2p2_cont_4p0_8p0,htx00737613,1.1661,0.0778,0.0667,0.8556
htx007376,15082026_16k_production_4_seeds_4_sizes_20260818_pp_1p8_pc_2p2_cont_4p0_8p0,htx00737614,1.1549,0.1000,0.0667,0.8333
htx007376,15082026_16k_production_4_seeds_4_sizes_20260818_pp_1p8_pc_2p2_cont_4p0_8p0,htx00737615,1.1684,0.1000,0.0556,0.8444
htx007682,15082026_16k_production_4_seeds_4_sizes_20260818_pp_1p8_pc_2p2_cont_4p0_8p0,htx00768200,1.2159,0.0659,0.1209,0.8132
htx007682,15082026_16k_production_4_seeds_4_sizes_20260818_pp_1p8_pc_2p2_cont_4p0_8p0,htx00768201,1.1843,0.0549,0.0989,0.8462
htx007682,15082026_16k_production_4_seeds_4_sizes_20260818_pp_1p8_pc_2p2_cont_4p0_8p0,htx00768202,1.1477,0.0659,0.0989,0.8352
htx007682,15082026_16k_production_4_seeds_4_sizes_20260818_pp_1p8_pc_2p2_cont_4p0_8p0,htx00768203,1.1853,0.0769,0.1099,0.8132
htx007682,15082026_16k_production_4_seeds_4_sizes_20260818_pp_1p8_pc_2p2_cont_4p0_8p0,htx00768204,1.2359,0.0769,0.1099,0.8132
htx007682,15082026_16k_production_4_seeds_4_sizes_20260818_pp_1p8_pc_2p2_cont_4p0_8p0,htx00768205,1.3268,0.0659,0.0659,0.8681
htx007682,15082026_16k_production_4_seeds_4_sizes_20260818_pp_1p8_pc_2p2_cont_4p0_8p0,htx00768206,1.2236,0.0659,0.1099,0.8242
htx007682,15082026_16k_production_4_seeds_4_sizes_20260818_pp_1p8_pc_2p2_cont_4p0_8p0,htx00768207,1.1945,0.0659,0.0879,0.8462
htx007682,15082026_16k_production_4_seeds_4_sizes_20260818_pp_1p8_pc_2p2_cont_4p0_8p0,htx00768208,1.2522,0.0879,0.0879,0.8242
htx007682,15082026_16k_production_4_seeds_4_sizes_20260818_pp_1p8_pc_2p2_cont_4p0_8p0,htx00768209,1.1702,0.0549,0.0879,0.8571
htx007682,15082026_16k_production_4_seeds_4_sizes_20260818_pp_1p8_pc_2p2_cont_4p0_8p0,htx00768210,1.1164,0.0549,0.1099,0.8352
htx007682,15082026_16k_production_4_seeds_4_sizes_20260818_pp_1p8_pc_2p2_cont_4p0_8p0,htx00768211,1.2038,0.0659,0.0879,0.8462
htx007682,15082026_16k_production_4_seeds_4_sizes_20260818_pp_1p8_pc_2p2_cont_4p0_8p0,htx00768212,1.2054,0.0769,0.0879,0.8352
htx007682,15082026_16k_production_4_seeds_4_sizes_20260818_pp_1p8_pc_2p2_cont_4p0_8p0,htx00768213,1.2079,0.0659,0.0879,0.8462
htx007682,15082026_16k_production_4_seeds_4_sizes_20260818_pp_1p8_pc_2p2_cont_4p0_8p0,htx00768214,1.2271,0.0659,0.0879,0.8462
htx007682,15082026_16k_production_4_seeds_4_sizes_20260818_pp_1p8_pc_2p2_cont_4p0_8p0,htx00768215,1.1459,0.0659,0.0989,0.8352
htx007701,15082026_16k_production_4_seeds_4_sizes_20260818_pp_1p8_pc_2p2_cont_4p0_8p0,htx00770100,1.0645,0.0617,0.0370,0.9012
htx007701,15082026_16k_production_4_seeds_4_sizes_20260818_pp_1p8_pc_2p2_cont_4p0_8p0,htx00770101,1.0895,0.0494,0.0370,0.9136
htx007701,15082026_16k_production_4_seeds_4_sizes_20260818_pp_1p8_pc_2p2_cont_4p0_8p0,htx00770102,1.0679,0.0494,0.0370,0.9136
htx007701,15082026_16k_production_4_seeds_4_sizes_20260818_pp_1p8_pc_2p2_cont_4p0_8p0,htx00770103,1.1271,0.0494,0.0247,0.9259
htx007701,15082026_16k_production_4_seeds_4_sizes_20260818_pp_1p8_pc_2p2_cont_4p0_8p0,htx00770104,1.1338,0.0494,0.0494,0.9012
htx007701,15082026_16k_production_4_seeds_4_sizes_20260818_pp_1p8_pc_2p2_cont_4p0_8p0,htx00770105,1.0370,0.0494,0.0494,0.9012
htx007701,15082026_16k_production_4_seeds_4_sizes_20260818_pp_1p8_pc_2p2_cont_4p0_8p0,htx00770106,1.1077,0.0494,0.0247,0.9259
htx007701,15082026_16k_production_4_seeds_4_sizes_20260818_pp_1p8_pc_2p2_cont_4p0_8p0,htx00770107,1.0519,0.0494,0.0247,0.9259
htx007701,15082026_16k_production_4_seeds_4_sizes_20260818_pp_1p8_pc_2p2_cont_4p0_8p0,htx00770108,1.1180,0.0494,0.0247,0.9259
htx007701,15082026_16k_production_4_seeds_4_sizes_20260818_pp_1p8_pc_2p2_cont_4p0_8p0,htx00770109,1.1369,0.0494,0.0370,0.9136
htx007701,15082026_16k_production_4_seeds_4_sizes_20260818_pp_1p8_pc_2p2_cont_4p0_8p0,htx00770110,1.1211,0.0494,0.0247,0.9259
htx007701,15082026_16k_production_4_seeds_4_sizes_20260818_pp_1p8_pc_2p2_cont_4p0_8p0,htx00770111,1.1257,0.0494,0.0370,0.9136
htx007701,15082026_16k_production_4_seeds_4_sizes_20260818_pp_1p8_pc_2p2_cont_4p0_8p0,htx00770112,1.0669,0.0617,0.0370,0.9012
htx007701,15082026_16k_production_4_seeds_4_sizes_20260818_pp_1p8_pc_2p2_cont_4p0_8p0,htx00770113,1.0219,0.0617,0.0247,0.9136
htx007701,15082026_16k_production_4_seeds_4_sizes_20260818_pp_1p8_pc_2p2_cont_4p0_8p0,htx00770114,1.1098,0.0617,0.0370,0.9012
htx007701,15082026_16k_production_4_seeds_4_sizes_20260818_pp_1p8_pc_2p2_cont_4p0_8p0,htx00770115,1.0509,0.0617,0.0247,0.9136
htx007785,15082026_16k_production_4_seeds_4_sizes_20260818_pp_1p8_pc_2p2_cont_4p0_8p0,htx00778500,1.3475,0.0741,0.1111,0.8148
htx007785,15082026_16k_production_4_seeds_4_sizes_20260818_pp_1p8_pc_2p2_cont_4p0_8p0,htx00778501,1.3111,0.0494,0.1111,0.8395
htx007785,15082026_16k_production_4_seeds_4_sizes_20260818_pp_1p8_pc_2p2_cont_4p0_8p0,htx00778502,1.1674,0.0741,0.1235,0.8025
htx007785,15082026_16k_production_4_seeds_4_sizes_20260818_pp_1p8_pc_2p2_cont_4p0_8p0,htx00778503,1.1639,0.0741,0.0988,0.8272
htx007785,15082026_16k_production_4_seeds_4_sizes_20260818_pp_1p8_pc_2p2_cont_4p0_8p0,htx00778504,1.1872,0.0741,0.0741,0.8519
htx007785,15082026_16k_production_4_seeds_4_sizes_20260818_pp_1p8_pc_2p2_cont_4p0_8p0,htx00778505,1.1961,0.0741,0.1111,0.8148
htx007785,15082026_16k_production_4_seeds_4_sizes_20260818_pp_1p8_pc_2p2_cont_4p0_8p0,htx00778506,1.3017,0.0617,0.1111,0.8272
htx007785,15082026_16k_production_4_seeds_4_sizes_20260818_pp_1p8_pc_2p2_cont_4p0_8p0,htx00778507,1.2026,0.0617,0.1111,0.8272
htx007785,15082026_16k_production_4_seeds_4_sizes_20260818_pp_1p8_pc_2p2_cont_4p0_8p0,htx00778508,1.2840,0.0617,0.1111,0.8272
htx007785,15082026_16k_production_4_seeds_4_sizes_20260818_pp_1p8_pc_2p2_cont_4p0_8p0,htx00778509,1.2609,0.0741,0.0864,0.8395
htx007785,15082026_16k_production_4_seeds_4_sizes_20260818_pp_1p8_pc_2p2_cont_4p0_8p0,htx00778510,1.2522,0.0864,0.1235,0.7901
htx007785,15082026_16k_production_4_seeds_4_sizes_20260818_pp_1p8_pc_2p2_cont_4p0_8p0,htx00778511,1.2203,0.0864,0.1111,0.8025
htx007785,15082026_16k_production_4_seeds_4_sizes_20260818_pp_1p8_pc_2p2_cont_4p0_8p0,htx00778512,1.2537,0.0617,0.1111,0.8272
htx007785,15082026_16k_production_4_seeds_4_sizes_20260818_pp_1p8_pc_2p2_cont_4p0_8p0,htx00778513,1.2465,0.0617,0.0988,0.8395
htx007785,15082026_16k_production_4_seeds_4_sizes_20260818_pp_1p8_pc_2p2_cont_4p0_8p0,htx00778514,1.2856,0.0741,0.1111,0.8148
htx007785,15082026_16k_production_4_seeds_4_sizes_20260818_pp_1p8_pc_2p2_cont_4p0_8p0,htx00778515,1.2127,0.0864,0.1111,0.8025
htx007908,15082026_16k_production_4_seeds_4_sizes_20260818_pp_1p8_pc_2p2_cont_4p0_8p0,htx00790800,1.1352,0.0449,0.0899,0.8652
htx007908,15082026_16k_production_4_seeds_4_sizes_20260818_pp_1p8_pc_2p2_cont_4p0_8p0,htx00790801,1.1764,0.0562,0.0674,0.8764
htx007908,15082026_16k_production_4_seeds_4_sizes_20260818_pp_1p8_pc_2p2_cont_4p0_8p0,htx00790802,1.1874,0.0449,0.0562,0.8989
htx007908,15082026_16k_production_4_seeds_4_sizes_20260818_pp_1p8_pc_2p2_cont_4p0_8p0,htx00790803,1.1727,0.0337,0.0674,0.8989
htx007908,15082026_16k_production_4_seeds_4_sizes_20260818_pp_1p8_pc_2p2_cont_4p0_8p0,htx00790804,1.2124,0.0562,0.0562,0.8876
htx007908,15082026_16k_production_4_seeds_4_sizes_20260818_pp_1p8_pc_2p2_cont_4p0_8p0,htx00790805,1.2254,0.0562,0.0674,0.8764
htx007908,15082026_16k_production_4_seeds_4_sizes_20260818_pp_1p8_pc_2p2_cont_4p0_8p0,htx00790806,1.2368,0.0449,0.0449,0.9101
htx007908,15082026_16k_production_4_seeds_4_sizes_20260818_pp_1p8_pc_2p2_cont_4p0_8p0,htx00790807,1.1721,0.0449,0.0674,0.8876
htx007908,15082026_16k_production_4_seeds_4_sizes_20260818_pp_1p8_pc_2p2_cont_4p0_8p0,htx00790808,1.2005,0.0449,0.0674,0.8876
htx007908,15082026_16k_production_4_seeds_4_sizes_20260818_pp_1p8_pc_2p2_cont_4p0_8p0,htx00790809,1.1350,0.0337,0.0562,0.9101
htx007908,15082026_16k_production_4_seeds_4_sizes_20260818_pp_1p8_pc_2p2_cont_4p0_8p0,htx00790810,1.2290,0.0674,0.0562,0.8764
htx007908,15082026_16k_production_4_seeds_4_sizes_20260818_pp_1p8_pc_2p2_cont_4p0_8p0,htx00790811,1.1945,0.0449,0.0674,0.8876
htx007908,15082026_16k_production_4_seeds_4_sizes_20260818_pp_1p8_pc_2p2_cont_4p0_8p0,htx00790812,1.2049,0.0562,0.0787,0.8652
htx007908,15082026_16k_production_4_seeds_4_sizes_20260818_pp_1p8_pc_2p2_cont_4p0_8p0,htx00790813,1.1776,0.0337,0.0674,0.8989
htx007908,15082026_16k_production_4_seeds_4_sizes_20260818_pp_1p8_pc_2p2_cont_4p0_8p0,htx00790814,1.1980,0.0337,0.0787,0.8876
htx007908,15082026_16k_production_4_seeds_4_sizes_20260818_pp_1p8_pc_2p2_cont_4p0_8p0,htx00790815,1.1780,0.0674,0.0562,0.8764
htx008000,15082026_16k_production_4_seeds_4_sizes_20260818_pp_1p8_pc_2p2_cont_4p0_8p0,htx00800000,1.2656,0.0482,0.0482,0.9036
htx008000,15082026_16k_production_4_seeds_4_sizes_20260818_pp_1p8_pc_2p2_cont_4p0_8p0,htx00800001,1.2069,0.0602,0.0482,0.8916
htx008000,15082026_16k_production_4_seeds_4_sizes_20260818_pp_1p8_pc_2p2_cont_4p0_8p0,htx00800002,1.2654,0.0361,0.0482,0.9157
htx008000,15082026_16k_production_4_seeds_4_sizes_20260818_pp_1p8_pc_2p2_cont_4p0_8p0,htx00800003,1.3018,0.0241,0.0482,0.9277
htx008000,15082026_16k_production_4_seeds_4_sizes_20260818_pp_1p8_pc_2p2_cont_4p0_8p0,htx00800004,1.1844,0.0361,0.0602,0.9036
htx008000,15082026_16k_production_4_seeds_4_sizes_20260818_pp_1p8_pc_2p2_cont_4p0_8p0,htx00800005,1.1847,0.0241,0.0482,0.9277
htx008000,15082026_16k_production_4_seeds_4_sizes_20260818_pp_1p8_pc_2p2_cont_4p0_8p0,htx00800006,1.2644,0.0241,0.0482,0.9277
htx008000,15082026_16k_production_4_seeds_4_sizes_20260818_pp_1p8_pc_2p2_cont_4p0_8p0,htx00800007,1.2588,0.0241,0.0602,0.9157
htx008000,15082026_16k_production_4_seeds_4_sizes_20260818_pp_1p8_pc_2p2_cont_4p0_8p0,htx00800008,1.2673,0.0241,0.0602,0.9157
htx008000,15082026_16k_production_4_seeds_4_sizes_20260818_pp_1p8_pc_2p2_cont_4p0_8p0,htx00800009,1.2368,0.0602,0.0482,0.8916
htx008000,15082026_16k_production_4_seeds_4_sizes_20260818_pp_1p8_pc_2p2_cont_4p0_8p0,htx00800010,1.1934,0.0482,0.0482,0.9036
htx008000,15082026_16k_production_4_seeds_4_sizes_20260818_pp_1p8_pc_2p2_cont_4p0_8p0,htx00800011,1.1614,0.0602,0.0482,0.8916
htx008000,15082026_16k_production_4_seeds_4_sizes_20260818_pp_1p8_pc_2p2_cont_4p0_8p0,htx00800012,1.2416,0.0482,0.0602,0.8916
htx008000,15082026_16k_production_4_seeds_4_sizes_20260818_pp_1p8_pc_2p2_cont_4p0_8p0,htx00800013,1.2197,0.0361,0.0482,0.9157
htx008000,15082026_16k_production_4_seeds_4_sizes_20260818_pp_1p8_pc_2p2_cont_4p0_8p0,htx00800014,1.3343,0.0241,0.0723,0.9036
htx008000,15082026_16k_production_4_seeds_4_sizes_20260818_pp_1p8_pc_2p2_cont_4p0_8p0,htx00800015,1.3209,0.0482,0.0482,0.9036
shl010182,15082026_16k_production_4_seeds_4_sizes_20260818_pp_1p8_pc_2p2_cont_4p0_8p0,shl01018200,1.2739,0.0421,0.0947,0.8632
shl010182,15082026_16k_production_4_seeds_4_sizes_20260818_pp_1p8_pc_2p2_cont_4p0_8p0,shl01018201,1.2560,0.0526,0.1053,0.8421
shl010182,15082026_16k_production_4_seeds_4_sizes_20260818_pp_1p8_pc_2p2_cont_4p0_8p0,shl01018202,1.1994,0.0737,0.0947,0.8316
shl010182,15082026_16k_production_4_seeds_4_sizes_20260818_pp_1p8_pc_2p2_cont_4p0_8p0,shl01018203,1.2487,0.0737,0.1053,0.8211
shl010182,15082026_16k_production_4_seeds_4_sizes_20260818_pp_1p8_pc_2p2_cont_4p0_8p0,shl01018204,1.3095,0.0526,0.0947,0.8526
shl010182,15082026_16k_production_4_seeds_4_sizes_20260818_pp_1p8_pc_2p2_cont_4p0_8p0,shl01018205,1.2095,0.0421,0.0947,0.8632
shl010182,15082026_16k_production_4_seeds_4_sizes_20260818_pp_1p8_pc_2p2_cont_4p0_8p0,shl01018206,1.2187,0.0421,0.1053,0.8526
shl010182,15082026_16k_production_4_seeds_4_sizes_20260818_pp_1p8_pc_2p2_cont_4p0_8p0,shl01018207,1.2302,0.0737,0.0947,0.8316
shl010182,15082026_16k_production_4_seeds_4_sizes_20260818_pp_1p8_pc_2p2_cont_4p0_8p0,shl01018208,1.3039,0.0316,0.1053,0.8632
shl010182,15082026_16k_production_4_seeds_4_sizes_20260818_pp_1p8_pc_2p2_cont_4p0_8p0,shl01018209,1.2593,0.0526,0.1053,0.8421
shl010182,15082026_16k_production_4_seeds_4_sizes_20260818_pp_1p8_pc_2p2_cont_4p0_8p0,shl01018210,1.2226,0.0842,0.0947,0.8211
shl010182,15082026_16k_production_4_seeds_4_sizes_20260818_pp_1p8_pc_2p2_cont_4p0_8p0,shl01018211,1.2387,0.0737,0.0947,0.8316
shl010182,15082026_16k_production_4_seeds_4_sizes_20260818_pp_1p8_pc_2p2_cont_4p0_8p0,shl01018212,1.3136,0.0526,0.1053,0.8421
shl010182,15082026_16k_production_4_seeds_4_sizes_20260818_pp_1p8_pc_2p2_cont_4p0_8p0,shl01018213,1.2631,0.0947,0.0947,0.8105
shl010182,15082026_16k_production_4_seeds_4_sizes_20260818_pp_1p8_pc_2p2_cont_4p0_8p0,shl01018214,1.2398,0.0632,0.1053,0.8316
shl010182,15082026_16k_production_4_seeds_4_sizes_20260818_pp_1p8_pc_2p2_cont_4p0_8p0,shl01018215,1.2779,0.0737,0.0947,0.8316
shl010228,15082026_16k_production_4_seeds_4_sizes_20260818_pp_1p8_pc_2p2_cont_4p0_8p0,shl01022800,1.2062,0.0696,0.0957,0.8348
shl010228,15082026_16k_production_4_seeds_4_sizes_20260818_pp_1p8_pc_2p2_cont_4p0_8p0,shl01022801,1.1858,0.0870,0.1043,0.8087
shl010228,15082026_16k_production_4_seeds_4_sizes_20260818_pp_1p8_pc_2p2_cont_4p0_8p0,shl01022802,1.1811,0.1130,0.1130,0.7739
shl010228,15082026_16k_production_4_seeds_4_sizes_20260818_pp_1p8_pc_2p2_cont_4p0_8p0,shl01022803,1.2181,0.0522,0.1130,0.8348
shl010228,15082026_16k_production_4_seeds_4_sizes_20260818_pp_1p8_pc_2p2_cont_4p0_8p0,shl01022804,1.2001,0.0609,0.1217,0.8174
shl010228,15082026_16k_production_4_seeds_4_sizes_20260818_pp_1p8_pc_2p2_cont_4p0_8p0,shl01022805,1.1589,0.0696,0.1043,0.8261
shl010228,15082026_16k_production_4_seeds_4_sizes_20260818_pp_1p8_pc_2p2_cont_4p0_8p0,shl01022806,1.2833,0.0609,0.0957,0.8435
shl010228,15082026_16k_production_4_seeds_4_sizes_20260818_pp_1p8_pc_2p2_cont_4p0_8p0,shl01022807,1.1771,0.0870,0.1043,0.8087
shl010228,15082026_16k_production_4_seeds_4_sizes_20260818_pp_1p8_pc_2p2_cont_4p0_8p0,shl01022808,1.2338,0.0522,0.1217,0.8261
shl010228,15082026_16k_production_4_seeds_4_sizes_20260818_pp_1p8_pc_2p2_cont_4p0_8p0,shl01022809,1.1919,0.0870,0.1130,0.8000
shl010228,15082026_16k_production_4_seeds_4_sizes_20260818_pp_1p8_pc_2p2_cont_4p0_8p0,shl01022810,1.1787,0.0696,0.1130,0.8174
shl010228,15082026_16k_production_4_seeds_4_sizes_20260818_pp_1p8_pc_2p2_cont_4p0_8p0,shl01022811,1.2224,0.0609,0.1130,0.8261
shl010228,15082026_16k_production_4_seeds_4_sizes_20260818_pp_1p8_pc_2p2_cont_4p0_8p0,shl01022812,1.2350,0.0609,0.1043,0.8348
shl010228,15082026_16k_production_4_seeds_4_sizes_20260818_pp_1p8_pc_2p2_cont_4p0_8p0,shl01022813,1.1650,0.1130,0.1043,0.7826
shl010228,15082026_16k_production_4_seeds_4_sizes_20260818_pp_1p8_pc_2p2_cont_4p0_8p0,shl01022814,1.1948,0.0783,0.1217,0.8000
shl010228,15082026_16k_production_4_seeds_4_sizes_20260818_pp_1p8_pc_2p2_cont_4p0_8p0,shl01022815,1.1806,0.0522,0.1130,0.8348
shl010293,15082026_16k_production_4_seeds_4_sizes_20260818_pp_1p8_pc_2p2_cont_4p0_8p0,shl01029300,1.1556,0.1250,0.0962,0.7788
shl010293,15082026_16k_production_4_seeds_4_sizes_20260818_pp_1p8_pc_2p2_cont_4p0_8p0,shl01029301,1.1888,0.0962,0.0865,0.8173
shl010293,15082026_16k_production_4_seeds_4_sizes_20260818_pp_1p8_pc_2p2_cont_4p0_8p0,shl01029302,1.1659,0.1538,0.0769,0.7692
shl010293,15082026_16k_production_4_seeds_4_sizes_20260818_pp_1p8_pc_2p2_cont_4p0_8p0,shl01029303,1.1101,0.1442,0.0865,0.7692
shl010293,15082026_16k_production_4_seeds_4_sizes_20260818_pp_1p8_pc_2p2_cont_4p0_8p0,shl01029304,1.2397,0.0769,0.0769,0.8462
shl010293,15082026_16k_production_4_seeds_4_sizes_20260818_pp_1p8_pc_2p2_cont_4p0_8p0,shl01029305,1.2286,0.0962,0.0865,0.8173
shl010293,15082026_16k_production_4_seeds_4_sizes_20260818_pp_1p8_pc_2p2_cont_4p0_8p0,shl01029306,1.0780,0.1250,0.0865,0.7885
shl010293,15082026_16k_production_4_seeds_4_sizes_20260818_pp_1p8_pc_2p2_cont_4p0_8p0,shl01029307,1.2216,0.0673,0.0769,0.8558
shl010293,15082026_16k_production_4_seeds_4_sizes_20260818_pp_1p8_pc_2p2_cont_4p0_8p0,shl01029308,1.1465,0.1154,0.0865,0.7981
shl010293,15082026_16k_production_4_seeds_4_sizes_20260818_pp_1p8_pc_2p2_cont_4p0_8p0,shl01029309,1.1904,0.0481,0.0769,0.8750
shl010293,15082026_16k_production_4_seeds_4_sizes_20260818_pp_1p8_pc_2p2_cont_4p0_8p0,shl01029310,1.1399,0.1154,0.0673,0.8173
shl010293,15082026_16k_production_4_seeds_4_sizes_20260818_pp_1p8_pc_2p2_cont_4p0_8p0,shl01029311,1.1349,0.1250,0.0865,0.7885
shl010293,15082026_16k_production_4_seeds_4_sizes_20260818_pp_1p8_pc_2p2_cont_4p0_8p0,shl01029312,1.1988,0.1250,0.0769,0.7981
shl010293,15082026_16k_production_4_seeds_4_sizes_20260818_pp_1p8_pc_2p2_cont_4p0_8p0,shl01029313,1.2493,0.0673,0.0673,0.8654
shl010293,15082026_16k_production_4_seeds_4_sizes_20260818_pp_1p8_pc_2p2_cont_4p0_8p0,shl01029314,1.1287,0.1538,0.0865,0.7596
shl010293,15082026_16k_production_4_seeds_4_sizes_20260818_pp_1p8_pc_2p2_cont_4p0_8p0,shl01029315,1.1942,0.1058,0.0865,0.8077
shl010427,15082026_16k_production_4_seeds_4_sizes_20260818_pp_1p8_pc_2p2_cont_4p0_8p0,shl01042700,1.2365,0.0435,0.0435,0.9130
shl010427,15082026_16k_production_4_seeds_4_sizes_20260818_pp_1p8_pc_2p2_cont_4p0_8p0,shl01042701,1.1793,0.0217,0.0543,0.9239
shl010427,15082026_16k_production_4_seeds_4_sizes_20260818_pp_1p8_pc_2p2_cont_4p0_8p0,shl01042702,1.1564,0.0326,0.0652,0.9022
shl010427,15082026_16k_production_4_seeds_4_sizes_20260818_pp_1p8_pc_2p2_cont_4p0_8p0,shl01042703,1.1204,0.1087,0.0435,0.8478
shl010427,15082026_16k_production_4_seeds_4_sizes_20260818_pp_1p8_pc_2p2_cont_4p0_8p0,shl01042704,1.1701,0.0761,0.0435,0.8804
shl010427,15082026_16k_production_4_seeds_4_sizes_20260818_pp_1p8_pc_2p2_cont_4p0_8p0,shl01042705,1.0951,0.0326,0.0543,0.9130
shl010427,15082026_16k_production_4_seeds_4_sizes_20260818_pp_1p8_pc_2p2_cont_4p0_8p0,shl01042706,1.1803,0.0652,0.0543,0.8804
shl010427,15082026_16k_production_4_seeds_4_sizes_20260818_pp_1p8_pc_2p2_cont_4p0_8p0,shl01042707,1.0941,0.0435,0.0543,0.9022
shl010427,15082026_16k_production_4_seeds_4_sizes_20260818_pp_1p8_pc_2p2_cont_4p0_8p0,shl01042708,1.2022,0.0435,0.0652,0.8913
shl010427,15082026_16k_production_4_seeds_4_sizes_20260818_pp_1p8_pc_2p2_cont_4p0_8p0,shl01042709,1.1294,0.0652,0.0543,0.8804
shl010427,15082026_16k_production_4_seeds_4_sizes_20260818_pp_1p8_pc_2p2_cont_4p0_8p0,shl01042710,1.2348,0.0435,0.0435,0.9130
shl010427,15082026_16k_production_4_seeds_4_sizes_20260818_pp_1p8_pc_2p2_cont_4p0_8p0,shl01042711,1.1822,0.0217,0.0761,0.9022
shl010427,15082026_16k_production_4_seeds_4_sizes_20260818_pp_1p8_pc_2p2_cont_4p0_8p0,shl01042712,1.2500,0.0652,0.0543,0.8804
shl010427,15082026_16k_production_4_seeds_4_sizes_20260818_pp_1p8_pc_2p2_cont_4p0_8p0,shl01042713,1.2877,0.0435,0.0543,0.9022
shl010427,15082026_16k_production_4_seeds_4_sizes_20260818_pp_1p8_pc_2p2_cont_4p0_8p0,shl01042714,1.1561,0.0435,0.0326,0.9239
shl010427,15082026_16k_production_4_seeds_4_sizes_20260818_pp_1p8_pc_2p2_cont_4p0_8p0,shl01042715,1.2114,0.0217,0.0543,0.9239
shl010703,15082026_16k_production_4_seeds_4_sizes_20260818_pp_1p8_pc_2p2_cont_4p0_8p0,shl01070300,1.2475,0.0545,0.1000,0.8455
shl010703,15082026_16k_production_4_seeds_4_sizes_20260818_pp_1p8_pc_2p2_cont_4p0_8p0,shl01070301,1.2437,0.0455,0.0727,0.8818
shl010703,15082026_16k_production_4_seeds_4_sizes_20260818_pp_1p8_pc_2p2_cont_4p0_8p0,shl01070302,1.2159,0.0364,0.0818,0.8818
shl010703,15082026_16k_production_4_seeds_4_sizes_20260818_pp_1p8_pc_2p2_cont_4p0_8p0,shl01070303,1.2651,0.0455,0.0727,0.8818
shl010703,15082026_16k_production_4_seeds_4_sizes_20260818_pp_1p8_pc_2p2_cont_4p0_8p0,shl01070304,1.2188,0.0636,0.0818,0.8545
shl010703,15082026_16k_production_4_seeds_4_sizes_20260818_pp_1p8_pc_2p2_cont_4p0_8p0,shl01070305,1.1959,0.0636,0.0818,0.8545
shl010703,15082026_16k_production_4_seeds_4_sizes_20260818_pp_1p8_pc_2p2_cont_4p0_8p0,shl01070306,1.1489,0.0545,0.0818,0.8636
shl010703,15082026_16k_production_4_seeds_4_sizes_20260818_pp_1p8_pc_2p2_cont_4p0_8p0,shl01070307,1.2362,0.0455,0.0909,0.8636
shl010703,15082026_16k_production_4_seeds_4_sizes_20260818_pp_1p8_pc_2p2_cont_4p0_8p0,shl01070308,1.2742,0.0273,0.0909,0.8818
shl010703,15082026_16k_production_4_seeds_4_sizes_20260818_pp_1p8_pc_2p2_cont_4p0_8p0,shl01070309,1.2635,0.0364,0.0727,0.8909
shl010703,15082026_16k_production_4_seeds_4_sizes_20260818_pp_1p8_pc_2p2_cont_4p0_8p0,shl01070310,1.2442,0.0545,0.0636,0.8818
shl010703,15082026_16k_production_4_seeds_4_sizes_20260818_pp_1p8_pc_2p2_cont_4p0_8p0,shl01070311,1.2805,0.0455,0.0636,0.8909
shl010703,15082026_16k_production_4_seeds_4_sizes_20260818_pp_1p8_pc_2p2_cont_4p0_8p0,shl01070312,1.1999,0.0545,0.0818,0.8636
shl010703,15082026_16k_production_4_seeds_4_sizes_20260818_pp_1p8_pc_2p2_cont_4p0_8p0,shl01070313,1.2741,0.0273,0.0909,0.8818
shl010703,15082026_16k_production_4_seeds_4_sizes_20260818_pp_1p8_pc_2p2_cont_4p0_8p0,shl01070314,1.2058,0.0364,0.0909,0.8727
shl010703,15082026_16k_production_4_seeds_4_sizes_20260818_pp_1p8_pc_2p2_cont_4p0_8p0,shl01070315,1.2340,0.0455,0.0818,0.8727
shl010890,15082026_16k_production_4_seeds_4_sizes_20260818_pp_1p8_pc_2p2_cont_4p0_8p0,shl01089000,1.1283,0.0603,0.0603,0.8793
shl010890,15082026_16k_production_4_seeds_4_sizes_20260818_pp_1p8_pc_2p2_cont_4p0_8p0,shl01089001,1.1826,0.0517,0.0690,0.8793
shl010890,15082026_16k_production_4_seeds_4_sizes_20260818_pp_1p8_pc_2p2_cont_4p0_8p0,shl01089002,1.2126,0.1034,0.0603,0.8362
shl010890,15082026_16k_production_4_seeds_4_sizes_20260818_pp_1p8_pc_2p2_cont_4p0_8p0,shl01089003,1.2432,0.0690,0.0603,0.8707
shl010890,15082026_16k_production_4_seeds_4_sizes_20260818_pp_1p8_pc_2p2_cont_4p0_8p0,shl01089004,1.1528,0.0690,0.0690,0.8621
shl010890,15082026_16k_production_4_seeds_4_sizes_20260818_pp_1p8_pc_2p2_cont_4p0_8p0,shl01089005,1.1056,0.0690,0.0690,0.8621
shl010890,15082026_16k_production_4_seeds_4_sizes_20260818_pp_1p8_pc_2p2_cont_4p0_8p0,shl01089006,1.1228,0.0948,0.0690,0.8362
shl010890,15082026_16k_production_4_seeds_4_sizes_20260818_pp_1p8_pc_2p2_cont_4p0_8p0,shl01089007,1.0907,0.0603,0.0603,0.8793
shl010890,15082026_16k_production_4_seeds_4_sizes_20260818_pp_1p8_pc_2p2_cont_4p0_8p0,shl01089008,1.2090,0.0690,0.0603,0.8707
shl010890,15082026_16k_production_4_seeds_4_sizes_20260818_pp_1p8_pc_2p2_cont_4p0_8p0,shl01089009,1.2058,0.0690,0.0603,0.8707
shl010890,15082026_16k_production_4_seeds_4_sizes_20260818_pp_1p8_pc_2p2_cont_4p0_8p0,shl01089010,1.1155,0.0862,0.0603,0.8534
shl010890,15082026_16k_production_4_seeds_4_sizes_20260818_pp_1p8_pc_2p2_cont_4p0_8p0,shl01089011,1.1230,0.0862,0.0603,0.8534
shl010890,15082026_16k_production_4_seeds_4_sizes_20260818_pp_1p8_pc_2p2_cont_4p0_8p0,shl01089012,1.1456,0.0862,0.0690,0.8448
shl010890,15082026_16k_production_4_seeds_4_sizes_20260818_pp_1p8_pc_2p2_cont_4p0_8p0,shl01089013,1.1943,0.0862,0.0690,0.8448
shl010890,15082026_16k_production_4_seeds_4_sizes_20260818_pp_1p8_pc_2p2_cont_4p0_8p0,shl01089014,1.1349,0.0862,0.0690,0.8448
shl010890,15082026_16k_production_4_seeds_4_sizes_20260818_pp_1p8_pc_2p2_cont_4p0_8p0,shl01089015,1.1575,0.0690,0.0690,0.8621
shl010903,15082026_16k_production_4_seeds_4_sizes_20260818_pp_1p8_pc_2p2_cont_4p0_8p0,shl01090300,1.1394,0.1652,0.1565,0.6783
shl010903,15082026_16k_production_4_seeds_4_sizes_20260818_pp_1p8_pc_2p2_cont_4p0_8p0,shl01090301,1.2320,0.1391,0.1043,0.7565
shl010903,15082026_16k_production_4_seeds_4_sizes_20260818_pp_1p8_pc_2p2_cont_4p0_8p0,shl01090302,1.2222,0.1652,0.1043,0.7304
shl010903,15082026_16k_production_4_seeds_4_sizes_20260818_pp_1p8_pc_2p2_cont_4p0_8p0,shl01090303,1.1439,0.1652,0.1478,0.6870
shl010903,15082026_16k_production_4_seeds_4_sizes_20260818_pp_1p8_pc_2p2_cont_4p0_8p0,shl01090304,1.2305,0.1391,0.1217,0.7391
shl010903,15082026_16k_production_4_seeds_4_sizes_20260818_pp_1p8_pc_2p2_cont_4p0_8p0,shl01090305,1.1881,0.1478,0.1478,0.7043
shl010903,15082026_16k_production_4_seeds_4_sizes_20260818_pp_1p8_pc_2p2_cont_4p0_8p0,shl01090306,1.1325,0.1478,0.1304,0.7217
shl010903,15082026_16k_production_4_seeds_4_sizes_20260818_pp_1p8_pc_2p2_cont_4p0_8p0,shl01090307,1.2619,0.1217,0.1391,0.7391
shl010903,15082026_16k_production_4_seeds_4_sizes_20260818_pp_1p8_pc_2p2_cont_4p0_8p0,shl01090308,1.2342,0.1304,0.1391,0.7304
shl010903,15082026_16k_production_4_seeds_4_sizes_20260818_pp_1p8_pc_2p2_cont_4p0_8p0,shl01090309,1.1802,0.1565,0.1391,0.7043
shl010903,15082026_16k_production_4_seeds_4_sizes_20260818_pp_1p8_pc_2p2_cont_4p0_8p0,shl01090310,1.1913,0.1391,0.1391,0.7217
shl010903,15082026_16k_production_4_seeds_4_sizes_20260818_pp_1p8_pc_2p2_cont_4p0_8p0,shl01090311,1.1697,0.1217,0.1826,0.6957
shl010903,15082026_16k_production_4_seeds_4_sizes_20260818_pp_1p8_pc_2p2_cont_4p0_8p0,shl01090312,1.1987,0.1478,0.1043,0.7478
shl010903,15082026_16k_production_4_seeds_4_sizes_20260818_pp_1p8_pc_2p2_cont_4p0_8p0,shl01090313,1.2092,0.1478,0.1304,0.7217
shl010903,15082026_16k_production_4_seeds_4_sizes_20260818_pp_1p8_pc_2p2_cont_4p0_8p0,shl01090314,1.2399,0.1391,0.1304,0.7304
shl010903,15082026_16k_production_4_seeds_4_sizes_20260818_pp_1p8_pc_2p2_cont_4p0_8p0,shl01090315,1.1868,0.1391,0.1130,0.7478
shl010935,15082026_16k_production_4_seeds_4_sizes_20260818_pp_1p8_pc_2p2_cont_4p0_8p0,shl01093500,1.2230,0.0673,0.0577,0.8750
shl010935,15082026_16k_production_4_seeds_4_sizes_20260818_pp_1p8_pc_2p2_cont_4p0_8p0,shl01093501,1.1495,0.0577,0.0962,0.8462
shl010935,15082026_16k_production_4_seeds_4_sizes_20260818_pp_1p8_pc_2p2_cont_4p0_8p0,shl01093502,1.1769,0.0673,0.0577,0.8750
shl010935,15082026_16k_production_4_seeds_4_sizes_20260818_pp_1p8_pc_2p2_cont_4p0_8p0,shl01093503,1.1649,0.0673,0.0769,0.8558
shl010935,15082026_16k_production_4_seeds_4_sizes_20260818_pp_1p8_pc_2p2_cont_4p0_8p0,shl01093504,1.1982,0.0577,0.0481,0.8942
shl010935,15082026_16k_production_4_seeds_4_sizes_20260818_pp_1p8_pc_2p2_cont_4p0_8p0,shl01093505,1.2540,0.0673,0.0481,0.8846
shl010935,15082026_16k_production_4_seeds_4_sizes_20260818_pp_1p8_pc_2p2_cont_4p0_8p0,shl01093506,1.1926,0.0673,0.0865,0.8462
shl010935,15082026_16k_production_4_seeds_4_sizes_20260818_pp_1p8_pc_2p2_cont_4p0_8p0,shl01093507,1.1677,0.0769,0.0577,0.8654
shl010935,15082026_16k_production_4_seeds_4_sizes_20260818_pp_1p8_pc_2p2_cont_4p0_8p0,shl01093508,1.3112,0.0673,0.0385,0.8942
shl010935,15082026_16k_production_4_seeds_4_sizes_20260818_pp_1p8_pc_2p2_cont_4p0_8p0,shl01093509,1.2595,0.0865,0.0577,0.8558
shl010935,15082026_16k_production_4_seeds_4_sizes_20260818_pp_1p8_pc_2p2_cont_4p0_8p0,shl01093510,1.2557,0.0865,0.0769,0.8365
shl010935,15082026_16k_production_4_seeds_4_sizes_20260818_pp_1p8_pc_2p2_cont_4p0_8p0,shl01093511,1.2577,0.0673,0.0385,0.8942
shl010935,15082026_16k_production_4_seeds_4_sizes_20260818_pp_1p8_pc_2p2_cont_4p0_8p0,shl01093512,1.1986,0.0769,0.0673,0.8558
shl010935,15082026_16k_production_4_seeds_4_sizes_20260818_pp_1p8_pc_2p2_cont_4p0_8p0,shl01093513,1.1831,0.0577,0.0769,0.8654
shl010935,15082026_16k_production_4_seeds_4_sizes_20260818_pp_1p8_pc_2p2_cont_4p0_8p0,shl01093514,1.1887,0.0769,0.0673,0.8558
shl010935,15082026_16k_production_4_seeds_4_sizes_20260818_pp_1p8_pc_2p2_cont_4p0_8p0,shl01093515,1.2731,0.0577,0.0673,0.8750
shm009029,15082026_16k_production_4_seeds_4_sizes_20260818_pp_1p8_pc_2p2_cont_4p0_8p0,shm00902900,1.7374,0.0361,0.0964,0.8675
shm009029,15082026_16k_production_4_seeds_4_sizes_20260818_pp_1p8_pc_2p2_cont_4p0_8p0,shm00902901,1.5545,0.0241,0.1446,0.8313
shm009029,15082026_16k_production_4_seeds_4_sizes_20260818_pp_1p8_pc_2p2_cont_4p0_8p0,shm00902902,1.5167,0.0120,0.1566,0.8313
shm009029,15082026_16k_production_4_seeds_4_sizes_20260818_pp_1p8_pc_2p2_cont_4p0_8p0,shm00902903,1.6676,0.0241,0.1084,0.8675
shm009029,15082026_16k_production_4_seeds_4_sizes_20260818_pp_1p8_pc_2p2_cont_4p0_8p0,shm00902904,1.5444,0.0361,0.1325,0.8313
shm009029,15082026_16k_production_4_seeds_4_sizes_20260818_pp_1p8_pc_2p2_cont_4p0_8p0,shm00902905,1.5795,0.0241,0.1325,0.8434
shm009029,15082026_16k_production_4_seeds_4_sizes_20260818_pp_1p8_pc_2p2_cont_4p0_8p0,shm00902906,1.5227,0.0361,0.1205,0.8434
shm009029,15082026_16k_production_4_seeds_4_sizes_20260818_pp_1p8_pc_2p2_cont_4p0_8p0,shm00902907,1.5775,0.0241,0.0843,0.8916
shm009029,15082026_16k_production_4_seeds_4_sizes_20260818_pp_1p8_pc_2p2_cont_4p0_8p0,shm00902908,1.5347,0.0241,0.1446,0.8313
shm009029,15082026_16k_production_4_seeds_4_sizes_20260818_pp_1p8_pc_2p2_cont_4p0_8p0,shm00902909,1.5786,0.0241,0.1446,0.8313
shm009029,15082026_16k_production_4_seeds_4_sizes_20260818_pp_1p8_pc_2p2_cont_4p0_8p0,shm00902910,1.5292,0.0241,0.1084,0.8675
shm009029,15082026_16k_production_4_seeds_4_sizes_20260818_pp_1p8_pc_2p2_cont_4p0_8p0,shm00902911,1.5201,0.0241,0.1446,0.8313
shm009029,15082026_16k_production_4_seeds_4_sizes_20260818_pp_1p8_pc_2p2_cont_4p0_8p0,shm00902912,1.5413,0.0361,0.1325,0.8313
shm009029,15082026_16k_production_4_seeds_4_sizes_20260818_pp_1p8_pc_2p2_cont_4p0_8p0,shm00902913,1.6545,0.0241,0.1205,0.8554
shm009029,15082026_16k_production_4_seeds_4_sizes_20260818_pp_1p8_pc_2p2_cont_4p0_8p0,shm00902914,1.5274,0.0361,0.1446,0.8193
shm009029,15082026_16k_production_4_seeds_4_sizes_20260818_pp_1p8_pc_2p2_cont_4p0_8p0,shm00902915,1.5408,0.0241,0.1084,0.8675
shm009107,15082026_16k_production_4_seeds_4_sizes_20260818_pp_1p8_pc_2p2_cont_4p0_8p0,shm00910700,1.3226,0.0860,0.1505,0.7634
shm009107,15082026_16k_production_4_seeds_4_sizes_20260818_pp_1p8_pc_2p2_cont_4p0_8p0,shm00910701,1.3273,0.0753,0.1613,0.7634
shm009107,15082026_16k_production_4_seeds_4_sizes_20260818_pp_1p8_pc_2p2_cont_4p0_8p0,shm00910702,1.2911,0.0753,0.1183,0.8065
shm009107,15082026_16k_production_4_seeds_4_sizes_20260818_pp_1p8_pc_2p2_cont_4p0_8p0,shm00910703,1.3279,0.0860,0.1183,0.7957
shm009107,15082026_16k_production_4_seeds_4_sizes_20260818_pp_1p8_pc_2p2_cont_4p0_8p0,shm00910704,1.3454,0.0645,0.1505,0.7849
shm009107,15082026_16k_production_4_seeds_4_sizes_20260818_pp_1p8_pc_2p2_cont_4p0_8p0,shm00910705,1.3598,0.0645,0.1613,0.7742
shm009107,15082026_16k_production_4_seeds_4_sizes_20260818_pp_1p8_pc_2p2_cont_4p0_8p0,shm00910706,1.3475,0.0753,0.1398,0.7849
shm009107,15082026_16k_production_4_seeds_4_sizes_20260818_pp_1p8_pc_2p2_cont_4p0_8p0,shm00910707,1.3835,0.0538,0.1398,0.8065
shm009107,15082026_16k_production_4_seeds_4_sizes_20260818_pp_1p8_pc_2p2_cont_4p0_8p0,shm00910708,1.4289,0.0645,0.1290,0.8065
shm009107,15082026_16k_production_4_seeds_4_sizes_20260818_pp_1p8_pc_2p2_cont_4p0_8p0,shm00910709,1.3230,0.0753,0.1290,0.7957
shm009107,15082026_16k_production_4_seeds_4_sizes_20260818_pp_1p8_pc_2p2_cont_4p0_8p0,shm00910710,1.3476,0.0860,0.1183,0.7957
shm009107,15082026_16k_production_4_seeds_4_sizes_20260818_pp_1p8_pc_2p2_cont_4p0_8p0,shm00910711,1.3643,0.0860,0.1183,0.7957
shm009107,15082026_16k_production_4_seeds_4_sizes_20260818_pp_1p8_pc_2p2_cont_4p0_8p0,shm00910712,1.3322,0.0753,0.1183,0.8065
shm009107,15082026_16k_production_4_seeds_4_sizes_20260818_pp_1p8_pc_2p2_cont_4p0_8p0,shm00910713,1.3444,0.0645,0.1075,0.8280
shm009107,15082026_16k_production_4_seeds_4_sizes_20260818_pp_1p8_pc_2p2_cont_4p0_8p0,shm00910714,1.3292,0.0753,0.1183,0.8065
shm009107,15082026_16k_production_4_seeds_4_sizes_20260818_pp_1p8_pc_2p2_cont_4p0_8p0,shm00910715,1.2593,0.1183,0.1613,0.7204
shm009156,15082026_16k_production_4_seeds_4_sizes_20260818_pp_1p8_pc_2p2_cont_4p0_8p0,shm00915600,1.1489,0.0588,0.1176,0.8235
shm009156,15082026_16k_production_4_seeds_4_sizes_20260818_pp_1p8_pc_2p2_cont_4p0_8p0,shm00915601,1.4182,0.0294,0.0980,0.8725
shm009156,15082026_16k_production_4_seeds_4_sizes_20260818_pp_1p8_pc_2p2_cont_4p0_8p0,shm00915602,1.2178,0.0686,0.1078,0.8235
shm009156,15082026_16k_production_4_seeds_4_sizes_20260818_pp_1p8_pc_2p2_cont_4p0_8p0,shm00915603,1.2364,0.0686,0.1176,0.8137
shm009156,15082026_16k_production_4_seeds_4_sizes_20260818_pp_1p8_pc_2p2_cont_4p0_8p0,shm00915604,1.2910,0.0490,0.0784,0.8725
shm009156,15082026_16k_production_4_seeds_4_sizes_20260818_pp_1p8_pc_2p2_cont_4p0_8p0,shm00915605,1.1665,0.0588,0.1373,0.8039
shm009156,15082026_16k_production_4_seeds_4_sizes_20260818_pp_1p8_pc_2p2_cont_4p0_8p0,shm00915606,1.2545,0.0784,0.1275,0.7941
shm009156,15082026_16k_production_4_seeds_4_sizes_20260818_pp_1p8_pc_2p2_cont_4p0_8p0,shm00915607,1.2529,0.0686,0.1176,0.8137
shm009156,15082026_16k_production_4_seeds_4_sizes_20260818_pp_1p8_pc_2p2_cont_4p0_8p0,shm00915608,1.2717,0.0294,0.1176,0.8529
shm009156,15082026_16k_production_4_seeds_4_sizes_20260818_pp_1p8_pc_2p2_cont_4p0_8p0,shm00915609,1.2188,0.0588,0.1176,0.8235
shm009156,15082026_16k_production_4_seeds_4_sizes_20260818_pp_1p8_pc_2p2_cont_4p0_8p0,shm00915610,1.2461,0.0392,0.1176,0.8431
shm009156,15082026_16k_production_4_seeds_4_sizes_20260818_pp_1p8_pc_2p2_cont_4p0_8p0,shm00915611,1.3790,0.0588,0.0784,0.8627
shm009156,15082026_16k_production_4_seeds_4_sizes_20260818_pp_1p8_pc_2p2_cont_4p0_8p0,shm00915612,1.2848,0.0588,0.1078,0.8333
shm009156,15082026_16k_production_4_seeds_4_sizes_20260818_pp_1p8_pc_2p2_cont_4p0_8p0,shm00915613,1.3737,0.0294,0.1275,0.8431
shm009156,15082026_16k_production_4_seeds_4_sizes_20260818_pp_1p8_pc_2p2_cont_4p0_8p0,shm00915614,1.2277,0.0490,0.1275,0.8235
shm009156,15082026_16k_production_4_seeds_4_sizes_20260818_pp_1p8_pc_2p2_cont_4p0_8p0,shm00915615,1.3112,0.0490,0.1078,0.8431
shm009157,15082026_16k_production_4_seeds_4_sizes_20260818_pp_1p8_pc_2p2_cont_4p0_8p0,shm00915700,1.2790,0.0769,0.1154,0.8077
shm009157,15082026_16k_production_4_seeds_4_sizes_20260818_pp_1p8_pc_2p2_cont_4p0_8p0,shm00915701,1.3647,0.0865,0.1154,0.7981
shm009157,15082026_16k_production_4_seeds_4_sizes_20260818_pp_1p8_pc_2p2_cont_4p0_8p0,shm00915702,1.3155,0.0769,0.1250,0.7981
shm009157,15082026_16k_production_4_seeds_4_sizes_20260818_pp_1p8_pc_2p2_cont_4p0_8p0,shm00915703,1.2778,0.0673,0.1346,0.7981
shm009157,15082026_16k_production_4_seeds_4_sizes_20260818_pp_1p8_pc_2p2_cont_4p0_8p0,shm00915704,1.3647,0.0769,0.1154,0.8077
shm009157,15082026_16k_production_4_seeds_4_sizes_20260818_pp_1p8_pc_2p2_cont_4p0_8p0,shm00915705,1.3143,0.0673,0.1250,0.8077
shm009157,15082026_16k_production_4_seeds_4_sizes_20260818_pp_1p8_pc_2p2_cont_4p0_8p0,shm00915706,1.3311,0.0577,0.1154,0.8269
shm009157,15082026_16k_production_4_seeds_4_sizes_20260818_pp_1p8_pc_2p2_cont_4p0_8p0,shm00915707,1.3486,0.0769,0.1154,0.8077
shm009157,15082026_16k_production_4_seeds_4_sizes_20260818_pp_1p8_pc_2p2_cont_4p0_8p0,shm00915708,1.2839,0.0865,0.1442,0.7692
shm009157,15082026_16k_production_4_seeds_4_sizes_20260818_pp_1p8_pc_2p2_cont_4p0_8p0,shm00915709,1.3183,0.0481,0.1346,0.8173
shm009157,15082026_16k_production_4_seeds_4_sizes_20260818_pp_1p8_pc_2p2_cont_4p0_8p0,shm00915710,1.3140,0.0769,0.1154,0.8077
shm009157,15082026_16k_production_4_seeds_4_sizes_20260818_pp_1p8_pc_2p2_cont_4p0_8p0,shm00915711,1.2963,0.0673,0.1154,0.8173
shm009157,15082026_16k_production_4_seeds_4_sizes_20260818_pp_1p8_pc_2p2_cont_4p0_8p0,shm00915712,1.3138,0.0577,0.1250,0.8173
shm009157,15082026_16k_production_4_seeds_4_sizes_20260818_pp_1p8_pc_2p2_cont_4p0_8p0,shm00915713,1.3367,0.0865,0.1154,0.7981
shm009157,15082026_16k_production_4_seeds_4_sizes_20260818_pp_1p8_pc_2p2_cont_4p0_8p0,shm00915714,1.3014,0.0673,0.1250,0.8077
shm009157,15082026_16k_production_4_seeds_4_sizes_20260818_pp_1p8_pc_2p2_cont_4p0_8p0,shm00915715,1.3427,0.0577,0.1058,0.8365
shm009194,15082026_16k_production_4_seeds_4_sizes_20260818_pp_1p8_pc_2p2_cont_4p0_8p0,shm00919400,1.1603,0.0206,0.0722,0.9072
shm009194,15082026_16k_production_4_seeds_4_sizes_20260818_pp_1p8_pc_2p2_cont_4p0_8p0,shm00919401,1.1866,0.0309,0.0722,0.8969
shm009194,15082026_16k_production_4_seeds_4_sizes_20260818_pp_1p8_pc_2p2_cont_4p0_8p0,shm00919402,1.3160,0.0412,0.0722,0.8866
shm009194,15082026_16k_production_4_seeds_4_sizes_20260818_pp_1p8_pc_2p2_cont_4p0_8p0,shm00919403,1.2113,0.0309,0.0722,0.8969
shm009194,15082026_16k_production_4_seeds_4_sizes_20260818_pp_1p8_pc_2p2_cont_4p0_8p0,shm00919404,1.2130,0.0206,0.0722,0.9072
shm009194,15082026_16k_production_4_seeds_4_sizes_20260818_pp_1p8_pc_2p2_cont_4p0_8p0,shm00919405,1.2380,0.0309,0.0722,0.8969
shm009194,15082026_16k_production_4_seeds_4_sizes_20260818_pp_1p8_pc_2p2_cont_4p0_8p0,shm00919406,1.2532,0.0309,0.0722,0.8969
shm009194,15082026_16k_production_4_seeds_4_sizes_20260818_pp_1p8_pc_2p2_cont_4p0_8p0,shm00919407,1.3304,0.0206,0.0722,0.9072
shm009194,15082026_16k_production_4_seeds_4_sizes_20260818_pp_1p8_pc_2p2_cont_4p0_8p0,shm00919408,1.1580,0.0206,0.0722,0.9072
shm009194,15082026_16k_production_4_seeds_4_sizes_20260818_pp_1p8_pc_2p2_cont_4p0_8p0,shm00919409,1.3547,0.0206,0.0722,0.9072
shm009194,15082026_16k_production_4_seeds_4_sizes_20260818_pp_1p8_pc_2p2_cont_4p0_8p0,shm00919410,1.3070,0.0309,0.0722,0.8969
shm009194,15082026_16k_production_4_seeds_4_sizes_20260818_pp_1p8_pc_2p2_cont_4p0_8p0,shm00919411,1.2269,0.0206,0.0722,0.9072
shm009194,15082026_16k_production_4_seeds_4_sizes_20260818_pp_1p8_pc_2p2_cont_4p0_8p0,shm00919412,1.2518,0.0309,0.0722,0.8969
shm009194,15082026_16k_production_4_seeds_4_sizes_20260818_pp_1p8_pc_2p2_cont_4p0_8p0,shm00919413,1.1497,0.0206,0.0722,0.9072
shm009194,15082026_16k_production_4_seeds_4_sizes_20260818_pp_1p8_pc_2p2_cont_4p0_8p0,shm00919414,1.2282,0.0206,0.0722,0.9072
shm009194,15082026_16k_production_4_seeds_4_sizes_20260818_pp_1p8_pc_2p2_cont_4p0_8p0,shm00919415,1.2270,0.0309,0.0825,0.8866
shm009359,15082026_16k_production_4_seeds_4_sizes_20260818_pp_1p8_pc_2p2_cont_4p0_8p0,shm00935900,1.3969,0.0233,0.1047,0.8721
shm009359,15082026_16k_production_4_seeds_4_sizes_20260818_pp_1p8_pc_2p2_cont_4p0_8p0,shm00935901,1.4239,0.0465,0.1279,0.8256
shm009359,15082026_16k_production_4_seeds_4_sizes_20260818_pp_1p8_pc_2p2_cont_4p0_8p0,shm00935902,1.3505,0.0465,0.1047,0.8488
shm009359,15082026_16k_production_4_seeds_4_sizes_20260818_pp_1p8_pc_2p2_cont_4p0_8p0,shm00935903,1.3335,0.0814,0.0930,0.8256
shm009359,15082026_16k_production_4_seeds_4_sizes_20260818_pp_1p8_pc_2p2_cont_4p0_8p0,shm00935904,1.4400,0.0233,0.1163,0.8605
shm009359,15082026_16k_production_4_seeds_4_sizes_20260818_pp_1p8_pc_2p2_cont_4p0_8p0,shm00935905,1.3655,0.0349,0.0930,0.8721
shm009359,15082026_16k_production_4_seeds_4_sizes_20260818_pp_1p8_pc_2p2_cont_4p0_8p0,shm00935906,1.5152,0.0233,0.0698,0.9070
shm009359,15082026_16k_production_4_seeds_4_sizes_20260818_pp_1p8_pc_2p2_cont_4p0_8p0,shm00935907,1.3877,0.0465,0.1047,0.8488
shm009359,15082026_16k_production_4_seeds_4_sizes_20260818_pp_1p8_pc_2p2_cont_4p0_8p0,shm00935908,1.3789,0.0349,0.1047,0.8605
shm009359,15082026_16k_production_4_seeds_4_sizes_20260818_pp_1p8_pc_2p2_cont_4p0_8p0,shm00935909,1.3702,0.0349,0.0930,0.8721
shm009359,15082026_16k_production_4_seeds_4_sizes_20260818_pp_1p8_pc_2p2_cont_4p0_8p0,shm00935910,1.3876,0.0581,0.1047,0.8372
shm009359,15082026_16k_production_4_seeds_4_sizes_20260818_pp_1p8_pc_2p2_cont_4p0_8p0,shm00935911,1.4204,0.0349,0.0930,0.8721
shm009359,15082026_16k_production_4_seeds_4_sizes_20260818_pp_1p8_pc_2p2_cont_4p0_8p0,shm00935912,1.3810,0.0465,0.0930,0.8605
shm009359,15082026_16k_production_4_seeds_4_sizes_20260818_pp_1p8_pc_2p2_cont_4p0_8p0,shm00935913,1.4458,0.0581,0.0814,0.8605
shm009359,15082026_16k_production_4_seeds_4_sizes_20260818_pp_1p8_pc_2p2_cont_4p0_8p0,shm00935914,1.3291,0.0465,0.0930,0.8605
shm009359,15082026_16k_production_4_seeds_4_sizes_20260818_pp_1p8_pc_2p2_cont_4p0_8p0,shm00935915,1.4006,0.0349,0.0930,0.8721
shm009450,15082026_16k_production_4_seeds_4_sizes_20260818_pp_1p8_pc_2p2_cont_4p0_8p0,shm00945000,1.2168,0.0495,0.0891,0.8614
shm009450,15082026_16k_production_4_seeds_4_sizes_20260818_pp_1p8_pc_2p2_cont_4p0_8p0,shm00945001,1.2417,0.0396,0.0891,0.8713
shm009450,15082026_16k_production_4_seeds_4_sizes_20260818_pp_1p8_pc_2p2_cont_4p0_8p0,shm00945002,1.2748,0.0396,0.0891,0.8713
shm009450,15082026_16k_production_4_seeds_4_sizes_20260818_pp_1p8_pc_2p2_cont_4p0_8p0,shm00945003,1.2680,0.0495,0.0792,0.8713
shm009450,15082026_16k_production_4_seeds_4_sizes_20260818_pp_1p8_pc_2p2_cont_4p0_8p0,shm00945004,1.3085,0.0297,0.0891,0.8812
shm009450,15082026_16k_production_4_seeds_4_sizes_20260818_pp_1p8_pc_2p2_cont_4p0_8p0,shm00945005,1.2447,0.0594,0.0891,0.8515
shm009450,15082026_16k_production_4_seeds_4_sizes_20260818_pp_1p8_pc_2p2_cont_4p0_8p0,shm00945006,1.2166,0.0297,0.0990,0.8713
shm009450,15082026_16k_production_4_seeds_4_sizes_20260818_pp_1p8_pc_2p2_cont_4p0_8p0,shm00945007,1.3061,0.0396,0.0990,0.8614
shm009450,15082026_16k_production_4_seeds_4_sizes_20260818_pp_1p8_pc_2p2_cont_4p0_8p0,shm00945008,1.2038,0.0495,0.0990,0.8515
shm009450,15082026_16k_production_4_seeds_4_sizes_20260818_pp_1p8_pc_2p2_cont_4p0_8p0,shm00945009,1.2161,0.0693,0.0792,0.8515
shm009450,15082026_16k_production_4_seeds_4_sizes_20260818_pp_1p8_pc_2p2_cont_4p0_8p0,shm00945010,1.2105,0.0396,0.0891,0.8713
shm009450,15082026_16k_production_4_seeds_4_sizes_20260818_pp_1p8_pc_2p2_cont_4p0_8p0,shm00945011,1.3272,0.0198,0.0891,0.8911
shm009450,15082026_16k_production_4_seeds_4_sizes_20260818_pp_1p8_pc_2p2_cont_4p0_8p0,shm00945012,1.3235,0.0297,0.0891,0.8812
shm009450,15082026_16k_production_4_seeds_4_sizes_20260818_pp_1p8_pc_2p2_cont_4p0_8p0,shm00945013,1.2589,0.0792,0.0891,0.8317
shm009450,15082026_16k_production_4_seeds_4_sizes_20260818_pp_1p8_pc_2p2_cont_4p0_8p0,shm00945014,1.1997,0.0594,0.0891,0.8515
shm009450,15082026_16k_production_4_seeds_4_sizes_20260818_pp_1p8_pc_2p2_cont_4p0_8p0,shm00945015,1.2053,0.0495,0.0792,0.8713
shm009822,15082026_16k_production_4_seeds_4_sizes_20260818_pp_1p8_pc_2p2_cont_4p0_8p0,shm00982200,1.0598,0.1188,0.1089,0.7723
shm009822,15082026_16k_production_4_seeds_4_sizes_20260818_pp_1p8_pc_2p2_cont_4p0_8p0,shm00982201,0.9732,0.1485,0.1188,0.7327
shm009822,15082026_16k_production_4_seeds_4_sizes_20260818_pp_1p8_pc_2p2_cont_4p0_8p0,shm00982202,0.9972,0.1287,0.1188,0.7525
shm009822,15082026_16k_production_4_seeds_4_sizes_20260818_pp_1p8_pc_2p2_cont_4p0_8p0,shm00982203,0.9720,0.1485,0.1188,0.7327
shm009822,15082026_16k_production_4_seeds_4_sizes_20260818_pp_1p8_pc_2p2_cont_4p0_8p0,shm00982204,0.9972,0.1188,0.0990,0.7822
shm009822,15082026_16k_production_4_seeds_4_sizes_20260818_pp_1p8_pc_2p2_cont_4p0_8p0,shm00982205,1.0427,0.1188,0.0990,0.7822
shm009822,15082026_16k_production_4_seeds_4_sizes_20260818_pp_1p8_pc_2p2_cont_4p0_8p0,shm00982206,0.9915,0.1386,0.0990,0.7624
shm009822,15082026_16k_production_4_seeds_4_sizes_20260818_pp_1p8_pc_2p2_cont_4p0_8p0,shm00982207,0.9805,0.1188,0.1089,0.7723
shm009822,15082026_16k_production_4_seeds_4_sizes_20260818_pp_1p8_pc_2p2_cont_4p0_8p0,shm00982208,1.0381,0.1287,0.1287,0.7426
shm009822,15082026_16k_production_4_seeds_4_sizes_20260818_pp_1p8_pc_2p2_cont_4p0_8p0,shm00982209,0.9776,0.1386,0.1089,0.7525
shm009822,15082026_16k_production_4_seeds_4_sizes_20260818_pp_1p8_pc_2p2_cont_4p0_8p0,shm00982210,1.0158,0.1188,0.1188,0.7624
shm009822,15082026_16k_production_4_seeds_4_sizes_20260818_pp_1p8_pc_2p2_cont_4p0_8p0,shm00982211,1.0842,0.1386,0.0990,0.7624
shm009822,15082026_16k_production_4_seeds_4_sizes_20260818_pp_1p8_pc_2p2_cont_4p0_8p0,shm00982212,1.0930,0.1287,0.1188,0.7525
shm009822,15082026_16k_production_4_seeds_4_sizes_20260818_pp_1p8_pc_2p2_cont_4p0_8p0,shm00982213,1.0836,0.1188,0.1089,0.7723
shm009822,15082026_16k_production_4_seeds_4_sizes_20260818_pp_1p8_pc_2p2_cont_4p0_8p0,shm00982214,0.9685,0.1287,0.1188,0.7525
shm009822,15082026_16k_production_4_seeds_4_sizes_20260818_pp_1p8_pc_2p2_cont_4p0_8p0,shm00982215,1.0038,0.1485,0.1188,0.7327
shm009923,15082026_16k_production_4_seeds_4_sizes_20260818_pp_1p8_pc_2p2_cont_4p0_8p0,shm00992300,1.1367,0.0909,0.2614,0.6477
shm009923,15082026_16k_production_4_seeds_4_sizes_20260818_pp_1p8_pc_2p2_cont_4p0_8p0,shm00992301,1.1490,0.1364,0.2500,0.6136
shm009923,15082026_16k_production_4_seeds_4_sizes_20260818_pp_1p8_pc_2p2_cont_4p0_8p0,shm00992302,1.2378,0.0682,0.2500,0.6818
shm009923,15082026_16k_production_4_seeds_4_sizes_20260818_pp_1p8_pc_2p2_cont_4p0_8p0,shm00992303,1.2208,0.0795,0.2273,0.6932
shm009923,15082026_16k_production_4_seeds_4_sizes_20260818_pp_1p8_pc_2p2_cont_4p0_8p0,shm00992304,1.2315,0.0909,0.2500,0.6591
shm009923,15082026_16k_production_4_seeds_4_sizes_20260818_pp_1p8_pc_2p2_cont_4p0_8p0,shm00992305,1.2692,0.0682,0.2500,0.6818
shm009923,15082026_16k_production_4_seeds_4_sizes_20260818_pp_1p8_pc_2p2_cont_4p0_8p0,shm00992306,1.2731,0.0682,0.2386,0.6932
shm009923,15082026_16k_production_4_seeds_4_sizes_20260818_pp_1p8_pc_2p2_cont_4p0_8p0,shm00992307,1.1508,0.1705,0.2273,0.6023
shm009923,15082026_16k_production_4_seeds_4_sizes_20260818_pp_1p8_pc_2p2_cont_4p0_8p0,shm00992308,1.2340,0.0682,0.2727,0.6591
shm009923,15082026_16k_production_4_seeds_4_sizes_20260818_pp_1p8_pc_2p2_cont_4p0_8p0,shm00992309,1.1847,0.0682,0.2500,0.6818
shm009923,15082026_16k_production_4_seeds_4_sizes_20260818_pp_1p8_pc_2p2_cont_4p0_8p0,shm00992310,1.1842,0.1023,0.2386,0.6591
shm009923,15082026_16k_production_4_seeds_4_sizes_20260818_pp_1p8_pc_2p2_cont_4p0_8p0,shm00992311,1.1274,0.0795,0.2500,0.6705
shm009923,15082026_16k_production_4_seeds_4_sizes_20260818_pp_1p8_pc_2p2_cont_4p0_8p0,shm00992312,1.1645,0.1023,0.2386,0.6591
shm009923,15082026_16k_production_4_seeds_4_sizes_20260818_pp_1p8_pc_2p2_cont_4p0_8p0,shm00992313,1.2074,0.0909,0.2159,0.6932
shm009923,15082026_16k_production_4_seeds_4_sizes_20260818_pp_1p8_pc_2p2_cont_4p0_8p0,shm00992314,1.1772,0.1136,0.2500,0.6364
shm009923,15082026_16k_production_4_seeds_4_sizes_20260818_pp_1p8_pc_2p2_cont_4p0_8p0,shm00992315,1.3109,0.0568,0.2045,0.7386
shs008094,15082026_16k_production_4_seeds_4_sizes_20260818_pp_1p8_pc_2p2_cont_4p0_8p0,shs00809400,1.4063,0.0822,0.1233,0.7945
shs008094,15082026_16k_production_4_seeds_4_sizes_20260818_pp_1p8_pc_2p2_cont_4p0_8p0,shs00809401,1.3949,0.0274,0.1233,0.8493
shs008094,15082026_16k_production_4_seeds_4_sizes_20260818_pp_1p8_pc_2p2_cont_4p0_8p0,shs00809402,1.4125,0.0274,0.1233,0.8493
shs008094,15082026_16k_production_4_seeds_4_sizes_20260818_pp_1p8_pc_2p2_cont_4p0_8p0,shs00809403,1.2938,0.0685,0.1644,0.7671
shs008094,15082026_16k_production_4_seeds_4_sizes_20260818_pp_1p8_pc_2p2_cont_4p0_8p0,shs00809404,1.2803,0.0959,0.1781,0.7260
shs008094,15082026_16k_production_4_seeds_4_sizes_20260818_pp_1p8_pc_2p2_cont_4p0_8p0,shs00809405,1.3767,0.0822,0.1233,0.7945
shs008094,15082026_16k_production_4_seeds_4_sizes_20260818_pp_1p8_pc_2p2_cont_4p0_8p0,shs00809406,1.3965,0.0274,0.1233,0.8493
shs008094,15082026_16k_production_4_seeds_4_sizes_20260818_pp_1p8_pc_2p2_cont_4p0_8p0,shs00809407,1.3299,0.0137,0.1370,0.8493
shs008094,15082026_16k_production_4_seeds_4_sizes_20260818_pp_1p8_pc_2p2_cont_4p0_8p0,shs00809408,1.2958,0.0959,0.1233,0.7808
shs008094,15082026_16k_production_4_seeds_4_sizes_20260818_pp_1p8_pc_2p2_cont_4p0_8p0,shs00809409,1.4477,0.0274,0.1233,0.8493
shs008094,15082026_16k_production_4_seeds_4_sizes_20260818_pp_1p8_pc_2p2_cont_4p0_8p0,shs00809410,1.4625,0.0274,0.1233,0.8493
shs008094,15082026_16k_production_4_seeds_4_sizes_20260818_pp_1p8_pc_2p2_cont_4p0_8p0,shs00809411,1.2961,0.0685,0.1370,0.7945
shs008094,15082026_16k_production_4_seeds_4_sizes_20260818_pp_1p8_pc_2p2_cont_4p0_8p0,shs00809412,1.2538,0.1233,0.1370,0.7397
shs008094,15082026_16k_production_4_seeds_4_sizes_20260818_pp_1p8_pc_2p2_cont_4p0_8p0,shs00809413,1.3762,0.0548,0.1370,0.8082
shs008094,15082026_16k_production_4_seeds_4_sizes_20260818_pp_1p8_pc_2p2_cont_4p0_8p0,shs00809414,1.2863,0.0822,0.1233,0.7945
shs008094,15082026_16k_production_4_seeds_4_sizes_20260818_pp_1p8_pc_2p2_cont_4p0_8p0,shs00809415,1.4215,0.0274,0.1096,0.8630
shs008311,15082026_16k_production_4_seeds_4_sizes_20260818_pp_1p8_pc_2p2_cont_4p0_8p0,shs00831100,1.2913,0.0575,0.0690,0.8736
shs008311,15082026_16k_production_4_seeds_4_sizes_20260818_pp_1p8_pc_2p2_cont_4p0_8p0,shs00831101,1.3336,0.0345,0.0690,0.8966
shs008311,15082026_16k_production_4_seeds_4_sizes_20260818_pp_1p8_pc_2p2_cont_4p0_8p0,shs00831102,1.3462,0.0230,0.0690,0.9080
shs008311,15082026_16k_production_4_seeds_4_sizes_20260818_pp_1p8_pc_2p2_cont_4p0_8p0,shs00831103,1.2984,0.0575,0.0690,0.8736
shs008311,15082026_16k_production_4_seeds_4_sizes_20260818_pp_1p8_pc_2p2_cont_4p0_8p0,shs00831104,1.3870,0.0230,0.0575,0.9195
shs008311,15082026_16k_production_4_seeds_4_sizes_20260818_pp_1p8_pc_2p2_cont_4p0_8p0,shs00831105,1.3364,0.0460,0.0690,0.8851
shs008311,15082026_16k_production_4_seeds_4_sizes_20260818_pp_1p8_pc_2p2_cont_4p0_8p0,shs00831106,1.2657,0.0575,0.0690,0.8736
shs008311,15082026_16k_production_4_seeds_4_sizes_20260818_pp_1p8_pc_2p2_cont_4p0_8p0,shs00831107,1.3465,0.0115,0.0805,0.9080
shs008311,15082026_16k_production_4_seeds_4_sizes_20260818_pp_1p8_pc_2p2_cont_4p0_8p0,shs00831108,1.2420,0.0345,0.0690,0.8966
shs008311,15082026_16k_production_4_seeds_4_sizes_20260818_pp_1p8_pc_2p2_cont_4p0_8p0,shs00831109,1.3271,0.0345,0.0575,0.9080
shs008311,15082026_16k_production_4_seeds_4_sizes_20260818_pp_1p8_pc_2p2_cont_4p0_8p0,shs00831110,1.3273,0.0345,0.0690,0.8966
shs008311,15082026_16k_production_4_seeds_4_sizes_20260818_pp_1p8_pc_2p2_cont_4p0_8p0,shs00831111,1.2641,0.0345,0.0575,0.9080
shs008311,15082026_16k_production_4_seeds_4_sizes_20260818_pp_1p8_pc_2p2_cont_4p0_8p0,shs00831112,1.2313,0.0575,0.0690,0.8736
shs008311,15082026_16k_production_4_seeds_4_sizes_20260818_pp_1p8_pc_2p2_cont_4p0_8p0,shs00831113,1.3348,0.0460,0.0690,0.8851
shs008311,15082026_16k_production_4_seeds_4_sizes_20260818_pp_1p8_pc_2p2_cont_4p0_8p0,shs00831114,1.3640,0.0115,0.0575,0.9310
shs008311,15082026_16k_production_4_seeds_4_sizes_20260818_pp_1p8_pc_2p2_cont_4p0_8p0,shs00831115,1.3977,0.0460,0.0690,0.8851
shs008356,15082026_16k_production_4_seeds_4_sizes_20260818_pp_1p8_pc_2p2_cont_4p0_8p0,shs00835600,1.1750,0.0946,0.0676,0.8378
shs008356,15082026_16k_production_4_seeds_4_sizes_20260818_pp_1p8_pc_2p2_cont_4p0_8p0,shs00835601,1.1642,0.0946,0.0811,0.8243
shs008356,15082026_16k_production_4_seeds_4_sizes_20260818_pp_1p8_pc_2p2_cont_4p0_8p0,shs00835602,1.1435,0.0541,0.0811,0.8649
shs008356,15082026_16k_production_4_seeds_4_sizes_20260818_pp_1p8_pc_2p2_cont_4p0_8p0,shs00835603,1.1222,0.0405,0.0946,0.8649
shs008356,15082026_16k_production_4_seeds_4_sizes_20260818_pp_1p8_pc_2p2_cont_4p0_8p0,shs00835604,1.2266,0.0811,0.0676,0.8514
shs008356,15082026_16k_production_4_seeds_4_sizes_20260818_pp_1p8_pc_2p2_cont_4p0_8p0,shs00835605,1.1590,0.0541,0.1081,0.8378
shs008356,15082026_16k_production_4_seeds_4_sizes_20260818_pp_1p8_pc_2p2_cont_4p0_8p0,shs00835606,1.1573,0.0811,0.0811,0.8378
shs008356,15082026_16k_production_4_seeds_4_sizes_20260818_pp_1p8_pc_2p2_cont_4p0_8p0,shs00835607,1.1173,0.0676,0.0811,0.8514
shs008356,15082026_16k_production_4_seeds_4_sizes_20260818_pp_1p8_pc_2p2_cont_4p0_8p0,shs00835608,1.1350,0.0541,0.0811,0.8649
shs008356,15082026_16k_production_4_seeds_4_sizes_20260818_pp_1p8_pc_2p2_cont_4p0_8p0,shs00835609,1.1253,0.0676,0.1081,0.8243
shs008356,15082026_16k_production_4_seeds_4_sizes_20260818_pp_1p8_pc_2p2_cont_4p0_8p0,shs00835610,1.2063,0.0541,0.0946,0.8514
shs008356,15082026_16k_production_4_seeds_4_sizes_20260818_pp_1p8_pc_2p2_cont_4p0_8p0,shs00835611,1.1931,0.0541,0.0811,0.8649
shs008356,15082026_16k_production_4_seeds_4_sizes_20260818_pp_1p8_pc_2p2_cont_4p0_8p0,shs00835612,1.1706,0.0541,0.0946,0.8514
shs008356,15082026_16k_production_4_seeds_4_sizes_20260818_pp_1p8_pc_2p2_cont_4p0_8p0,shs00835613,1.1918,0.0811,0.0811,0.8378
shs008356,15082026_16k_production_4_seeds_4_sizes_20260818_pp_1p8_pc_2p2_cont_4p0_8p0,shs00835614,1.1782,0.0541,0.0811,0.8649
shs008356,15082026_16k_production_4_seeds_4_sizes_20260818_pp_1p8_pc_2p2_cont_4p0_8p0,shs00835615,1.1256,0.0676,0.0811,0.8514
shs008438,15082026_16k_production_4_seeds_4_sizes_20260818_pp_1p8_pc_2p2_cont_4p0_8p0,shs00843800,1.4759,0.0366,0.0610,0.9024
shs008438,15082026_16k_production_4_seeds_4_sizes_20260818_pp_1p8_pc_2p2_cont_4p0_8p0,shs00843801,1.5741,0.0122,0.0732,0.9146
shs008438,15082026_16k_production_4_seeds_4_sizes_20260818_pp_1p8_pc_2p2_cont_4p0_8p0,shs00843802,1.4611,0.0244,0.0854,0.8902
shs008438,15082026_16k_production_4_seeds_4_sizes_20260818_pp_1p8_pc_2p2_cont_4p0_8p0,shs00843803,1.4982,0.0122,0.0610,0.9268
shs008438,15082026_16k_production_4_seeds_4_sizes_20260818_pp_1p8_pc_2p2_cont_4p0_8p0,shs00843804,1.5534,0.0244,0.0488,0.9268
shs008438,15082026_16k_production_4_seeds_4_sizes_20260818_pp_1p8_pc_2p2_cont_4p0_8p0,shs00843805,1.5293,0.0122,0.0732,0.9146
shs008438,15082026_16k_production_4_seeds_4_sizes_20260818_pp_1p8_pc_2p2_cont_4p0_8p0,shs00843806,1.5033,0.0122,0.0732,0.9146
shs008438,15082026_16k_production_4_seeds_4_sizes_20260818_pp_1p8_pc_2p2_cont_4p0_8p0,shs00843807,1.5375,0.0122,0.0488,0.9390
shs008438,15082026_16k_production_4_seeds_4_sizes_20260818_pp_1p8_pc_2p2_cont_4p0_8p0,shs00843808,1.5316,0.0244,0.0732,0.9024
shs008438,15082026_16k_production_4_seeds_4_sizes_20260818_pp_1p8_pc_2p2_cont_4p0_8p0,shs00843809,1.4629,0.0366,0.0732,0.8902
shs008438,15082026_16k_production_4_seeds_4_sizes_20260818_pp_1p8_pc_2p2_cont_4p0_8p0,shs00843810,1.4943,0.0244,0.0854,0.8902
shs008438,15082026_16k_production_4_seeds_4_sizes_20260818_pp_1p8_pc_2p2_cont_4p0_8p0,shs00843811,1.4933,0.0244,0.0610,0.9146
shs008438,15082026_16k_production_4_seeds_4_sizes_20260818_pp_1p8_pc_2p2_cont_4p0_8p0,shs00843812,1.5124,0.0366,0.0610,0.9024
shs008438,15082026_16k_production_4_seeds_4_sizes_20260818_pp_1p8_pc_2p2_cont_4p0_8p0,shs00843813,1.5131,0.0244,0.0854,0.8902
shs008438,15082026_16k_production_4_seeds_4_sizes_20260818_pp_1p8_pc_2p2_cont_4p0_8p0,shs00843814,1.4457,0.0366,0.0488,0.9146
shs008438,15082026_16k_production_4_seeds_4_sizes_20260818_pp_1p8_pc_2p2_cont_4p0_8p0,shs00843815,1.5736,0.0244,0.0488,0.9268
shs008488,15082026_16k_production_4_seeds_4_sizes_20260818_pp_1p8_pc_2p2_cont_4p0_8p0,shs00848800,1.1514,0.0235,0.0588,0.9176
shs008488,15082026_16k_production_4_seeds_4_sizes_20260818_pp_1p8_pc_2p2_cont_4p0_8p0,shs00848801,1.2044,0.0118,0.0588,0.9294
shs008488,15082026_16k_production_4_seeds_4_sizes_20260818_pp_1p8_pc_2p2_cont_4p0_8p0,shs00848802,1.1756,0.0353,0.0588,0.9059
shs008488,15082026_16k_production_4_seeds_4_sizes_20260818_pp_1p8_pc_2p2_cont_4p0_8p0,shs00848803,1.1411,0.0588,0.0588,0.8824
shs008488,15082026_16k_production_4_seeds_4_sizes_20260818_pp_1p8_pc_2p2_cont_4p0_8p0,shs00848804,1.1712,0.0353,0.0588,0.9059
shs008488,15082026_16k_production_4_seeds_4_sizes_20260818_pp_1p8_pc_2p2_cont_4p0_8p0,shs00848805,1.1624,0.0353,0.0588,0.9059
shs008488,15082026_16k_production_4_seeds_4_sizes_20260818_pp_1p8_pc_2p2_cont_4p0_8p0,shs00848806,1.1323,0.0235,0.0706,0.9059
shs008488,15082026_16k_production_4_seeds_4_sizes_20260818_pp_1p8_pc_2p2_cont_4p0_8p0,shs00848807,1.2472,0.0235,0.0588,0.9176
shs008488,15082026_16k_production_4_seeds_4_sizes_20260818_pp_1p8_pc_2p2_cont_4p0_8p0,shs00848808,1.1467,0.0353,0.0588,0.9059
shs008488,15082026_16k_production_4_seeds_4_sizes_20260818_pp_1p8_pc_2p2_cont_4p0_8p0,shs00848809,1.2200,0.0471,0.0588,0.8941
shs008488,15082026_16k_production_4_seeds_4_sizes_20260818_pp_1p8_pc_2p2_cont_4p0_8p0,shs00848810,1.1637,0.0471,0.0588,0.8941
shs008488,15082026_16k_production_4_seeds_4_sizes_20260818_pp_1p8_pc_2p2_cont_4p0_8p0,shs00848811,1.1968,0.0353,0.0588,0.9059
shs008488,15082026_16k_production_4_seeds_4_sizes_20260818_pp_1p8_pc_2p2_cont_4p0_8p0,shs00848812,1.1428,0.0235,0.0588,0.9176
shs008488,15082026_16k_production_4_seeds_4_sizes_20260818_pp_1p8_pc_2p2_cont_4p0_8p0,shs00848813,1.1751,0.0353,0.0588,0.9059
shs008488,15082026_16k_production_4_seeds_4_sizes_20260818_pp_1p8_pc_2p2_cont_4p0_8p0,shs00848814,1.1224,0.0353,0.0588,0.9059
shs008488,15082026_16k_production_4_seeds_4_sizes_20260818_pp_1p8_pc_2p2_cont_4p0_8p0,shs00848815,1.1517,0.0471,0.0588,0.8941
shs008489,15082026_16k_production_4_seeds_4_sizes_20260818_pp_1p8_pc_2p2_cont_4p0_8p0,shs00848900,1.2424,0.0349,0.0698,0.8953
shs008489,15082026_16k_production_4_seeds_4_sizes_20260818_pp_1p8_pc_2p2_cont_4p0_8p0,shs00848901,1.2261,0.0349,0.0581,0.9070
shs008489,15082026_16k_production_4_seeds_4_sizes_20260818_pp_1p8_pc_2p2_cont_4p0_8p0,shs00848902,1.2172,0.0581,0.0581,0.8837
shs008489,15082026_16k_production_4_seeds_4_sizes_20260818_pp_1p8_pc_2p2_cont_4p0_8p0,shs00848903,1.1723,0.0581,0.0581,0.8837
shs008489,15082026_16k_production_4_seeds_4_sizes_20260818_pp_1p8_pc_2p2_cont_4p0_8p0,shs00848904,1.1865,0.0465,0.0581,0.8953
shs008489,15082026_16k_production_4_seeds_4_sizes_20260818_pp_1p8_pc_2p2_cont_4p0_8p0,shs00848905,1.2101,0.0116,0.0814,0.9070
shs008489,15082026_16k_production_4_seeds_4_sizes_20260818_pp_1p8_pc_2p2_cont_4p0_8p0,shs00848906,1.3026,0.0116,0.0698,0.9186
shs008489,15082026_16k_production_4_seeds_4_sizes_20260818_pp_1p8_pc_2p2_cont_4p0_8p0,shs00848907,1.3099,0.0233,0.0698,0.9070
shs008489,15082026_16k_production_4_seeds_4_sizes_20260818_pp_1p8_pc_2p2_cont_4p0_8p0,shs00848908,1.3391,0.0116,0.0698,0.9186
shs008489,15082026_16k_production_4_seeds_4_sizes_20260818_pp_1p8_pc_2p2_cont_4p0_8p0,shs00848909,1.2079,0.0233,0.0698,0.9070
shs008489,15082026_16k_production_4_seeds_4_sizes_20260818_pp_1p8_pc_2p2_cont_4p0_8p0,shs00848910,1.2936,0.0233,0.0581,0.9186
shs008489,15082026_16k_production_4_seeds_4_sizes_20260818_pp_1p8_pc_2p2_cont_4p0_8p0,shs00848911,1.2755,0.0233,0.0698,0.9070
shs008489,15082026_16k_production_4_seeds_4_sizes_20260818_pp_1p8_pc_2p2_cont_4p0_8p0,shs00848912,1.2408,0.0233,0.0581,0.9186
shs008489,15082026_16k_production_4_seeds_4_sizes_20260818_pp_1p8_pc_2p2_cont_4p0_8p0,shs00848913,1.1774,0.0349,0.0698,0.8953
shs008489,15082026_16k_production_4_seeds_4_sizes_20260818_pp_1p8_pc_2p2_cont_4p0_8p0,shs00848914,1.4352,0.0000,0.0698,0.9302
shs008489,15082026_16k_production_4_seeds_4_sizes_20260818_pp_1p8_pc_2p2_cont_4p0_8p0,shs00848915,1.2586,0.0349,0.0581,0.9070
shs008497,15082026_16k_production_4_seeds_4_sizes_20260818_pp_1p8_pc_2p2_cont_4p0_8p0,shs00849700,1.2362,0.0506,0.0380,0.9114
shs008497,15082026_16k_production_4_seeds_4_sizes_20260818_pp_1p8_pc_2p2_cont_4p0_8p0,shs00849701,1.2995,0.0380,0.0633,0.8987
shs008497,15082026_16k_production_4_seeds_4_sizes_20260818_pp_1p8_pc_2p2_cont_4p0_8p0,shs00849702,1.1804,0.0506,0.0506,0.8987
shs008497,15082026_16k_production_4_seeds_4_sizes_20260818_pp_1p8_pc_2p2_cont_4p0_8p0,shs00849703,1.1733,0.0633,0.0633,0.8734
shs008497,15082026_16k_production_4_seeds_4_sizes_20260818_pp_1p8_pc_2p2_cont_4p0_8p0,shs00849704,1.2130,0.0633,0.0633,0.8734
shs008497,15082026_16k_production_4_seeds_4_sizes_20260818_pp_1p8_pc_2p2_cont_4p0_8p0,shs00849705,1.1477,0.0380,0.0633,0.8987
shs008497,15082026_16k_production_4_seeds_4_sizes_20260818_pp_1p8_pc_2p2_cont_4p0_8p0,shs00849706,1.2293,0.0506,0.0380,0.9114
shs008497,15082026_16k_production_4_seeds_4_sizes_20260818_pp_1p8_pc_2p2_cont_4p0_8p0,shs00849707,1.2535,0.0506,0.0127,0.9367
shs008497,15082026_16k_production_4_seeds_4_sizes_20260818_pp_1p8_pc_2p2_cont_4p0_8p0,shs00849708,1.2976,0.0380,0.0380,0.9241
shs008497,15082026_16k_production_4_seeds_4_sizes_20260818_pp_1p8_pc_2p2_cont_4p0_8p0,shs00849709,1.1657,0.0759,0.0633,0.8608
shs008497,15082026_16k_production_4_seeds_4_sizes_20260818_pp_1p8_pc_2p2_cont_4p0_8p0,shs00849710,1.2403,0.0253,0.0633,0.9114
shs008497,15082026_16k_production_4_seeds_4_sizes_20260818_pp_1p8_pc_2p2_cont_4p0_8p0,shs00849711,1.1640,0.0633,0.0759,0.8608
shs008497,15082026_16k_production_4_seeds_4_sizes_20260818_pp_1p8_pc_2p2_cont_4p0_8p0,shs00849712,1.2314,0.0506,0.0633,0.8861
shs008497,15082026_16k_production_4_seeds_4_sizes_20260818_pp_1p8_pc_2p2_cont_4p0_8p0,shs00849713,1.2248,0.0380,0.0759,0.8861
shs008497,15082026_16k_production_4_seeds_4_sizes_20260818_pp_1p8_pc_2p2_cont_4p0_8p0,shs00849714,1.1651,0.0506,0.0506,0.8987
shs008497,15082026_16k_production_4_seeds_4_sizes_20260818_pp_1p8_pc_2p2_cont_4p0_8p0,shs00849715,1.1466,0.0506,0.0633,0.8861
shs008550,15082026_16k_production_4_seeds_4_sizes_20260818_pp_1p8_pc_2p2_cont_4p0_8p0,shs00855000,1.3522,0.0357,0.1190,0.8452
shs008550,15082026_16k_production_4_seeds_4_sizes_20260818_pp_1p8_pc_2p2_cont_4p0_8p0,shs00855001,1.3525,0.0476,0.1190,0.8333
shs008550,15082026_16k_production_4_seeds_4_sizes_20260818_pp_1p8_pc_2p2_cont_4p0_8p0,shs00855002,1.3111,0.0595,0.1190,0.8214
shs008550,15082026_16k_production_4_seeds_4_sizes_20260818_pp_1p8_pc_2p2_cont_4p0_8p0,shs00855003,1.3293,0.0833,0.1071,0.8095
shs008550,15082026_16k_production_4_seeds_4_sizes_20260818_pp_1p8_pc_2p2_cont_4p0_8p0,shs00855004,1.2966,0.1190,0.1190,0.7619
shs008550,15082026_16k_production_4_seeds_4_sizes_20260818_pp_1p8_pc_2p2_cont_4p0_8p0,shs00855005,1.2815,0.0952,0.1071,0.7976
shs008550,15082026_16k_production_4_seeds_4_sizes_20260818_pp_1p8_pc_2p2_cont_4p0_8p0,shs00855006,1.3479,0.0595,0.1310,0.8095
shs008550,15082026_16k_production_4_seeds_4_sizes_20260818_pp_1p8_pc_2p2_cont_4p0_8p0,shs00855007,1.4489,0.0595,0.1071,0.8333
shs008550,15082026_16k_production_4_seeds_4_sizes_20260818_pp_1p8_pc_2p2_cont_4p0_8p0,shs00855008,1.3662,0.0833,0.1071,0.8095
shs008550,15082026_16k_production_4_seeds_4_sizes_20260818_pp_1p8_pc_2p2_cont_4p0_8p0,shs00855009,1.4033,0.0357,0.0714,0.8929
shs008550,15082026_16k_production_4_seeds_4_sizes_20260818_pp_1p8_pc_2p2_cont_4p0_8p0,shs00855010,1.3508,0.0357,0.1071,0.8571
shs008550,15082026_16k_production_4_seeds_4_sizes_20260818_pp_1p8_pc_2p2_cont_4p0_8p0,shs00855011,1.2752,0.0714,0.1071,0.8214
shs008550,15082026_16k_production_4_seeds_4_sizes_20260818_pp_1p8_pc_2p2_cont_4p0_8p0,shs00855012,1.4113,0.0476,0.1071,0.8452
shs008550,15082026_16k_production_4_seeds_4_sizes_20260818_pp_1p8_pc_2p2_cont_4p0_8p0,shs00855013,1.3333,0.0476,0.1190,0.8333
shs008550,15082026_16k_production_4_seeds_4_sizes_20260818_pp_1p8_pc_2p2_cont_4p0_8p0,shs00855014,1.2922,0.0476,0.1429,0.8095
shs008550,15082026_16k_production_4_seeds_4_sizes_20260818_pp_1p8_pc_2p2_cont_4p0_8p0,shs00855015,1.3645,0.0476,0.1071,0.8452
shs008738,15082026_16k_production_4_seeds_4_sizes_20260818_pp_1p8_pc_2p2_cont_4p0_8p0,shs00873800,1.5492,0.0366,0.1463,0.8171
shs008738,15082026_16k_production_4_seeds_4_sizes_20260818_pp_1p8_pc_2p2_cont_4p0_8p0,shs00873801,1.5558,0.0610,0.1341,0.8049
shs008738,15082026_16k_production_4_seeds_4_sizes_20260818_pp_1p8_pc_2p2_cont_4p0_8p0,shs00873802,1.5620,0.0488,0.1220,0.8293
shs008738,15082026_16k_production_4_seeds_4_sizes_20260818_pp_1p8_pc_2p2_cont_4p0_8p0,shs00873803,1.5898,0.0122,0.1341,0.8537
shs008738,15082026_16k_production_4_seeds_4_sizes_20260818_pp_1p8_pc_2p2_cont_4p0_8p0,shs00873804,1.5625,0.0244,0.1220,0.8537
shs008738,15082026_16k_production_4_seeds_4_sizes_20260818_pp_1p8_pc_2p2_cont_4p0_8p0,shs00873805,1.5339,0.0854,0.1220,0.7927
shs008738,15082026_16k_production_4_seeds_4_sizes_20260818_pp_1p8_pc_2p2_cont_4p0_8p0,shs00873806,1.5681,0.0122,0.1098,0.8780
shs008738,15082026_16k_production_4_seeds_4_sizes_20260818_pp_1p8_pc_2p2_cont_4p0_8p0,shs00873807,1.5533,0.0610,0.1341,0.8049
shs008738,15082026_16k_production_4_seeds_4_sizes_20260818_pp_1p8_pc_2p2_cont_4p0_8p0,shs00873808,1.6917,0.0122,0.1098,0.8780
shs008738,15082026_16k_production_4_seeds_4_sizes_20260818_pp_1p8_pc_2p2_cont_4p0_8p0,shs00873809,1.5124,0.0488,0.1585,0.7927
shs008738,15082026_16k_production_4_seeds_4_sizes_20260818_pp_1p8_pc_2p2_cont_4p0_8p0,shs00873810,1.5922,0.0366,0.1220,0.8415
shs008738,15082026_16k_production_4_seeds_4_sizes_20260818_pp_1p8_pc_2p2_cont_4p0_8p0,shs00873811,1.5738,0.0244,0.1220,0.8537
shs008738,15082026_16k_production_4_seeds_4_sizes_20260818_pp_1p8_pc_2p2_cont_4p0_8p0,shs00873812,1.5318,0.0854,0.1707,0.7439
shs008738,15082026_16k_production_4_seeds_4_sizes_20260818_pp_1p8_pc_2p2_cont_4p0_8p0,shs00873813,1.5228,0.0610,0.1463,0.7927
shs008738,15082026_16k_production_4_seeds_4_sizes_20260818_pp_1p8_pc_2p2_cont_4p0_8p0,shs00873814,1.4527,0.0610,0.1707,0.7683
shs008738,15082026_16k_production_4_seeds_4_sizes_20260818_pp_1p8_pc_2p2_cont_4p0_8p0,shs00873815,1.6018,0.0122,0.1220,0.8659
shs008968,15082026_16k_production_4_seeds_4_sizes_20260818_pp_1p8_pc_2p2_cont_4p0_8p0,shs00896800,1.2391,0.0260,0.0649,0.9091
shs008968,15082026_16k_production_4_seeds_4_sizes_20260818_pp_1p8_pc_2p2_cont_4p0_8p0,shs00896801,1.1383,0.0390,0.0779,0.8831
shs008968,15082026_16k_production_4_seeds_4_sizes_20260818_pp_1p8_pc_2p2_cont_4p0_8p0,shs00896802,1.2123,0.0390,0.0779,0.8831
shs008968,15082026_16k_production_4_seeds_4_sizes_20260818_pp_1p8_pc_2p2_cont_4p0_8p0,shs00896803,1.1761,0.0390,0.0649,0.8961
shs008968,15082026_16k_production_4_seeds_4_sizes_20260818_pp_1p8_pc_2p2_cont_4p0_8p0,shs00896804,1.1572,0.0260,0.0649,0.9091
shs008968,15082026_16k_production_4_seeds_4_sizes_20260818_pp_1p8_pc_2p2_cont_4p0_8p0,shs00896805,1.2194,0.0390,0.0649,0.8961
shs008968,15082026_16k_production_4_seeds_4_sizes_20260818_pp_1p8_pc_2p2_cont_4p0_8p0,shs00896806,1.1528,0.0390,0.0649,0.8961
shs008968,15082026_16k_production_4_seeds_4_sizes_20260818_pp_1p8_pc_2p2_cont_4p0_8p0,shs00896807,1.1747,0.0519,0.0649,0.8831
shs008968,15082026_16k_production_4_seeds_4_sizes_20260818_pp_1p8_pc_2p2_cont_4p0_8p0,shs00896808,1.1543,0.0519,0.0519,0.8961
shs008968,15082026_16k_production_4_seeds_4_sizes_20260818_pp_1p8_pc_2p2_cont_4p0_8p0,shs00896809,1.1599,0.0260,0.0649,0.9091
shs008968,15082026_16k_production_4_seeds_4_sizes_20260818_pp_1p8_pc_2p2_cont_4p0_8p0,shs00896810,1.1558,0.0130,0.0649,0.9221
shs008968,15082026_16k_production_4_seeds_4_sizes_20260818_pp_1p8_pc_2p2_cont_4p0_8p0,shs00896811,1.1314,0.0390,0.0649,0.8961
shs008968,15082026_16k_production_4_seeds_4_sizes_20260818_pp_1p8_pc_2p2_cont_4p0_8p0,shs00896812,1.2416,0.0130,0.0649,0.9221
shs008968,15082026_16k_production_4_seeds_4_sizes_20260818_pp_1p8_pc_2p2_cont_4p0_8p0,shs00896813,1.1605,0.0260,0.0649,0.9091
shs008968,15082026_16k_production_4_seeds_4_sizes_20260818_pp_1p8_pc_2p2_cont_4p0_8p0,shs00896814,1.1931,0.0519,0.0649,0.8831
shs008968,15082026_16k_production_4_seeds_4_sizes_20260818_pp_1p8_pc_2p2_cont_4p0_8p0,shs00896815,1.1940,0.0130,0.0649,0.9221
shs008988,15082026_16k_production_4_seeds_4_sizes_20260818_pp_1p8_pc_2p2_cont_4p0_8p0,shs00898800,1.2825,0.0000,0.0380,0.9620
shs008988,15082026_16k_production_4_seeds_4_sizes_20260818_pp_1p8_pc_2p2_cont_4p0_8p0,shs00898801,1.3011,0.0127,0.0506,0.9367
shs008988,15082026_16k_production_4_seeds_4_sizes_20260818_pp_1p8_pc_2p2_cont_4p0_8p0,shs00898802,1.3262,0.0000,0.0380,0.9620
shs008988,15082026_16k_production_4_seeds_4_sizes_20260818_pp_1p8_pc_2p2_cont_4p0_8p0,shs00898803,1.3665,0.0253,0.0506,0.9241
shs008988,15082026_16k_production_4_seeds_4_sizes_20260818_pp_1p8_pc_2p2_cont_4p0_8p0,shs00898804,1.3173,0.0127,0.0506,0.9367
shs008988,15082026_16k_production_4_seeds_4_sizes_20260818_pp_1p8_pc_2p2_cont_4p0_8p0,shs00898805,1.2817,0.0127,0.0253,0.9620
shs008988,15082026_16k_production_4_seeds_4_sizes_20260818_pp_1p8_pc_2p2_cont_4p0_8p0,shs00898806,1.3268,0.0000,0.0633,0.9367
shs008988,15082026_16k_production_4_seeds_4_sizes_20260818_pp_1p8_pc_2p2_cont_4p0_8p0,shs00898807,1.2998,0.0127,0.0506,0.9367
shs008988,15082026_16k_production_4_seeds_4_sizes_20260818_pp_1p8_pc_2p2_cont_4p0_8p0,shs00898808,1.2954,0.0127,0.0506,0.9367
shs008988,15082026_16k_production_4_seeds_4_sizes_20260818_pp_1p8_pc_2p2_cont_4p0_8p0,shs00898809,1.3200,0.0253,0.0253,0.9494
shs008988,15082026_16k_production_4_seeds_4_sizes_20260818_pp_1p8_pc_2p2_cont_4p0_8p0,shs00898810,1.3197,0.0253,0.0380,0.9367
shs008988,15082026_16k_production_4_seeds_4_sizes_20260818_pp_1p8_pc_2p2_cont_4p0_8p0,shs00898811,1.2852,0.0127,0.0380,0.9494
shs008988,15082026_16k_production_4_seeds_4_sizes_20260818_pp_1p8_pc_2p2_cont_4p0_8p0,shs00898812,1.3229,0.0000,0.0506,0.9494
shs008988,15082026_16k_production_4_seeds_4_sizes_20260818_pp_1p8_pc_2p2_cont_4p0_8p0,shs00898813,1.2979,0.0127,0.0253,0.9620
shs008988,15082026_16k_production_4_seeds_4_sizes_20260818_pp_1p8_pc_2p2_cont_4p0_8p0,shs00898814,1.2865,0.0000,0.0380,0.9620
shs008988,15082026_16k_production_4_seeds_4_sizes_20260818_pp_1p8_pc_2p2_cont_4p0_8p0,shs00898815,1.2583,0.0127,0.0253,0.9620
shx011120,15082026_16k_production_4_seeds_4_sizes_20260818_pp_1p8_pc_2p2_cont_4p0_8p0,shx01112000,1.1917,0.0965,0.1316,0.7719
shx011120,15082026_16k_production_4_seeds_4_sizes_20260818_pp_1p8_pc_2p2_cont_4p0_8p0,shx01112001,1.2903,0.0965,0.1404,0.7632
shx011120,15082026_16k_production_4_seeds_4_sizes_20260818_pp_1p8_pc_2p2_cont_4p0_8p0,shx01112002,1.2522,0.0965,0.1667,0.7368
shx011120,15082026_16k_production_4_seeds_4_sizes_20260818_pp_1p8_pc_2p2_cont_4p0_8p0,shx01112003,1.2431,0.0877,0.1404,0.7719
shx011120,15082026_16k_production_4_seeds_4_sizes_20260818_pp_1p8_pc_2p2_cont_4p0_8p0,shx01112004,1.2715,0.0877,0.1579,0.7544
shx011120,15082026_16k_production_4_seeds_4_sizes_20260818_pp_1p8_pc_2p2_cont_4p0_8p0,shx01112005,1.2316,0.0877,0.1316,0.7807
shx011120,15082026_16k_production_4_seeds_4_sizes_20260818_pp_1p8_pc_2p2_cont_4p0_8p0,shx01112006,1.2274,0.0965,0.1667,0.7368
shx011120,15082026_16k_production_4_seeds_4_sizes_20260818_pp_1p8_pc_2p2_cont_4p0_8p0,shx01112007,1.2547,0.0877,0.1491,0.7632
shx011120,15082026_16k_production_4_seeds_4_sizes_20260818_pp_1p8_pc_2p2_cont_4p0_8p0,shx01112008,1.2265,0.0965,0.1579,0.7456
shx011120,15082026_16k_production_4_seeds_4_sizes_20260818_pp_1p8_pc_2p2_cont_4p0_8p0,shx01112009,1.1877,0.0965,0.1842,0.7193
shx011120,15082026_16k_production_4_seeds_4_sizes_20260818_pp_1p8_pc_2p2_cont_4p0_8p0,shx01112010,1.2506,0.0965,0.1579,0.7456
shx011120,15082026_16k_production_4_seeds_4_sizes_20260818_pp_1p8_pc_2p2_cont_4p0_8p0,shx01112011,1.2342,0.0877,0.1667,0.7456
shx011120,15082026_16k_production_4_seeds_4_sizes_20260818_pp_1p8_pc_2p2_cont_4p0_8p0,shx01112012,1.2372,0.1053,0.1754,0.7193
shx011120,15082026_16k_production_4_seeds_4_sizes_20260818_pp_1p8_pc_2p2_cont_4p0_8p0,shx01112013,1.2610,0.0789,0.1579,0.7632
shx011120,15082026_16k_production_4_seeds_4_sizes_20260818_pp_1p8_pc_2p2_cont_4p0_8p0,shx01112014,1.2266,0.0877,0.1579,0.7544
shx011120,15082026_16k_production_4_seeds_4_sizes_20260818_pp_1p8_pc_2p2_cont_4p0_8p0,shx01112015,1.2528,0.0789,0.1667,0.7544
shx011181,15082026_16k_production_4_seeds_4_sizes_20260818_pp_1p8_pc_2p2_cont_4p0_8p0,shx01118100,1.2064,0.0678,0.1017,0.8305
shx011181,15082026_16k_production_4_seeds_4_sizes_20260818_pp_1p8_pc_2p2_cont_4p0_8p0,shx01118101,1.2955,0.0847,0.1102,0.8051
shx011181,15082026_16k_production_4_seeds_4_sizes_20260818_pp_1p8_pc_2p2_cont_4p0_8p0,shx01118102,1.2268,0.0508,0.1186,0.8305
shx011181,15082026_16k_production_4_seeds_4_sizes_20260818_pp_1p8_pc_2p2_cont_4p0_8p0,shx01118103,1.2531,0.0763,0.0932,0.8305
shx011181,15082026_16k_production_4_seeds_4_sizes_20260818_pp_1p8_pc_2p2_cont_4p0_8p0,shx01118104,1.1969,0.0593,0.1102,0.8305
shx011181,15082026_16k_production_4_seeds_4_sizes_20260818_pp_1p8_pc_2p2_cont_4p0_8p0,shx01118105,1.1900,0.0593,0.1102,0.8305
shx011181,15082026_16k_production_4_seeds_4_sizes_20260818_pp_1p8_pc_2p2_cont_4p0_8p0,shx01118106,1.1571,0.0847,0.1102,0.8051
shx011181,15082026_16k_production_4_seeds_4_sizes_20260818_pp_1p8_pc_2p2_cont_4p0_8p0,shx01118107,1.2526,0.0763,0.1102,0.8136
shx011181,15082026_16k_production_4_seeds_4_sizes_20260818_pp_1p8_pc_2p2_cont_4p0_8p0,shx01118108,1.2086,0.0593,0.1102,0.8305
shx011181,15082026_16k_production_4_seeds_4_sizes_20260818_pp_1p8_pc_2p2_cont_4p0_8p0,shx01118109,1.2447,0.0678,0.1102,0.8220
shx011181,15082026_16k_production_4_seeds_4_sizes_20260818_pp_1p8_pc_2p2_cont_4p0_8p0,shx01118110,1.2379,0.0678,0.1017,0.8305
shx011181,15082026_16k_production_4_seeds_4_sizes_20260818_pp_1p8_pc_2p2_cont_4p0_8p0,shx01118111,1.2300,0.0593,0.1102,0.8305
shx011181,15082026_16k_production_4_seeds_4_sizes_20260818_pp_1p8_pc_2p2_cont_4p0_8p0,shx01118112,1.1710,0.0847,0.1102,0.8051
shx011181,15082026_16k_production_4_seeds_4_sizes_20260818_pp_1p8_pc_2p2_cont_4p0_8p0,shx01118113,1.1938,0.0593,0.1186,0.8220
shx011181,15082026_16k_production_4_seeds_4_sizes_20260818_pp_1p8_pc_2p2_cont_4p0_8p0,shx01118114,1.2127,0.0593,0.1186,0.8220
shx011181,15082026_16k_production_4_seeds_4_sizes_20260818_pp_1p8_pc_2p2_cont_4p0_8p0,shx01118115,1.1814,0.1017,0.1102,0.7881
shx011263,15082026_16k_production_4_seeds_4_sizes_20260818_pp_1p8_pc_2p2_cont_4p0_8p0,shx01126300,1.1182,0.0756,0.0840,0.8403
shx011263,15082026_16k_production_4_seeds_4_sizes_20260818_pp_1p8_pc_2p2_cont_4p0_8p0,shx01126301,1.1595,0.0840,0.0840,0.8319
shx011263,15082026_16k_production_4_seeds_4_sizes_20260818_pp_1p8_pc_2p2_cont_4p0_8p0,shx01126302,1.1521,0.1092,0.1008,0.7899
shx011263,15082026_16k_production_4_seeds_4_sizes_20260818_pp_1p8_pc_2p2_cont_4p0_8p0,shx01126303,1.1563,0.0756,0.1008,0.8235
shx011263,15082026_16k_production_4_seeds_4_sizes_20260818_pp_1p8_pc_2p2_cont_4p0_8p0,shx01126304,1.2191,0.1092,0.0840,0.8067
shx011263,15082026_16k_production_4_seeds_4_sizes_20260818_pp_1p8_pc_2p2_cont_4p0_8p0,shx01126305,1.1636,0.0504,0.1008,0.8487
shx011263,15082026_16k_production_4_seeds_4_sizes_20260818_pp_1p8_pc_2p2_cont_4p0_8p0,shx01126306,1.0801,0.1176,0.1092,0.7731
shx011263,15082026_16k_production_4_seeds_4_sizes_20260818_pp_1p8_pc_2p2_cont_4p0_8p0,shx01126307,1.1923,0.0756,0.1008,0.8235
shx011263,15082026_16k_production_4_seeds_4_sizes_20260818_pp_1p8_pc_2p2_cont_4p0_8p0,shx01126308,1.1407,0.1345,0.0672,0.7983
shx011263,15082026_16k_production_4_seeds_4_sizes_20260818_pp_1p8_pc_2p2_cont_4p0_8p0,shx01126309,1.0618,0.1261,0.1008,0.7731
shx011263,15082026_16k_production_4_seeds_4_sizes_20260818_pp_1p8_pc_2p2_cont_4p0_8p0,shx01126310,1.1523,0.0756,0.1092,0.8151
shx011263,15082026_16k_production_4_seeds_4_sizes_20260818_pp_1p8_pc_2p2_cont_4p0_8p0,shx01126311,1.1754,0.0588,0.1008,0.8403
shx011263,15082026_16k_production_4_seeds_4_sizes_20260818_pp_1p8_pc_2p2_cont_4p0_8p0,shx01126312,1.1975,0.1008,0.1008,0.7983
shx011263,15082026_16k_production_4_seeds_4_sizes_20260818_pp_1p8_pc_2p2_cont_4p0_8p0,shx01126313,1.1547,0.1261,0.0924,0.7815
shx011263,15082026_16k_production_4_seeds_4_sizes_20260818_pp_1p8_pc_2p2_cont_4p0_8p0,shx01126314,1.0649,0.0588,0.1176,0.8235
shx011263,15082026_16k_production_4_seeds_4_sizes_20260818_pp_1p8_pc_2p2_cont_4p0_8p0,shx01126315,1.2005,0.0924,0.0840,0.8235
shx011402,15082026_16k_production_4_seeds_4_sizes_20260818_pp_1p8_pc_2p2_cont_4p0_8p0,shx01140200,1.1284,0.1368,0.1111,0.7521
shx011402,15082026_16k_production_4_seeds_4_sizes_20260818_pp_1p8_pc_2p2_cont_4p0_8p0,shx01140201,1.1024,0.1624,0.1111,0.7265
shx011402,15082026_16k_production_4_seeds_4_sizes_20260818_pp_1p8_pc_2p2_cont_4p0_8p0,shx01140202,1.1272,0.1538,0.0940,0.7521
shx011402,15082026_16k_production_4_seeds_4_sizes_20260818_pp_1p8_pc_2p2_cont_4p0_8p0,shx01140203,1.1532,0.1709,0.1111,0.7179
shx011402,15082026_16k_production_4_seeds_4_sizes_20260818_pp_1p8_pc_2p2_cont_4p0_8p0,shx01140204,1.1153,0.1282,0.0940,0.7778
shx011402,15082026_16k_production_4_seeds_4_sizes_20260818_pp_1p8_pc_2p2_cont_4p0_8p0,shx01140205,1.1065,0.1538,0.1111,0.7350
shx011402,15082026_16k_production_4_seeds_4_sizes_20260818_pp_1p8_pc_2p2_cont_4p0_8p0,shx01140206,1.0669,0.1368,0.1026,0.7607
shx011402,15082026_16k_production_4_seeds_4_sizes_20260818_pp_1p8_pc_2p2_cont_4p0_8p0,shx01140207,1.0669,0.1453,0.1111,0.7436
shx011402,15082026_16k_production_4_seeds_4_sizes_20260818_pp_1p8_pc_2p2_cont_4p0_8p0,shx01140208,1.1507,0.1368,0.1026,0.7607
shx011402,15082026_16k_production_4_seeds_4_sizes_20260818_pp_1p8_pc_2p2_cont_4p0_8p0,shx01140209,1.1924,0.1368,0.1111,0.7521
shx011402,15082026_16k_production_4_seeds_4_sizes_20260818_pp_1p8_pc_2p2_cont_4p0_8p0,shx01140210,1.0958,0.1880,0.1111,0.7009
shx011402,15082026_16k_production_4_seeds_4_sizes_20260818_pp_1p8_pc_2p2_cont_4p0_8p0,shx01140211,1.1561,0.1538,0.0940,0.7521
shx011402,15082026_16k_production_4_seeds_4_sizes_20260818_pp_1p8_pc_2p2_cont_4p0_8p0,shx01140212,1.2533,0.1111,0.0940,0.7949
shx011402,15082026_16k_production_4_seeds_4_sizes_20260818_pp_1p8_pc_2p2_cont_4p0_8p0,shx01140213,1.0506,0.1538,0.1111,0.7350
shx011402,15082026_16k_production_4_seeds_4_sizes_20260818_pp_1p8_pc_2p2_cont_4p0_8p0,shx01140214,1.1655,0.1795,0.1197,0.7009
shx011402,15082026_16k_production_4_seeds_4_sizes_20260818_pp_1p8_pc_2p2_cont_4p0_8p0,shx01140215,1.0866,0.2051,0.1026,0.6923
shx011491,15082026_16k_production_4_seeds_4_sizes_20260818_pp_1p8_pc_2p2_cont_4p0_8p0,shx01149100,1.2153,0.0331,0.0413,0.9256
shx011491,15082026_16k_production_4_seeds_4_sizes_20260818_pp_1p8_pc_2p2_cont_4p0_8p0,shx01149101,1.1977,0.0496,0.0496,0.9008
shx011491,15082026_16k_production_4_seeds_4_sizes_20260818_pp_1p8_pc_2p2_cont_4p0_8p0,shx01149102,1.2195,0.0331,0.0661,0.9008
shx011491,15082026_16k_production_4_seeds_4_sizes_20260818_pp_1p8_pc_2p2_cont_4p0_8p0,shx01149103,1.1460,0.0248,0.0496,0.9256
shx011491,15082026_16k_production_4_seeds_4_sizes_20260818_pp_1p8_pc_2p2_cont_4p0_8p0,shx01149104,1.2706,0.0413,0.0496,0.9091
shx011491,15082026_16k_production_4_seeds_4_sizes_20260818_pp_1p8_pc_2p2_cont_4p0_8p0,shx01149105,1.2316,0.0413,0.0579,0.9008
shx011491,15082026_16k_production_4_seeds_4_sizes_20260818_pp_1p8_pc_2p2_cont_4p0_8p0,shx01149106,1.1360,0.0331,0.0496,0.9174
shx011491,15082026_16k_production_4_seeds_4_sizes_20260818_pp_1p8_pc_2p2_cont_4p0_8p0,shx01149107,1.1737,0.0331,0.0579,0.9091
shx011491,15082026_16k_production_4_seeds_4_sizes_20260818_pp_1p8_pc_2p2_cont_4p0_8p0,shx01149108,1.1790,0.0579,0.0496,0.8926
shx011491,15082026_16k_production_4_seeds_4_sizes_20260818_pp_1p8_pc_2p2_cont_4p0_8p0,shx01149109,1.2114,0.0413,0.0496,0.9091
shx011491,15082026_16k_production_4_seeds_4_sizes_20260818_pp_1p8_pc_2p2_cont_4p0_8p0,shx01149110,1.1982,0.0496,0.0496,0.9008
shx011491,15082026_16k_production_4_seeds_4_sizes_20260818_pp_1p8_pc_2p2_cont_4p0_8p0,shx01149111,1.2543,0.0496,0.0579,0.8926
shx011491,15082026_16k_production_4_seeds_4_sizes_20260818_pp_1p8_pc_2p2_cont_4p0_8p0,shx01149112,1.2330,0.0661,0.0496,0.8843
shx011491,15082026_16k_production_4_seeds_4_sizes_20260818_pp_1p8_pc_2p2_cont_4p0_8p0,shx01149113,1.1826,0.0496,0.0496,0.9008
shx011491,15082026_16k_production_4_seeds_4_sizes_20260818_pp_1p8_pc_2p2_cont_4p0_8p0,shx01149114,1.2320,0.0413,0.0413,0.9174
shx011491,15082026_16k_production_4_seeds_4_sizes_20260818_pp_1p8_pc_2p2_cont_4p0_8p0,shx01149115,1.1877,0.0331,0.0496,0.9174
shx011619,15082026_16k_production_4_seeds_4_sizes_20260818_pp_1p8_pc_2p2_cont_4p0_8p0,shx01161900,1.0976,0.1148,0.0492,0.8361
shx011619,15082026_16k_production_4_seeds_4_sizes_20260818_pp_1p8_pc_2p2_cont_4p0_8p0,shx01161901,1.1218,0.1311,0.0574,0.8115
shx011619,15082026_16k_production_4_seeds_4_sizes_20260818_pp_1p8_pc_2p2_cont_4p0_8p0,shx01161902,1.1135,0.1066,0.0410,0.8525
shx011619,15082026_16k_production_4_seeds_4_sizes_20260818_pp_1p8_pc_2p2_cont_4p0_8p0,shx01161903,1.1202,0.1066,0.0574,0.8361
shx011619,15082026_16k_production_4_seeds_4_sizes_20260818_pp_1p8_pc_2p2_cont_4p0_8p0,shx01161904,1.1241,0.0984,0.0492,0.8525
shx011619,15082026_16k_production_4_seeds_4_sizes_20260818_pp_1p8_pc_2p2_cont_4p0_8p0,shx01161905,1.1410,0.1066,0.0574,0.8361
shx011619,15082026_16k_production_4_seeds_4_sizes_20260818_pp_1p8_pc_2p2_cont_4p0_8p0,shx01161906,1.0898,0.1148,0.0492,0.8361
shx011619,15082026_16k_production_4_seeds_4_sizes_20260818_pp_1p8_pc_2p2_cont_4p0_8p0,shx01161907,1.1005,0.1066,0.0574,0.8361
shx011619,15082026_16k_production_4_seeds_4_sizes_20260818_pp_1p8_pc_2p2_cont_4p0_8p0,shx01161908,1.1430,0.0902,0.0656,0.8443
shx011619,15082026_16k_production_4_seeds_4_sizes_20260818_pp_1p8_pc_2p2_cont_4p0_8p0,shx01161909,1.1002,0.1148,0.0492,0.8361
shx011619,15082026_16k_production_4_seeds_4_sizes_20260818_pp_1p8_pc_2p2_cont_4p0_8p0,shx01161910,1.1052,0.1066,0.0492,0.8443
shx011619,15082026_16k_production_4_seeds_4_sizes_20260818_pp_1p8_pc_2p2_cont_4p0_8p0,shx01161911,1.1488,0.1230,0.0410,0.8361
shx011619,15082026_16k_production_4_seeds_4_sizes_20260818_pp_1p8_pc_2p2_cont_4p0_8p0,shx01161912,1.1315,0.1066,0.0492,0.8443
shx011619,15082026_16k_production_4_seeds_4_sizes_20260818_pp_1p8_pc_2p2_cont_4p0_8p0,shx01161913,1.1266,0.1066,0.0492,0.8443
shx011619,15082026_16k_production_4_seeds_4_sizes_20260818_pp_1p8_pc_2p2_cont_4p0_8p0,shx01161914,1.1090,0.1230,0.0410,0.8361
shx011619,15082026_16k_production_4_seeds_4_sizes_20260818_pp_1p8_pc_2p2_cont_4p0_8p0,shx01161915,1.0797,0.1475,0.0328,0.8197
shx011754,15082026_16k_production_4_seeds_4_sizes_20260818_pp_1p8_pc_2p2_cont_4p0_8p0,shx01175400,1.3650,0.0889,0.1259,0.7852
shx011754,15082026_16k_production_4_seeds_4_sizes_20260818_pp_1p8_pc_2p2_cont_4p0_8p0,shx01175401,1.2517,0.1333,0.1407,0.7259
shx011754,15082026_16k_production_4_seeds_4_sizes_20260818_pp_1p8_pc_2p2_cont_4p0_8p0,shx01175402,1.3989,0.0815,0.1481,0.7704
shx011754,15082026_16k_production_4_seeds_4_sizes_20260818_pp_1p8_pc_2p2_cont_4p0_8p0,shx01175403,1.3509,0.1259,0.1407,0.7333
shx011754,15082026_16k_production_4_seeds_4_sizes_20260818_pp_1p8_pc_2p2_cont_4p0_8p0,shx01175404,1.3473,0.0741,0.1333,0.7926
shx011754,15082026_16k_production_4_seeds_4_sizes_20260818_pp_1p8_pc_2p2_cont_4p0_8p0,shx01175405,1.3347,0.1037,0.1556,0.7407
shx011754,15082026_16k_production_4_seeds_4_sizes_20260818_pp_1p8_pc_2p2_cont_4p0_8p0,shx01175406,1.2995,0.0963,0.1481,0.7556
shx011754,15082026_16k_production_4_seeds_4_sizes_20260818_pp_1p8_pc_2p2_cont_4p0_8p0,shx01175407,1.3482,0.0889,0.1259,0.7852
shx011754,15082026_16k_production_4_seeds_4_sizes_20260818_pp_1p8_pc_2p2_cont_4p0_8p0,shx01175408,1.3588,0.1111,0.1111,0.7778
shx011754,15082026_16k_production_4_seeds_4_sizes_20260818_pp_1p8_pc_2p2_cont_4p0_8p0,shx01175409,1.3451,0.0815,0.1111,0.8074
shx011754,15082026_16k_production_4_seeds_4_sizes_20260818_pp_1p8_pc_2p2_cont_4p0_8p0,shx01175410,1.3136,0.0963,0.1407,0.7630
shx011754,15082026_16k_production_4_seeds_4_sizes_20260818_pp_1p8_pc_2p2_cont_4p0_8p0,shx01175411,1.3703,0.0815,0.1333,0.7852
shx011754,15082026_16k_production_4_seeds_4_sizes_20260818_pp_1p8_pc_2p2_cont_4p0_8p0,shx01175412,1.3381,0.1111,0.1556,0.7333
shx011754,15082026_16k_production_4_seeds_4_sizes_20260818_pp_1p8_pc_2p2_cont_4p0_8p0,shx01175413,1.3754,0.0963,0.1259,0.7778
shx011754,15082026_16k_production_4_seeds_4_sizes_20260818_pp_1p8_pc_2p2_cont_4p0_8p0,shx01175414,1.3542,0.0815,0.1407,0.7778
shx011754,15082026_16k_production_4_seeds_4_sizes_20260818_pp_1p8_pc_2p2_cont_4p0_8p0,shx01175415,1.3187,0.0741,0.1333,0.7926
shx011814,15082026_16k_production_4_seeds_4_sizes_20260818_pp_1p8_pc_2p2_cont_4p0_8p0,shx01181400,1.1086,0.0763,0.0424,0.8814
shx011814,15082026_16k_production_4_seeds_4_sizes_20260818_pp_1p8_pc_2p2_cont_4p0_8p0,shx01181401,1.1069,0.1356,0.0424,0.8220
shx011814,15082026_16k_production_4_seeds_4_sizes_20260818_pp_1p8_pc_2p2_cont_4p0_8p0,shx01181402,1.1435,0.0678,0.0508,0.8814
shx011814,15082026_16k_production_4_seeds_4_sizes_20260818_pp_1p8_pc_2p2_cont_4p0_8p0,shx01181403,1.1441,0.0678,0.0424,0.8898
shx011814,15082026_16k_production_4_seeds_4_sizes_20260818_pp_1p8_pc_2p2_cont_4p0_8p0,shx01181404,1.1518,0.1186,0.0424,0.8390
shx011814,15082026_16k_production_4_seeds_4_sizes_20260818_pp_1p8_pc_2p2_cont_4p0_8p0,shx01181405,1.1176,0.0593,0.0508,0.8898
shx011814,15082026_16k_production_4_seeds_4_sizes_20260818_pp_1p8_pc_2p2_cont_4p0_8p0,shx01181406,1.1238,0.0508,0.0508,0.8983
shx011814,15082026_16k_production_4_seeds_4_sizes_20260818_pp_1p8_pc_2p2_cont_4p0_8p0,shx01181407,1.0917,0.0763,0.0424,0.8814
shx011814,15082026_16k_production_4_seeds_4_sizes_20260818_pp_1p8_pc_2p2_cont_4p0_8p0,shx01181408,1.0540,0.0847,0.0424,0.8729
shx011814,15082026_16k_production_4_seeds_4_sizes_20260818_pp_1p8_pc_2p2_cont_4p0_8p0,shx01181409,1.1255,0.1017,0.0424,0.8559
shx011814,15082026_16k_production_4_seeds_4_sizes_20260818_pp_1p8_pc_2p2_cont_4p0_8p0,shx01181410,1.1194,0.0678,0.0593,0.8729
shx011814,15082026_16k_production_4_seeds_4_sizes_20260818_pp_1p8_pc_2p2_cont_4p0_8p0,shx01181411,1.0946,0.1186,0.0424,0.8390
shx011814,15082026_16k_production_4_seeds_4_sizes_20260818_pp_1p8_pc_2p2_cont_4p0_8p0,shx01181412,1.0372,0.1186,0.0508,0.8305
shx011814,15082026_16k_production_4_seeds_4_sizes_20260818_pp_1p8_pc_2p2_cont_4p0_8p0,shx01181413,1.0775,0.0763,0.0508,0.8729
shx011814,15082026_16k_production_4_seeds_4_sizes_20260818_pp_1p8_pc_2p2_cont_4p0_8p0,shx01181414,1.0878,0.1186,0.0508,0.8305
shx011814,15082026_16k_production_4_seeds_4_sizes_20260818_pp_1p8_pc_2p2_cont_4p0_8p0,shx01181415,1.0988,0.1102,0.0508,0.8390
shx011848,15082026_16k_production_4_seeds_4_sizes_20260818_pp_1p8_pc_2p2_cont_4p0_8p0,shx01184800,1.2333,0.0268,0.1339,0.8393
shx011848,15082026_16k_production_4_seeds_4_sizes_20260818_pp_1p8_pc_2p2_cont_4p0_8p0,shx01184801,1.2187,0.0446,0.1429,0.8125
shx011848,15082026_16k_production_4_seeds_4_sizes_20260818_pp_1p8_pc_2p2_cont_4p0_8p0,shx01184802,1.1792,0.0625,0.1607,0.7768
shx011848,15082026_16k_production_4_seeds_4_sizes_20260818_pp_1p8_pc_2p2_cont_4p0_8p0,shx01184803,1.1835,0.0357,0.1429,0.8214
shx011848,15082026_16k_production_4_seeds_4_sizes_20260818_pp_1p8_pc_2p2_cont_4p0_8p0,shx01184804,1.2046,0.0357,0.1429,0.8214
shx011848,15082026_16k_production_4_seeds_4_sizes_20260818_pp_1p8_pc_2p2_cont_4p0_8p0,shx01184805,1.1545,0.0357,0.1250,0.8393
shx011848,15082026_16k_production_4_seeds_4_sizes_20260818_pp_1p8_pc_2p2_cont_4p0_8p0,shx01184806,1.1890,0.0536,0.1339,0.8125
shx011848,15082026_16k_production_4_seeds_4_sizes_20260818_pp_1p8_pc_2p2_cont_4p0_8p0,shx01184807,1.2172,0.0446,0.1339,0.8214
shx011848,15082026_16k_production_4_seeds_4_sizes_20260818_pp_1p8_pc_2p2_cont_4p0_8p0,shx01184808,1.2282,0.0625,0.1250,0.8125
shx011848,15082026_16k_production_4_seeds_4_sizes_20260818_pp_1p8_pc_2p2_cont_4p0_8p0,shx01184809,1.2058,0.0357,0.1339,0.8304
shx011848,15082026_16k_production_4_seeds_4_sizes_20260818_pp_1p8_pc_2p2_cont_4p0_8p0,shx01184810,1.1652,0.0357,0.1429,0.8214
shx011848,15082026_16k_production_4_seeds_4_sizes_20260818_pp_1p8_pc_2p2_cont_4p0_8p0,shx01184811,1.2217,0.0357,0.1429,0.8214
shx011848,15082026_16k_production_4_seeds_4_sizes_20260818_pp_1p8_pc_2p2_cont_4p0_8p0,shx01184812,1.2587,0.0268,0.1339,0.8393
shx011848,15082026_16k_production_4_seeds_4_sizes_20260818_pp_1p8_pc_2p2_cont_4p0_8p0,shx01184813,1.1838,0.0446,0.1250,0.8304
shx011848,15082026_16k_production_4_seeds_4_sizes_20260818_pp_1p8_pc_2p2_cont_4p0_8p0,shx01184814,1.2096,0.0357,0.1518,0.8125
shx011848,15082026_16k_production_4_seeds_4_sizes_20260818_pp_1p8_pc_2p2_cont_4p0_8p0,shx01184815,1.1430,0.0446,0.1250,0.8304
shx011974,15082026_16k_production_4_seeds_4_sizes_20260818_pp_1p8_pc_2p2_cont_4p0_8p0,shx01197400,1.0513,0.0588,0.1092,0.8319
shx011974,15082026_16k_production_4_seeds_4_sizes_20260818_pp_1p8_pc_2p2_cont_4p0_8p0,shx01197401,1.0502,0.0756,0.1008,0.8235
shx011974,15082026_16k_production_4_seeds_4_sizes_20260818_pp_1p8_pc_2p2_cont_4p0_8p0,shx01197402,1.0284,0.0672,0.1092,0.8235
shx011974,15082026_16k_production_4_seeds_4_sizes_20260818_pp_1p8_pc_2p2_cont_4p0_8p0,shx01197403,1.0082,0.0504,0.1261,0.8235
shx011974,15082026_16k_production_4_seeds_4_sizes_20260818_pp_1p8_pc_2p2_cont_4p0_8p0,shx01197404,1.1080,0.0672,0.1261,0.8067
shx011974,15082026_16k_production_4_seeds_4_sizes_20260818_pp_1p8_pc_2p2_cont_4p0_8p0,shx01197405,1.0067,0.0672,0.1261,0.8067
shx011974,15082026_16k_production_4_seeds_4_sizes_20260818_pp_1p8_pc_2p2_cont_4p0_8p0,shx01197406,1.0610,0.0840,0.1176,0.7983
shx011974,15082026_16k_production_4_seeds_4_sizes_20260818_pp_1p8_pc_2p2_cont_4p0_8p0,shx01197407,1.0045,0.0672,0.1008,0.8319
shx011974,15082026_16k_production_4_seeds_4_sizes_20260818_pp_1p8_pc_2p2_cont_4p0_8p0,shx01197408,1.0893,0.0504,0.1176,0.8319
shx011974,15082026_16k_production_4_seeds_4_sizes_20260818_pp_1p8_pc_2p2_cont_4p0_8p0,shx01197409,1.0176,0.0756,0.1176,0.8067
shx011974,15082026_16k_production_4_seeds_4_sizes_20260818_pp_1p8_pc_2p2_cont_4p0_8p0,shx01197410,0.9463,0.0504,0.1176,0.8319
shx011974,15082026_16k_production_4_seeds_4_sizes_20260818_pp_1p8_pc_2p2_cont_4p0_8p0,shx01197411,1.0727,0.0672,0.1176,0.8151
shx011974,15082026_16k_production_4_seeds_4_sizes_20260818_pp_1p8_pc_2p2_cont_4p0_8p0,shx01197412,1.0692,0.0504,0.1261,0.8235
shx011974,15082026_16k_production_4_seeds_4_sizes_20260818_pp_1p8_pc_2p2_cont_4p0_8p0,shx01197413,1.0348,0.0756,0.1092,0.8151
shx011974,15082026_16k_production_4_seeds_4_sizes_20260818_pp_1p8_pc_2p2_cont_4p0_8p0,shx01197414,1.0543,0.0756,0.1092,0.8151
shx011974,15082026_16k_production_4_seeds_4_sizes_20260818_pp_1p8_pc_2p2_cont_4p0_8p0,shx01197415,0.9947,0.0588,0.1092,0.8319
shx011994,15082026_16k_production_4_seeds_4_sizes_20260818_pp_1p8_pc_2p2_cont_4p0_8p0,shx01199400,1.1696,0.1316,0.0351,0.8333
shx011994,15082026_16k_production_4_seeds_4_sizes_20260818_pp_1p8_pc_2p2_cont_4p0_8p0,shx01199401,1.1350,0.1579,0.0351,0.8070
shx011994,15082026_16k_production_4_seeds_4_sizes_20260818_pp_1p8_pc_2p2_cont_4p0_8p0,shx01199402,1.1322,0.1667,0.0351,0.7982
shx011994,15082026_16k_production_4_seeds_4_sizes_20260818_pp_1p8_pc_2p2_cont_4p0_8p0,shx01199403,1.0899,0.1491,0.0351,0.8158
shx011994,15082026_16k_production_4_seeds_4_sizes_20260818_pp_1p8_pc_2p2_cont_4p0_8p0,shx01199404,1.0850,0.1404,0.0351,0.8246
shx011994,15082026_16k_production_4_seeds_4_sizes_20260818_pp_1p8_pc_2p2_cont_4p0_8p0,shx01199405,1.1580,0.1404,0.0351,0.8246
shx011994,15082026_16k_production_4_seeds_4_sizes_20260818_pp_1p8_pc_2p2_cont_4p0_8p0,shx01199406,1.1489,0.1228,0.0351,0.8421
shx011994,15082026_16k_production_4_seeds_4_sizes_20260818_pp_1p8_pc_2p2_cont_4p0_8p0,shx01199407,1.1364,0.1491,0.0351,0.8158
shx011994,15082026_16k_production_4_seeds_4_sizes_20260818_pp_1p8_pc_2p2_cont_4p0_8p0,shx01199408,1.1151,0.1316,0.0351,0.8333
shx011994,15082026_16k_production_4_seeds_4_sizes_20260818_pp_1p8_pc_2p2_cont_4p0_8p0,shx01199409,1.1251,0.1228,0.0439,0.8333
shx011994,15082026_16k_production_4_seeds_4_sizes_20260818_pp_1p8_pc_2p2_cont_4p0_8p0,shx01199410,1.1090,0.1579,0.0351,0.8070
shx011994,15082026_16k_production_4_seeds_4_sizes_20260818_pp_1p8_pc_2p2_cont_4p0_8p0,shx01199411,1.1403,0.1579,0.0351,0.8070
shx011994,15082026_16k_production_4_seeds_4_sizes_20260818_pp_1p8_pc_2p2_cont_4p0_8p0,shx01199412,1.1530,0.1228,0.0351,0.8421
shx011994,15082026_16k_production_4_seeds_4_sizes_20260818_pp_1p8_pc_2p2_cont_4p0_8p0,shx01199413,1.0946,0.1404,0.0351,0.8246
shx011994,15082026_16k_production_4_seeds_4_sizes_20260818_pp_1p8_pc_2p2_cont_4p0_8p0,shx01199414,1.0632,0.1316,0.0351,0.8333
shx011994,15082026_16k_production_4_seeds_4_sizes_20260818_pp_1p8_pc_2p2_cont_4p0_8p0,shx01199415,1.1281,0.1316,0.0351,0.8333
thl002086,15082026_16k_production_4_seeds_4_sizes_20260818_pp_1p8_pc_2p2_cont_4p0_8p0,thl00208600,1.2698,0.0463,0.0648,0.8889
thl002086,15082026_16k_production_4_seeds_4_sizes_20260818_pp_1p8_pc_2p2_cont_4p0_8p0,thl00208601,1.2589,0.0556,0.0463,0.8981
thl002086,15082026_16k_production_4_seeds_4_sizes_20260818_pp_1p8_pc_2p2_cont_4p0_8p0,thl00208602,1.3572,0.0556,0.0370,0.9074
thl002086,15082026_16k_production_4_seeds_4_sizes_20260818_pp_1p8_pc_2p2_cont_4p0_8p0,thl00208603,1.3072,0.0648,0.0463,0.8889
thl002086,15082026_16k_production_4_seeds_4_sizes_20260818_pp_1p8_pc_2p2_cont_4p0_8p0,thl00208604,1.2667,0.0556,0.0556,0.8889
thl002086,15082026_16k_production_4_seeds_4_sizes_20260818_pp_1p8_pc_2p2_cont_4p0_8p0,thl00208605,1.2692,0.0556,0.0463,0.8981
thl002086,15082026_16k_production_4_seeds_4_sizes_20260818_pp_1p8_pc_2p2_cont_4p0_8p0,thl00208606,1.2484,0.0741,0.0556,0.8704
thl002086,15082026_16k_production_4_seeds_4_sizes_20260818_pp_1p8_pc_2p2_cont_4p0_8p0,thl00208607,1.2267,0.0833,0.0556,0.8611
thl002086,15082026_16k_production_4_seeds_4_sizes_20260818_pp_1p8_pc_2p2_cont_4p0_8p0,thl00208608,1.2928,0.0463,0.0278,0.9259
thl002086,15082026_16k_production_4_seeds_4_sizes_20260818_pp_1p8_pc_2p2_cont_4p0_8p0,thl00208609,1.2192,0.0556,0.0556,0.8889
thl002086,15082026_16k_production_4_seeds_4_sizes_20260818_pp_1p8_pc_2p2_cont_4p0_8p0,thl00208610,1.2732,0.0556,0.0556,0.8889
thl002086,15082026_16k_production_4_seeds_4_sizes_20260818_pp_1p8_pc_2p2_cont_4p0_8p0,thl00208611,1.2899,0.0556,0.0648,0.8796
thl002086,15082026_16k_production_4_seeds_4_sizes_20260818_pp_1p8_pc_2p2_cont_4p0_8p0,thl00208612,1.2345,0.0741,0.0556,0.8704
thl002086,15082026_16k_production_4_seeds_4_sizes_20260818_pp_1p8_pc_2p2_cont_4p0_8p0,thl00208613,1.3070,0.0463,0.0370,0.9167
thl002086,15082026_16k_production_4_seeds_4_sizes_20260818_pp_1p8_pc_2p2_cont_4p0_8p0,thl00208614,1.2673,0.0556,0.0556,0.8889
thl002086,15082026_16k_production_4_seeds_4_sizes_20260818_pp_1p8_pc_2p2_cont_4p0_8p0,thl00208615,1.3133,0.0648,0.0370,0.8981
thl002551,15082026_16k_production_4_seeds_4_sizes_20260818_pp_1p8_pc_2p2_cont_4p0_8p0,thl00255100,1.2530,0.1939,0.0714,0.7347
thl002551,15082026_16k_production_4_seeds_4_sizes_20260818_pp_1p8_pc_2p2_cont_4p0_8p0,thl00255101,1.2657,0.1837,0.0204,0.7959
thl002551,15082026_16k_production_4_seeds_4_sizes_20260818_pp_1p8_pc_2p2_cont_4p0_8p0,thl00255102,1.1357,0.1939,0.0816,0.7245
thl002551,15082026_16k_production_4_seeds_4_sizes_20260818_pp_1p8_pc_2p2_cont_4p0_8p0,thl00255103,1.2489,0.2041,0.0612,0.7347
thl002551,15082026_16k_production_4_seeds_4_sizes_20260818_pp_1p8_pc_2p2_cont_4p0_8p0,thl00255104,1.1868,0.2041,0.0510,0.7449
thl002551,15082026_16k_production_4_seeds_4_sizes_20260818_pp_1p8_pc_2p2_cont_4p0_8p0,thl00255105,1.3467,0.1633,0.0714,0.7653
thl002551,15082026_16k_production_4_seeds_4_sizes_20260818_pp_1p8_pc_2p2_cont_4p0_8p0,thl00255106,1.2937,0.1939,0.0408,0.7653
thl002551,15082026_16k_production_4_seeds_4_sizes_20260818_pp_1p8_pc_2p2_cont_4p0_8p0,thl00255107,1.1498,0.2347,0.0816,0.6837
thl002551,15082026_16k_production_4_seeds_4_sizes_20260818_pp_1p8_pc_2p2_cont_4p0_8p0,thl00255108,1.3072,0.1939,0.0510,0.7551
thl002551,15082026_16k_production_4_seeds_4_sizes_20260818_pp_1p8_pc_2p2_cont_4p0_8p0,thl00255109,1.3103,0.1939,0.0204,0.7857
thl002551,15082026_16k_production_4_seeds_4_sizes_20260818_pp_1p8_pc_2p2_cont_4p0_8p0,thl00255110,1.3000,0.2041,0.0408,0.7551
thl002551,15082026_16k_production_4_seeds_4_sizes_20260818_pp_1p8_pc_2p2_cont_4p0_8p0,thl00255111,1.1641,0.2143,0.0714,0.7143
thl002551,15082026_16k_production_4_seeds_4_sizes_20260818_pp_1p8_pc_2p2_cont_4p0_8p0,thl00255112,1.2097,0.2041,0.0510,0.7449
thl002551,15082026_16k_production_4_seeds_4_sizes_20260818_pp_1p8_pc_2p2_cont_4p0_8p0,thl00255113,1.1303,0.2551,0.0816,0.6633
thl002551,15082026_16k_production_4_seeds_4_sizes_20260818_pp_1p8_pc_2p2_cont_4p0_8p0,thl00255114,1.2356,0.1837,0.0612,0.7551
thl002551,15082026_16k_production_4_seeds_4_sizes_20260818_pp_1p8_pc_2p2_cont_4p0_8p0,thl00255115,1.2840,0.1939,0.0306,0.7755
thm001046,15082026_16k_production_4_seeds_4_sizes_20260818_pp_1p8_pc_2p2_cont_4p0_8p0,thm00104600,1.1771,0.0444,0.0889,0.8667
thm001046,15082026_16k_production_4_seeds_4_sizes_20260818_pp_1p8_pc_2p2_cont_4p0_8p0,thm00104601,1.1428,0.0667,0.0889,0.8444
thm001046,15082026_16k_production_4_seeds_4_sizes_20260818_pp_1p8_pc_2p2_cont_4p0_8p0,thm00104602,1.2697,0.0444,0.0667,0.8889
thm001046,15082026_16k_production_4_seeds_4_sizes_20260818_pp_1p8_pc_2p2_cont_4p0_8p0,thm00104603,1.2395,0.0778,0.0778,0.8444
thm001046,15082026_16k_production_4_seeds_4_sizes_20260818_pp_1p8_pc_2p2_cont_4p0_8p0,thm00104604,1.1711,0.0667,0.0889,0.8444
thm001046,15082026_16k_production_4_seeds_4_sizes_20260818_pp_1p8_pc_2p2_cont_4p0_8p0,thm00104605,1.0783,0.0556,0.0889,0.8556
thm001046,15082026_16k_production_4_seeds_4_sizes_20260818_pp_1p8_pc_2p2_cont_4p0_8p0,thm00104606,1.2081,0.0556,0.0778,0.8667
thm001046,15082026_16k_production_4_seeds_4_sizes_20260818_pp_1p8_pc_2p2_cont_4p0_8p0,thm00104607,1.0338,0.0556,0.0889,0.8556
thm001046,15082026_16k_production_4_seeds_4_sizes_20260818_pp_1p8_pc_2p2_cont_4p0_8p0,thm00104608,1.1490,0.0556,0.0778,0.8667
thm001046,15082026_16k_production_4_seeds_4_sizes_20260818_pp_1p8_pc_2p2_cont_4p0_8p0,thm00104609,1.1266,0.0444,0.0778,0.8778
thm001046,15082026_16k_production_4_seeds_4_sizes_20260818_pp_1p8_pc_2p2_cont_4p0_8p0,thm00104610,1.1084,0.1000,0.0778,0.8222
thm001046,15082026_16k_production_4_seeds_4_sizes_20260818_pp_1p8_pc_2p2_cont_4p0_8p0,thm00104611,1.1658,0.0556,0.0889,0.8556
thm001046,15082026_16k_production_4_seeds_4_sizes_20260818_pp_1p8_pc_2p2_cont_4p0_8p0,thm00104612,1.0756,0.0667,0.0778,0.8556
thm001046,15082026_16k_production_4_seeds_4_sizes_20260818_pp_1p8_pc_2p2_cont_4p0_8p0,thm00104613,1.1288,0.0444,0.0889,0.8667
thm001046,15082026_16k_production_4_seeds_4_sizes_20260818_pp_1p8_pc_2p2_cont_4p0_8p0,thm00104614,1.1568,0.0667,0.0778,0.8556
thm001046,15082026_16k_production_4_seeds_4_sizes_20260818_pp_1p8_pc_2p2_cont_4p0_8p0,thm00104615,1.1189,0.0889,0.0889,0.8222
thm001050,15082026_16k_production_4_seeds_4_sizes_20260818_pp_1p8_pc_2p2_cont_4p0_8p0,thm00105000,1.3680,0.0920,0.0690,0.8391
thm001050,15082026_16k_production_4_seeds_4_sizes_20260818_pp_1p8_pc_2p2_cont_4p0_8p0,thm00105001,1.2747,0.1149,0.1149,0.7701
thm001050,15082026_16k_production_4_seeds_4_sizes_20260818_pp_1p8_pc_2p2_cont_4p0_8p0,thm00105002,1.4574,0.0805,0.0805,0.8391
thm001050,15082026_16k_production_4_seeds_4_sizes_20260818_pp_1p8_pc_2p2_cont_4p0_8p0,thm00105003,1.3138,0.1149,0.1149,0.7701
thm001050,15082026_16k_production_4_seeds_4_sizes_20260818_pp_1p8_pc_2p2_cont_4p0_8p0,thm00105004,1.3437,0.1149,0.1034,0.7816
thm001050,15082026_16k_production_4_seeds_4_sizes_20260818_pp_1p8_pc_2p2_cont_4p0_8p0,thm00105005,1.3958,0.1379,0.0805,0.7816
thm001050,15082026_16k_production_4_seeds_4_sizes_20260818_pp_1p8_pc_2p2_cont_4p0_8p0,thm00105006,1.3092,0.1034,0.0805,0.8161
thm001050,15082026_16k_production_4_seeds_4_sizes_20260818_pp_1p8_pc_2p2_cont_4p0_8p0,thm00105007,1.3853,0.1149,0.0920,0.7931
thm001050,15082026_16k_production_4_seeds_4_sizes_20260818_pp_1p8_pc_2p2_cont_4p0_8p0,thm00105008,1.4079,0.1379,0.1034,0.7586
thm001050,15082026_16k_production_4_seeds_4_sizes_20260818_pp_1p8_pc_2p2_cont_4p0_8p0,thm00105009,1.4275,0.0920,0.0575,0.8506
thm001050,15082026_16k_production_4_seeds_4_sizes_20260818_pp_1p8_pc_2p2_cont_4p0_8p0,thm00105010,1.4306,0.1494,0.0805,0.7701
thm001050,15082026_16k_production_4_seeds_4_sizes_20260818_pp_1p8_pc_2p2_cont_4p0_8p0,thm00105011,1.2794,0.1264,0.0805,0.7931
thm001050,15082026_16k_production_4_seeds_4_sizes_20260818_pp_1p8_pc_2p2_cont_4p0_8p0,thm00105012,1.2684,0.1149,0.1149,0.7701
thm001050,15082026_16k_production_4_seeds_4_sizes_20260818_pp_1p8_pc_2p2_cont_4p0_8p0,thm00105013,1.3350,0.1149,0.1034,0.7816
thm001050,15082026_16k_production_4_seeds_4_sizes_20260818_pp_1p8_pc_2p2_cont_4p0_8p0,thm00105014,1.3183,0.1379,0.1034,0.7586
thm001050,15082026_16k_production_4_seeds_4_sizes_20260818_pp_1p8_pc_2p2_cont_4p0_8p0,thm00105015,1.3079,0.1494,0.0805,0.7701
thm001080,15082026_16k_production_4_seeds_4_sizes_20260818_pp_1p8_pc_2p2_cont_4p0_8p0,thm00108000,1.3050,0.0808,0.1111,0.8081
thm001080,15082026_16k_production_4_seeds_4_sizes_20260818_pp_1p8_pc_2p2_cont_4p0_8p0,thm00108001,1.3317,0.0808,0.1414,0.7778
thm001080,15082026_16k_production_4_seeds_4_sizes_20260818_pp_1p8_pc_2p2_cont_4p0_8p0,thm00108002,1.2373,0.0909,0.1313,0.7778
thm001080,15082026_16k_production_4_seeds_4_sizes_20260818_pp_1p8_pc_2p2_cont_4p0_8p0,thm00108003,1.2316,0.1111,0.1212,0.7677
thm001080,15082026_16k_production_4_seeds_4_sizes_20260818_pp_1p8_pc_2p2_cont_4p0_8p0,thm00108004,1.1498,0.1515,0.1111,0.7374
thm001080,15082026_16k_production_4_seeds_4_sizes_20260818_pp_1p8_pc_2p2_cont_4p0_8p0,thm00108005,1.2683,0.1111,0.1111,0.7778
thm001080,15082026_16k_production_4_seeds_4_sizes_20260818_pp_1p8_pc_2p2_cont_4p0_8p0,thm00108006,1.1815,0.1111,0.1111,0.7778
thm001080,15082026_16k_production_4_seeds_4_sizes_20260818_pp_1p8_pc_2p2_cont_4p0_8p0,thm00108007,1.1903,0.1111,0.1313,0.7576
thm001080,15082026_16k_production_4_seeds_4_sizes_20260818_pp_1p8_pc_2p2_cont_4p0_8p0,thm00108008,1.2949,0.0808,0.1212,0.7980
thm001080,15082026_16k_production_4_seeds_4_sizes_20260818_pp_1p8_pc_2p2_cont_4p0_8p0,thm00108009,1.2832,0.0909,0.0909,0.8182
thm001080,15082026_16k_production_4_seeds_4_sizes_20260818_pp_1p8_pc_2p2_cont_4p0_8p0,thm00108010,1.3822,0.0808,0.0808,0.8384
thm001080,15082026_16k_production_4_seeds_4_sizes_20260818_pp_1p8_pc_2p2_cont_4p0_8p0,thm00108011,1.2714,0.1111,0.1010,0.7879
thm001080,15082026_16k_production_4_seeds_4_sizes_20260818_pp_1p8_pc_2p2_cont_4p0_8p0,thm00108012,1.2235,0.0808,0.1414,0.7778
thm001080,15082026_16k_production_4_seeds_4_sizes_20260818_pp_1p8_pc_2p2_cont_4p0_8p0,thm00108013,1.2462,0.1010,0.1111,0.7879
thm001080,15082026_16k_production_4_seeds_4_sizes_20260818_pp_1p8_pc_2p2_cont_4p0_8p0,thm00108014,1.2333,0.1010,0.1111,0.7879
thm001080,15082026_16k_production_4_seeds_4_sizes_20260818_pp_1p8_pc_2p2_cont_4p0_8p0,thm00108015,1.2446,0.0707,0.1212,0.8081
thm001106,15082026_16k_production_4_seeds_4_sizes_20260818_pp_1p8_pc_2p2_cont_4p0_8p0,thm00110600,1.3065,0.0465,0.1512,0.8023
thm001106,15082026_16k_production_4_seeds_4_sizes_20260818_pp_1p8_pc_2p2_cont_4p0_8p0,thm00110601,1.3211,0.0581,0.1628,0.7791
thm001106,15082026_16k_production_4_seeds_4_sizes_20260818_pp_1p8_pc_2p2_cont_4p0_8p0,thm00110602,1.3148,0.0581,0.1512,0.7907
thm001106,15082026_16k_production_4_seeds_4_sizes_20260818_pp_1p8_pc_2p2_cont_4p0_8p0,thm00110603,1.2932,0.0581,0.1628,0.7791
thm001106,15082026_16k_production_4_seeds_4_sizes_20260818_pp_1p8_pc_2p2_cont_4p0_8p0,thm00110604,1.2942,0.0465,0.1512,0.8023
thm001106,15082026_16k_production_4_seeds_4_sizes_20260818_pp_1p8_pc_2p2_cont_4p0_8p0,thm00110605,1.3923,0.0581,0.1512,0.7907
thm001106,15082026_16k_production_4_seeds_4_sizes_20260818_pp_1p8_pc_2p2_cont_4p0_8p0,thm00110606,1.3011,0.0349,0.1395,0.8256
thm001106,15082026_16k_production_4_seeds_4_sizes_20260818_pp_1p8_pc_2p2_cont_4p0_8p0,thm00110607,1.3370,0.0465,0.1395,0.8140
thm001106,15082026_16k_production_4_seeds_4_sizes_20260818_pp_1p8_pc_2p2_cont_4p0_8p0,thm00110608,1.2991,0.0581,0.1395,0.8023
thm001106,15082026_16k_production_4_seeds_4_sizes_20260818_pp_1p8_pc_2p2_cont_4p0_8p0,thm00110609,1.3018,0.0349,0.1628,0.8023
thm001106,15082026_16k_production_4_seeds_4_sizes_20260818_pp_1p8_pc_2p2_cont_4p0_8p0,thm00110610,1.3411,0.0349,0.1395,0.8256
thm001106,15082026_16k_production_4_seeds_4_sizes_20260818_pp_1p8_pc_2p2_cont_4p0_8p0,thm00110611,1.2836,0.0814,0.1395,0.7791
thm001106,15082026_16k_production_4_seeds_4_sizes_20260818_pp_1p8_pc_2p2_cont_4p0_8p0,thm00110612,1.3785,0.0581,0.1628,0.7791
thm001106,15082026_16k_production_4_seeds_4_sizes_20260818_pp_1p8_pc_2p2_cont_4p0_8p0,thm00110613,1.3343,0.0465,0.1395,0.8140
thm001106,15082026_16k_production_4_seeds_4_sizes_20260818_pp_1p8_pc_2p2_cont_4p0_8p0,thm00110614,1.3835,0.0465,0.1163,0.8372
thm001106,15082026_16k_production_4_seeds_4_sizes_20260818_pp_1p8_pc_2p2_cont_4p0_8p0,thm00110615,1.3230,0.0349,0.1395,0.8256
thm001131,15082026_16k_production_4_seeds_4_sizes_20260818_pp_1p8_pc_2p2_cont_4p0_8p0,thm00113100,1.2980,0.1020,0.0714,0.8265
thm001131,15082026_16k_production_4_seeds_4_sizes_20260818_pp_1p8_pc_2p2_cont_4p0_8p0,thm00113101,1.2810,0.0816,0.0918,0.8265
thm001131,15082026_16k_production_4_seeds_4_sizes_20260818_pp_1p8_pc_2p2_cont_4p0_8p0,thm00113102,1.2899,0.0714,0.0918,0.8367
thm001131,15082026_16k_production_4_seeds_4_sizes_20260818_pp_1p8_pc_2p2_cont_4p0_8p0,thm00113103,1.2347,0.0714,0.1020,0.8265
thm001131,15082026_16k_production_4_seeds_4_sizes_20260818_pp_1p8_pc_2p2_cont_4p0_8p0,thm00113104,1.2447,0.0816,0.1020,0.8163
thm001131,15082026_16k_production_4_seeds_4_sizes_20260818_pp_1p8_pc_2p2_cont_4p0_8p0,thm00113105,1.2695,0.1020,0.1020,0.7959
thm001131,15082026_16k_production_4_seeds_4_sizes_20260818_pp_1p8_pc_2p2_cont_4p0_8p0,thm00113106,1.2200,0.1020,0.0816,0.8163
thm001131,15082026_16k_production_4_seeds_4_sizes_20260818_pp_1p8_pc_2p2_cont_4p0_8p0,thm00113107,1.1897,0.0816,0.1020,0.8163
thm001131,15082026_16k_production_4_seeds_4_sizes_20260818_pp_1p8_pc_2p2_cont_4p0_8p0,thm00113108,1.2545,0.0918,0.0816,0.8265
thm001131,15082026_16k_production_4_seeds_4_sizes_20260818_pp_1p8_pc_2p2_cont_4p0_8p0,thm00113109,1.2285,0.1020,0.1122,0.7857
thm001131,15082026_16k_production_4_seeds_4_sizes_20260818_pp_1p8_pc_2p2_cont_4p0_8p0,thm00113110,1.2618,0.0816,0.0816,0.8367
thm001131,15082026_16k_production_4_seeds_4_sizes_20260818_pp_1p8_pc_2p2_cont_4p0_8p0,thm00113111,1.2228,0.0816,0.0918,0.8265
thm001131,15082026_16k_production_4_seeds_4_sizes_20260818_pp_1p8_pc_2p2_cont_4p0_8p0,thm00113112,1.2164,0.0918,0.1020,0.8061
thm001131,15082026_16k_production_4_seeds_4_sizes_20260818_pp_1p8_pc_2p2_cont_4p0_8p0,thm00113113,1.2106,0.1122,0.0714,0.8163
thm001131,15082026_16k_production_4_seeds_4_sizes_20260818_pp_1p8_pc_2p2_cont_4p0_8p0,thm00113114,1.1937,0.1122,0.0918,0.7959
thm001131,15082026_16k_production_4_seeds_4_sizes_20260818_pp_1p8_pc_2p2_cont_4p0_8p0,thm00113115,1.2563,0.0918,0.0918,0.8163
thm001139,15082026_16k_production_4_seeds_4_sizes_20260818_pp_1p8_pc_2p2_cont_4p0_8p0,thm00113900,1.1726,0.0879,0.0879,0.8242
thm001139,15082026_16k_production_4_seeds_4_sizes_20260818_pp_1p8_pc_2p2_cont_4p0_8p0,thm00113901,1.3034,0.0220,0.0879,0.8901
thm001139,15082026_16k_production_4_seeds_4_sizes_20260818_pp_1p8_pc_2p2_cont_4p0_8p0,thm00113902,1.2778,0.0440,0.0769,0.8791
thm001139,15082026_16k_production_4_seeds_4_sizes_20260818_pp_1p8_pc_2p2_cont_4p0_8p0,thm00113903,1.2848,0.0330,0.1099,0.8571
thm001139,15082026_16k_production_4_seeds_4_sizes_20260818_pp_1p8_pc_2p2_cont_4p0_8p0,thm00113904,1.2441,0.0659,0.1099,0.8242
thm001139,15082026_16k_production_4_seeds_4_sizes_20260818_pp_1p8_pc_2p2_cont_4p0_8p0,thm00113905,1.2531,0.0440,0.0989,0.8571
thm001139,15082026_16k_production_4_seeds_4_sizes_20260818_pp_1p8_pc_2p2_cont_4p0_8p0,thm00113906,1.2116,0.0330,0.1209,0.8462
thm001139,15082026_16k_production_4_seeds_4_sizes_20260818_pp_1p8_pc_2p2_cont_4p0_8p0,thm00113907,1.1862,0.0330,0.1099,0.8571
thm001139,15082026_16k_production_4_seeds_4_sizes_20260818_pp_1p8_pc_2p2_cont_4p0_8p0,thm00113908,1.2685,0.0769,0.0769,0.8462
thm001139,15082026_16k_production_4_seeds_4_sizes_20260818_pp_1p8_pc_2p2_cont_4p0_8p0,thm00113909,1.2864,0.0220,0.0989,0.8791
thm001139,15082026_16k_production_4_seeds_4_sizes_20260818_pp_1p8_pc_2p2_cont_4p0_8p0,thm00113910,1.2853,0.0330,0.0989,0.8681
thm001139,15082026_16k_production_4_seeds_4_sizes_20260818_pp_1p8_pc_2p2_cont_4p0_8p0,thm00113911,1.2785,0.0330,0.0879,0.8791
thm001139,15082026_16k_production_4_seeds_4_sizes_20260818_pp_1p8_pc_2p2_cont_4p0_8p0,thm00113912,1.2258,0.0440,0.1099,0.8462
thm001139,15082026_16k_production_4_seeds_4_sizes_20260818_pp_1p8_pc_2p2_cont_4p0_8p0,thm00113913,1.2752,0.0220,0.1099,0.8681
thm001139,15082026_16k_production_4_seeds_4_sizes_20260818_pp_1p8_pc_2p2_cont_4p0_8p0,thm00113914,1.1915,0.0440,0.0879,0.8681
thm001139,15082026_16k_production_4_seeds_4_sizes_20260818_pp_1p8_pc_2p2_cont_4p0_8p0,thm00113915,1.3107,0.0220,0.0989,0.8791
thm001146,15082026_16k_production_4_seeds_4_sizes_20260818_pp_1p8_pc_2p2_cont_4p0_8p0,thm00114600,1.1504,0.1111,0.1000,0.7889
thm001146,15082026_16k_production_4_seeds_4_sizes_20260818_pp_1p8_pc_2p2_cont_4p0_8p0,thm00114601,1.1049,0.1222,0.1000,0.7778
thm001146,15082026_16k_production_4_seeds_4_sizes_20260818_pp_1p8_pc_2p2_cont_4p0_8p0,thm00114602,1.1904,0.1000,0.0667,0.8333
thm001146,15082026_16k_production_4_seeds_4_sizes_20260818_pp_1p8_pc_2p2_cont_4p0_8p0,thm00114603,1.1420,0.1333,0.0667,0.8000
thm001146,15082026_16k_production_4_seeds_4_sizes_20260818_pp_1p8_pc_2p2_cont_4p0_8p0,thm00114604,1.0350,0.1778,0.0889,0.7333
thm001146,15082026_16k_production_4_seeds_4_sizes_20260818_pp_1p8_pc_2p2_cont_4p0_8p0,thm00114605,1.1063,0.1444,0.1000,0.7556
thm001146,15082026_16k_production_4_seeds_4_sizes_20260818_pp_1p8_pc_2p2_cont_4p0_8p0,thm00114606,1.1383,0.1111,0.1000,0.7889
thm001146,15082026_16k_production_4_seeds_4_sizes_20260818_pp_1p8_pc_2p2_cont_4p0_8p0,thm00114607,1.0264,0.1889,0.1000,0.7111
thm001146,15082026_16k_production_4_seeds_4_sizes_20260818_pp_1p8_pc_2p2_cont_4p0_8p0,thm00114608,1.1091,0.1444,0.0778,0.7778
thm001146,15082026_16k_production_4_seeds_4_sizes_20260818_pp_1p8_pc_2p2_cont_4p0_8p0,thm00114609,1.1398,0.1222,0.0889,0.7889
thm001146,15082026_16k_production_4_seeds_4_sizes_20260818_pp_1p8_pc_2p2_cont_4p0_8p0,thm00114610,1.1681,0.1444,0.1000,0.7556
thm001146,15082026_16k_production_4_seeds_4_sizes_20260818_pp_1p8_pc_2p2_cont_4p0_8p0,thm00114611,1.1282,0.1000,0.0889,0.8111
thm001146,15082026_16k_production_4_seeds_4_sizes_20260818_pp_1p8_pc_2p2_cont_4p0_8p0,thm00114612,1.0857,0.1444,0.1000,0.7556
thm001146,15082026_16k_production_4_seeds_4_sizes_20260818_pp_1p8_pc_2p2_cont_4p0_8p0,thm00114613,1.0788,0.1333,0.0889,0.7778
thm001146,15082026_16k_production_4_seeds_4_sizes_20260818_pp_1p8_pc_2p2_cont_4p0_8p0,thm00114614,1.0831,0.1222,0.1000,0.7778
thm001146,15082026_16k_production_4_seeds_4_sizes_20260818_pp_1p8_pc_2p2_cont_4p0_8p0,thm00114615,1.1140,0.1444,0.0889,0.7667
thm001191,15082026_16k_production_4_seeds_4_sizes_20260818_pp_1p8_pc_2p2_cont_4p0_8p0,thm00119100,1.1913,0.0455,0.0795,0.8750
thm001191,15082026_16k_production_4_seeds_4_sizes_20260818_pp_1p8_pc_2p2_cont_4p0_8p0,thm00119101,1.2347,0.0682,0.0682,0.8636
thm001191,15082026_16k_production_4_seeds_4_sizes_20260818_pp_1p8_pc_2p2_cont_4p0_8p0,thm00119102,1.2270,0.0455,0.0909,0.8636
thm001191,15082026_16k_production_4_seeds_4_sizes_20260818_pp_1p8_pc_2p2_cont_4p0_8p0,thm00119103,1.2374,0.0682,0.0909,0.8409
thm001191,15082026_16k_production_4_seeds_4_sizes_20260818_pp_1p8_pc_2p2_cont_4p0_8p0,thm00119104,1.1763,0.0682,0.0795,0.8523
thm001191,15082026_16k_production_4_seeds_4_sizes_20260818_pp_1p8_pc_2p2_cont_4p0_8p0,thm00119105,1.2232,0.1023,0.0568,0.8409
thm001191,15082026_16k_production_4_seeds_4_sizes_20260818_pp_1p8_pc_2p2_cont_4p0_8p0,thm00119106,1.1774,0.0682,0.0682,0.8636
thm001191,15082026_16k_production_4_seeds_4_sizes_20260818_pp_1p8_pc_2p2_cont_4p0_8p0,thm00119107,1.1888,0.0568,0.0682,0.8750
thm001191,15082026_16k_production_4_seeds_4_sizes_20260818_pp_1p8_pc_2p2_cont_4p0_8p0,thm00119108,1.1792,0.0455,0.0795,0.8750
thm001191,15082026_16k_production_4_seeds_4_sizes_20260818_pp_1p8_pc_2p2_cont_4p0_8p0,thm00119109,1.2147,0.0795,0.0682,0.8523
thm001191,15082026_16k_production_4_seeds_4_sizes_20260818_pp_1p8_pc_2p2_cont_4p0_8p0,thm00119110,1.1827,0.0568,0.0795,0.8636
thm001191,15082026_16k_production_4_seeds_4_sizes_20260818_pp_1p8_pc_2p2_cont_4p0_8p0,thm00119111,1.1940,0.0568,0.0795,0.8636
thm001191,15082026_16k_production_4_seeds_4_sizes_20260818_pp_1p8_pc_2p2_cont_4p0_8p0,thm00119112,1.1616,0.0682,0.0795,0.8523
thm001191,15082026_16k_production_4_seeds_4_sizes_20260818_pp_1p8_pc_2p2_cont_4p0_8p0,thm00119113,1.1708,0.0682,0.1023,0.8295
thm001191,15082026_16k_production_4_seeds_4_sizes_20260818_pp_1p8_pc_2p2_cont_4p0_8p0,thm00119114,1.2528,0.0455,0.0795,0.8750
thm001191,15082026_16k_production_4_seeds_4_sizes_20260818_pp_1p8_pc_2p2_cont_4p0_8p0,thm00119115,1.2975,0.0568,0.0795,0.8636
thm001225,15082026_16k_production_4_seeds_4_sizes_20260818_pp_1p8_pc_2p2_cont_4p0_8p0,thm00122500,1.0673,0.1220,0.0488,0.8293
thm001225,15082026_16k_production_4_seeds_4_sizes_20260818_pp_1p8_pc_2p2_cont_4p0_8p0,thm00122501,1.0700,0.0610,0.0488,0.8902
thm001225,15082026_16k_production_4_seeds_4_sizes_20260818_pp_1p8_pc_2p2_cont_4p0_8p0,thm00122502,1.1654,0.0488,0.0366,0.9146
thm001225,15082026_16k_production_4_seeds_4_sizes_20260818_pp_1p8_pc_2p2_cont_4p0_8p0,thm00122503,1.0479,0.0610,0.0610,0.8780
thm001225,15082026_16k_production_4_seeds_4_sizes_20260818_pp_1p8_pc_2p2_cont_4p0_8p0,thm00122504,1.0390,0.0610,0.0488,0.8902
thm001225,15082026_16k_production_4_seeds_4_sizes_20260818_pp_1p8_pc_2p2_cont_4p0_8p0,thm00122505,1.0612,0.0854,0.0366,0.8780
thm001225,15082026_16k_production_4_seeds_4_sizes_20260818_pp_1p8_pc_2p2_cont_4p0_8p0,thm00122506,1.0756,0.0732,0.0488,0.8780
thm001225,15082026_16k_production_4_seeds_4_sizes_20260818_pp_1p8_pc_2p2_cont_4p0_8p0,thm00122507,1.0607,0.0976,0.0366,0.8659
thm001225,15082026_16k_production_4_seeds_4_sizes_20260818_pp_1p8_pc_2p2_cont_4p0_8p0,thm00122508,1.0208,0.0976,0.0366,0.8659
thm001225,15082026_16k_production_4_seeds_4_sizes_20260818_pp_1p8_pc_2p2_cont_4p0_8p0,thm00122509,1.0991,0.0854,0.0366,0.8780
thm001225,15082026_16k_production_4_seeds_4_sizes_20260818_pp_1p8_pc_2p2_cont_4p0_8p0,thm00122510,1.1181,0.0610,0.0488,0.8902
thm001225,15082026_16k_production_4_seeds_4_sizes_20260818_pp_1p8_pc_2p2_cont_4p0_8p0,thm00122511,1.0925,0.0732,0.0244,0.9024
thm001225,15082026_16k_production_4_seeds_4_sizes_20260818_pp_1p8_pc_2p2_cont_4p0_8p0,thm00122512,1.0182,0.0976,0.0244,0.8780
thm001225,15082026_16k_production_4_seeds_4_sizes_20260818_pp_1p8_pc_2p2_cont_4p0_8p0,thm00122513,1.0120,0.0732,0.0488,0.8780
thm001225,15082026_16k_production_4_seeds_4_sizes_20260818_pp_1p8_pc_2p2_cont_4p0_8p0,thm00122514,1.0450,0.0854,0.0366,0.8780
thm001225,15082026_16k_production_4_seeds_4_sizes_20260818_pp_1p8_pc_2p2_cont_4p0_8p0,thm00122515,1.1013,0.0976,0.0488,0.8537
thm001247,15082026_16k_production_4_seeds_4_sizes_20260818_pp_1p8_pc_2p2_cont_4p0_8p0,thm00124700,1.2569,0.0583,0.0485,0.8932
thm001247,15082026_16k_production_4_seeds_4_sizes_20260818_pp_1p8_pc_2p2_cont_4p0_8p0,thm00124701,1.2898,0.0971,0.0485,0.8544
thm001247,15082026_16k_production_4_seeds_4_sizes_20260818_pp_1p8_pc_2p2_cont_4p0_8p0,thm00124702,1.2421,0.0680,0.0291,0.9029
thm001247,15082026_16k_production_4_seeds_4_sizes_20260818_pp_1p8_pc_2p2_cont_4p0_8p0,thm00124703,1.2894,0.0680,0.0388,0.8932
thm001247,15082026_16k_production_4_seeds_4_sizes_20260818_pp_1p8_pc_2p2_cont_4p0_8p0,thm00124704,1.2601,0.0485,0.0485,0.9029
thm001247,15082026_16k_production_4_seeds_4_sizes_20260818_pp_1p8_pc_2p2_cont_4p0_8p0,thm00124705,1.2994,0.0777,0.0485,0.8738
thm001247,15082026_16k_production_4_seeds_4_sizes_20260818_pp_1p8_pc_2p2_cont_4p0_8p0,thm00124706,1.2446,0.1165,0.0485,0.8350
thm001247,15082026_16k_production_4_seeds_4_sizes_20260818_pp_1p8_pc_2p2_cont_4p0_8p0,thm00124707,1.2855,0.0777,0.0485,0.8738
thm001247,15082026_16k_production_4_seeds_4_sizes_20260818_pp_1p8_pc_2p2_cont_4p0_8p0,thm00124708,1.2064,0.0874,0.0485,0.8641
thm001247,15082026_16k_production_4_seeds_4_sizes_20260818_pp_1p8_pc_2p2_cont_4p0_8p0,thm00124709,1.1871,0.0777,0.0485,0.8738
thm001247,15082026_16k_production_4_seeds_4_sizes_20260818_pp_1p8_pc_2p2_cont_4p0_8p0,thm00124710,1.2780,0.0485,0.0388,0.9126
thm001247,15082026_16k_production_4_seeds_4_sizes_20260818_pp_1p8_pc_2p2_cont_4p0_8p0,thm00124711,1.2273,0.0777,0.0388,0.8835
thm001247,15082026_16k_production_4_seeds_4_sizes_20260818_pp_1p8_pc_2p2_cont_4p0_8p0,thm00124712,1.2439,0.0680,0.0485,0.8835
thm001247,15082026_16k_production_4_seeds_4_sizes_20260818_pp_1p8_pc_2p2_cont_4p0_8p0,thm00124713,1.1811,0.0777,0.0485,0.8738
thm001247,15082026_16k_production_4_seeds_4_sizes_20260818_pp_1p8_pc_2p2_cont_4p0_8p0,thm00124714,1.2079,0.0777,0.0485,0.8738
thm001247,15082026_16k_production_4_seeds_4_sizes_20260818_pp_1p8_pc_2p2_cont_4p0_8p0,thm00124715,1.2019,0.0777,0.0485,0.8738
thm001269,15082026_16k_production_4_seeds_4_sizes_20260818_pp_1p8_pc_2p2_cont_4p0_8p0,thm00126900,1.2588,0.0556,0.0556,0.8889
thm001269,15082026_16k_production_4_seeds_4_sizes_20260818_pp_1p8_pc_2p2_cont_4p0_8p0,thm00126901,1.2794,0.0889,0.0556,0.8556
thm001269,15082026_16k_production_4_seeds_4_sizes_20260818_pp_1p8_pc_2p2_cont_4p0_8p0,thm00126902,1.3208,0.0556,0.0444,0.9000
thm001269,15082026_16k_production_4_seeds_4_sizes_20260818_pp_1p8_pc_2p2_cont_4p0_8p0,thm00126903,1.3225,0.0222,0.0444,0.9333
thm001269,15082026_16k_production_4_seeds_4_sizes_20260818_pp_1p8_pc_2p2_cont_4p0_8p0,thm00126904,1.2001,0.0667,0.0556,0.8778
thm001269,15082026_16k_production_4_seeds_4_sizes_20260818_pp_1p8_pc_2p2_cont_4p0_8p0,thm00126905,1.2120,0.0444,0.0667,0.8889
thm001269,15082026_16k_production_4_seeds_4_sizes_20260818_pp_1p8_pc_2p2_cont_4p0_8p0,thm00126906,1.3610,0.0333,0.0778,0.8889
thm001269,15082026_16k_production_4_seeds_4_sizes_20260818_pp_1p8_pc_2p2_cont_4p0_8p0,thm00126907,1.2531,0.0444,0.0667,0.8889
thm001269,15082026_16k_production_4_seeds_4_sizes_20260818_pp_1p8_pc_2p2_cont_4p0_8p0,thm00126908,1.2517,0.0556,0.0667,0.8778
thm001269,15082026_16k_production_4_seeds_4_sizes_20260818_pp_1p8_pc_2p2_cont_4p0_8p0,thm00126909,1.3125,0.0556,0.0333,0.9111
thm001269,15082026_16k_production_4_seeds_4_sizes_20260818_pp_1p8_pc_2p2_cont_4p0_8p0,thm00126910,1.2329,0.0556,0.0667,0.8778
thm001269,15082026_16k_production_4_seeds_4_sizes_20260818_pp_1p8_pc_2p2_cont_4p0_8p0,thm00126911,1.3109,0.0222,0.0556,0.9222
thm001269,15082026_16k_production_4_seeds_4_sizes_20260818_pp_1p8_pc_2p2_cont_4p0_8p0,thm00126912,1.2698,0.0556,0.0444,0.9000
thm001269,15082026_16k_production_4_seeds_4_sizes_20260818_pp_1p8_pc_2p2_cont_4p0_8p0,thm00126913,1.3143,0.0667,0.0444,0.8889
thm001269,15082026_16k_production_4_seeds_4_sizes_20260818_pp_1p8_pc_2p2_cont_4p0_8p0,thm00126914,1.2864,0.0333,0.0556,0.9111
thm001269,15082026_16k_production_4_seeds_4_sizes_20260818_pp_1p8_pc_2p2_cont_4p0_8p0,thm00126915,1.2157,0.0667,0.0667,0.8667
thm001315,15082026_16k_production_4_seeds_4_sizes_20260818_pp_1p8_pc_2p2_cont_4p0_8p0,thm00131500,1.2807,0.0361,0.0361,0.9277
thm001315,15082026_16k_production_4_seeds_4_sizes_20260818_pp_1p8_pc_2p2_cont_4p0_8p0,thm00131501,1.3350,0.0000,0.0482,0.9518
thm001315,15082026_16k_production_4_seeds_4_sizes_20260818_pp_1p8_pc_2p2_cont_4p0_8p0,thm00131502,1.3204,0.0241,0.0241,0.9518
thm001315,15082026_16k_production_4_seeds_4_sizes_20260818_pp_1p8_pc_2p2_cont_4p0_8p0,thm00131503,1.3235,0.0241,0.0361,0.9398
thm001315,15082026_16k_production_4_seeds_4_sizes_20260818_pp_1p8_pc_2p2_cont_4p0_8p0,thm00131504,1.4675,0.0120,0.0361,0.9518
thm001315,15082026_16k_production_4_seeds_4_sizes_20260818_pp_1p8_pc_2p2_cont_4p0_8p0,thm00131505,1.3463,0.0361,0.0120,0.9518
thm001315,15082026_16k_production_4_seeds_4_sizes_20260818_pp_1p8_pc_2p2_cont_4p0_8p0,thm00131506,1.2840,0.0241,0.0482,0.9277
thm001315,15082026_16k_production_4_seeds_4_sizes_20260818_pp_1p8_pc_2p2_cont_4p0_8p0,thm00131507,1.3652,0.0361,0.0361,0.9277
thm001315,15082026_16k_production_4_seeds_4_sizes_20260818_pp_1p8_pc_2p2_cont_4p0_8p0,thm00131508,1.2898,0.0482,0.0482,0.9036
thm001315,15082026_16k_production_4_seeds_4_sizes_20260818_pp_1p8_pc_2p2_cont_4p0_8p0,thm00131509,1.4149,0.0241,0.0241,0.9518
thm001315,15082026_16k_production_4_seeds_4_sizes_20260818_pp_1p8_pc_2p2_cont_4p0_8p0,thm00131510,1.3355,0.0120,0.0361,0.9518
thm001315,15082026_16k_production_4_seeds_4_sizes_20260818_pp_1p8_pc_2p2_cont_4p0_8p0,thm00131511,1.3378,0.0120,0.0361,0.9518
thm001315,15082026_16k_production_4_seeds_4_sizes_20260818_pp_1p8_pc_2p2_cont_4p0_8p0,thm00131512,1.3500,0.0361,0.0482,0.9157
thm001315,15082026_16k_production_4_seeds_4_sizes_20260818_pp_1p8_pc_2p2_cont_4p0_8p0,thm00131513,1.2865,0.0120,0.0120,0.9759
thm001315,15082026_16k_production_4_seeds_4_sizes_20260818_pp_1p8_pc_2p2_cont_4p0_8p0,thm00131514,1.2589,0.0361,0.0361,0.9277
thm001315,15082026_16k_production_4_seeds_4_sizes_20260818_pp_1p8_pc_2p2_cont_4p0_8p0,thm00131515,1.2744,0.0241,0.0241,0.9518
thm001399,15082026_16k_production_4_seeds_4_sizes_20260818_pp_1p8_pc_2p2_cont_4p0_8p0,thm00139900,1.4463,0.0250,0.1250,0.8500
thm001399,15082026_16k_production_4_seeds_4_sizes_20260818_pp_1p8_pc_2p2_cont_4p0_8p0,thm00139901,1.4360,0.0500,0.1250,0.8250
thm001399,15082026_16k_production_4_seeds_4_sizes_20260818_pp_1p8_pc_2p2_cont_4p0_8p0,thm00139902,1.4856,0.0000,0.1000,0.9000
thm001399,15082026_16k_production_4_seeds_4_sizes_20260818_pp_1p8_pc_2p2_cont_4p0_8p0,thm00139903,1.4093,0.0250,0.1000,0.8750
thm001399,15082026_16k_production_4_seeds_4_sizes_20260818_pp_1p8_pc_2p2_cont_4p0_8p0,thm00139904,1.4330,0.0375,0.0875,0.8750
thm001399,15082026_16k_production_4_seeds_4_sizes_20260818_pp_1p8_pc_2p2_cont_4p0_8p0,thm00139905,1.3262,0.0375,0.1500,0.8125
thm001399,15082026_16k_production_4_seeds_4_sizes_20260818_pp_1p8_pc_2p2_cont_4p0_8p0,thm00139906,1.4945,0.0500,0.0625,0.8875
thm001399,15082026_16k_production_4_seeds_4_sizes_20260818_pp_1p8_pc_2p2_cont_4p0_8p0,thm00139907,1.5215,0.0250,0.1000,0.8750
thm001399,15082026_16k_production_4_seeds_4_sizes_20260818_pp_1p8_pc_2p2_cont_4p0_8p0,thm00139908,1.4104,0.0375,0.1000,0.8625
thm001399,15082026_16k_production_4_seeds_4_sizes_20260818_pp_1p8_pc_2p2_cont_4p0_8p0,thm00139909,1.3835,0.0250,0.1250,0.8500
thm001399,15082026_16k_production_4_seeds_4_sizes_20260818_pp_1p8_pc_2p2_cont_4p0_8p0,thm00139910,1.4227,0.0375,0.1000,0.8625
thm001399,15082026_16k_production_4_seeds_4_sizes_20260818_pp_1p8_pc_2p2_cont_4p0_8p0,thm00139911,1.4599,0.0375,0.0875,0.8750
thm001399,15082026_16k_production_4_seeds_4_sizes_20260818_pp_1p8_pc_2p2_cont_4p0_8p0,thm00139912,1.5022,0.0250,0.0750,0.9000
thm001399,15082026_16k_production_4_seeds_4_sizes_20260818_pp_1p8_pc_2p2_cont_4p0_8p0,thm00139913,1.4127,0.0250,0.1250,0.8500
thm001399,15082026_16k_production_4_seeds_4_sizes_20260818_pp_1p8_pc_2p2_cont_4p0_8p0,thm00139914,1.4766,0.0375,0.1125,0.8500
thm001399,15082026_16k_production_4_seeds_4_sizes_20260818_pp_1p8_pc_2p2_cont_4p0_8p0,thm00139915,1.4359,0.0375,0.1125,0.8500
thm001436,15082026_16k_production_4_seeds_4_sizes_20260818_pp_1p8_pc_2p2_cont_4p0_8p0,thm00143600,1.1776,0.0521,0.0521,0.8958
thm001436,15082026_16k_production_4_seeds_4_sizes_20260818_pp_1p8_pc_2p2_cont_4p0_8p0,thm00143601,1.1049,0.0521,0.0521,0.8958
thm001436,15082026_16k_production_4_seeds_4_sizes_20260818_pp_1p8_pc_2p2_cont_4p0_8p0,thm00143602,1.1902,0.0521,0.0625,0.8854
thm001436,15082026_16k_production_4_seeds_4_sizes_20260818_pp_1p8_pc_2p2_cont_4p0_8p0,thm00143603,1.1786,0.0625,0.0521,0.8854
thm001436,15082026_16k_production_4_seeds_4_sizes_20260818_pp_1p8_pc_2p2_cont_4p0_8p0,thm00143604,1.2425,0.0312,0.0625,0.9062
thm001436,15082026_16k_production_4_seeds_4_sizes_20260818_pp_1p8_pc_2p2_cont_4p0_8p0,thm00143605,1.1358,0.0833,0.0625,0.8542
thm001436,15082026_16k_production_4_seeds_4_sizes_20260818_pp_1p8_pc_2p2_cont_4p0_8p0,thm00143606,1.1313,0.0729,0.0521,0.8750
thm001436,15082026_16k_production_4_seeds_4_sizes_20260818_pp_1p8_pc_2p2_cont_4p0_8p0,thm00143607,1.1089,0.1042,0.0625,0.8333
thm001436,15082026_16k_production_4_seeds_4_sizes_20260818_pp_1p8_pc_2p2_cont_4p0_8p0,thm00143608,1.1171,0.0625,0.0625,0.8750
thm001436,15082026_16k_production_4_seeds_4_sizes_20260818_pp_1p8_pc_2p2_cont_4p0_8p0,thm00143609,1.1714,0.0625,0.0521,0.8854
thm001436,15082026_16k_production_4_seeds_4_sizes_20260818_pp_1p8_pc_2p2_cont_4p0_8p0,thm00143610,1.1967,0.0417,0.0625,0.8958
thm001436,15082026_16k_production_4_seeds_4_sizes_20260818_pp_1p8_pc_2p2_cont_4p0_8p0,thm00143611,1.1499,0.0833,0.0521,0.8646
thm001436,15082026_16k_production_4_seeds_4_sizes_20260818_pp_1p8_pc_2p2_cont_4p0_8p0,thm00143612,1.1689,0.0625,0.0521,0.8854
thm001436,15082026_16k_production_4_seeds_4_sizes_20260818_pp_1p8_pc_2p2_cont_4p0_8p0,thm00143613,1.1510,0.0938,0.0625,0.8438
thm001436,15082026_16k_production_4_seeds_4_sizes_20260818_pp_1p8_pc_2p2_cont_4p0_8p0,thm00143614,1.1113,0.0729,0.0729,0.8542
thm001436,15082026_16k_production_4_seeds_4_sizes_20260818_pp_1p8_pc_2p2_cont_4p0_8p0,thm00143615,1.1508,0.0521,0.0729,0.8750
thm001645,15082026_16k_production_4_seeds_4_sizes_20260818_pp_1p8_pc_2p2_cont_4p0_8p0,thm00164500,1.2879,0.0769,0.1648,0.7582
thm001645,15082026_16k_production_4_seeds_4_sizes_20260818_pp_1p8_pc_2p2_cont_4p0_8p0,thm00164501,1.4342,0.0549,0.1319,0.8132
thm001645,15082026_16k_production_4_seeds_4_sizes_20260818_pp_1p8_pc_2p2_cont_4p0_8p0,thm00164502,1.3298,0.0769,0.1099,0.8132
thm001645,15082026_16k_production_4_seeds_4_sizes_20260818_pp_1p8_pc_2p2_cont_4p0_8p0,thm00164503,1.3577,0.1099,0.1319,0.7582
thm001645,15082026_16k_production_4_seeds_4_sizes_20260818_pp_1p8_pc_2p2_cont_4p0_8p0,thm00164504,1.3926,0.0549,0.1429,0.8022
thm001645,15082026_16k_production_4_seeds_4_sizes_20260818_pp_1p8_pc_2p2_cont_4p0_8p0,thm00164505,1.4478,0.0989,0.1209,0.7802
thm001645,15082026_16k_production_4_seeds_4_sizes_20260818_pp_1p8_pc_2p2_cont_4p0_8p0,thm00164506,1.3940,0.0440,0.1209,0.8352
thm001645,15082026_16k_production_4_seeds_4_sizes_20260818_pp_1p8_pc_2p2_cont_4p0_8p0,thm00164507,1.3482,0.0879,0.0989,0.8132
thm001645,15082026_16k_production_4_seeds_4_sizes_20260818_pp_1p8_pc_2p2_cont_4p0_8p0,thm00164508,1.4100,0.0659,0.1319,0.8022
thm001645,15082026_16k_production_4_seeds_4_sizes_20260818_pp_1p8_pc_2p2_cont_4p0_8p0,thm00164509,1.3666,0.0440,0.1538,0.8022
thm001645,15082026_16k_production_4_seeds_4_sizes_20260818_pp_1p8_pc_2p2_cont_4p0_8p0,thm00164510,1.3645,0.1099,0.1758,0.7143
thm001645,15082026_16k_production_4_seeds_4_sizes_20260818_pp_1p8_pc_2p2_cont_4p0_8p0,thm00164511,1.3857,0.0659,0.1538,0.7802
thm001645,15082026_16k_production_4_seeds_4_sizes_20260818_pp_1p8_pc_2p2_cont_4p0_8p0,thm00164512,1.4038,0.0769,0.1099,0.8132
thm001645,15082026_16k_production_4_seeds_4_sizes_20260818_pp_1p8_pc_2p2_cont_4p0_8p0,thm00164513,1.3244,0.0549,0.1758,0.7692
thm001645,15082026_16k_production_4_seeds_4_sizes_20260818_pp_1p8_pc_2p2_cont_4p0_8p0,thm00164514,1.3977,0.0659,0.1209,0.8132
thm001645,15082026_16k_production_4_seeds_4_sizes_20260818_pp_1p8_pc_2p2_cont_4p0_8p0,thm00164515,1.3961,0.0879,0.1319,0.7802
thm001663,15082026_16k_production_4_seeds_4_sizes_20260818_pp_1p8_pc_2p2_cont_4p0_8p0,thm00166300,1.3147,0.0625,0.0750,0.8625
thm001663,15082026_16k_production_4_seeds_4_sizes_20260818_pp_1p8_pc_2p2_cont_4p0_8p0,thm00166301,1.4485,0.0500,0.0625,0.8875
thm001663,15082026_16k_production_4_seeds_4_sizes_20260818_pp_1p8_pc_2p2_cont_4p0_8p0,thm00166302,1.2774,0.0500,0.0625,0.8875
thm001663,15082026_16k_production_4_seeds_4_sizes_20260818_pp_1p8_pc_2p2_cont_4p0_8p0,thm00166303,1.3512,0.0625,0.0375,0.9000
thm001663,15082026_16k_production_4_seeds_4_sizes_20260818_pp_1p8_pc_2p2_cont_4p0_8p0,thm00166304,1.3050,0.0625,0.0500,0.8875
thm001663,15082026_16k_production_4_seeds_4_sizes_20260818_pp_1p8_pc_2p2_cont_4p0_8p0,thm00166305,1.2455,0.0625,0.0500,0.8875
thm001663,15082026_16k_production_4_seeds_4_sizes_20260818_pp_1p8_pc_2p2_cont_4p0_8p0,thm00166306,1.3523,0.0500,0.0625,0.8875
thm001663,15082026_16k_production_4_seeds_4_sizes_20260818_pp_1p8_pc_2p2_cont_4p0_8p0,thm00166307,1.3239,0.0500,0.0750,0.8750
thm001663,15082026_16k_production_4_seeds_4_sizes_20260818_pp_1p8_pc_2p2_cont_4p0_8p0,thm00166308,1.3762,0.0500,0.0875,0.8625
thm001663,15082026_16k_production_4_seeds_4_sizes_20260818_pp_1p8_pc_2p2_cont_4p0_8p0,thm00166309,1.4122,0.0500,0.0375,0.9125
thm001663,15082026_16k_production_4_seeds_4_sizes_20260818_pp_1p8_pc_2p2_cont_4p0_8p0,thm00166310,1.3118,0.0500,0.0750,0.8750
thm001663,15082026_16k_production_4_seeds_4_sizes_20260818_pp_1p8_pc_2p2_cont_4p0_8p0,thm00166311,1.3430,0.0625,0.0625,0.8750
thm001663,15082026_16k_production_4_seeds_4_sizes_20260818_pp_1p8_pc_2p2_cont_4p0_8p0,thm00166312,1.2815,0.0625,0.0875,0.8500
thm001663,15082026_16k_production_4_seeds_4_sizes_20260818_pp_1p8_pc_2p2_cont_4p0_8p0,thm00166313,1.3343,0.0625,0.0500,0.8875
thm001663,15082026_16k_production_4_seeds_4_sizes_20260818_pp_1p8_pc_2p2_cont_4p0_8p0,thm00166314,1.2465,0.0500,0.0625,0.8875
thm001663,15082026_16k_production_4_seeds_4_sizes_20260818_pp_1p8_pc_2p2_cont_4p0_8p0,thm00166315,1.2964,0.0500,0.0625,0.8875
thm001676,15082026_16k_production_4_seeds_4_sizes_20260818_pp_1p8_pc_2p2_cont_4p0_8p0,thm00167600,1.1994,0.1236,0.0449,0.8315
thm001676,15082026_16k_production_4_seeds_4_sizes_20260818_pp_1p8_pc_2p2_cont_4p0_8p0,thm00167601,1.1795,0.1685,0.0449,0.7865
thm001676,15082026_16k_production_4_seeds_4_sizes_20260818_pp_1p8_pc_2p2_cont_4p0_8p0,thm00167602,1.1744,0.1236,0.0562,0.8202
thm001676,15082026_16k_production_4_seeds_4_sizes_20260818_pp_1p8_pc_2p2_cont_4p0_8p0,thm00167603,1.1384,0.1461,0.0674,0.7865
thm001676,15082026_16k_production_4_seeds_4_sizes_20260818_pp_1p8_pc_2p2_cont_4p0_8p0,thm00167604,1.2240,0.1124,0.0674,0.8202
thm001676,15082026_16k_production_4_seeds_4_sizes_20260818_pp_1p8_pc_2p2_cont_4p0_8p0,thm00167605,1.1933,0.1348,0.0449,0.8202
thm001676,15082026_16k_production_4_seeds_4_sizes_20260818_pp_1p8_pc_2p2_cont_4p0_8p0,thm00167606,1.1189,0.1461,0.0449,0.8090
thm001676,15082026_16k_production_4_seeds_4_sizes_20260818_pp_1p8_pc_2p2_cont_4p0_8p0,thm00167607,1.1821,0.1461,0.0449,0.8090
thm001676,15082026_16k_production_4_seeds_4_sizes_20260818_pp_1p8_pc_2p2_cont_4p0_8p0,thm00167608,1.1656,0.1573,0.0674,0.7753
thm001676,15082026_16k_production_4_seeds_4_sizes_20260818_pp_1p8_pc_2p2_cont_4p0_8p0,thm00167609,1.1486,0.1573,0.0562,0.7865
thm001676,15082026_16k_production_4_seeds_4_sizes_20260818_pp_1p8_pc_2p2_cont_4p0_8p0,thm00167610,1.2370,0.1348,0.0449,0.8202
thm001676,15082026_16k_production_4_seeds_4_sizes_20260818_pp_1p8_pc_2p2_cont_4p0_8p0,thm00167611,1.1583,0.1348,0.0562,0.8090
thm001676,15082026_16k_production_4_seeds_4_sizes_20260818_pp_1p8_pc_2p2_cont_4p0_8p0,thm00167612,1.1343,0.1685,0.0674,0.7640
thm001676,15082026_16k_production_4_seeds_4_sizes_20260818_pp_1p8_pc_2p2_cont_4p0_8p0,thm00167613,1.1949,0.1348,0.0562,0.8090
thm001676,15082026_16k_production_4_seeds_4_sizes_20260818_pp_1p8_pc_2p2_cont_4p0_8p0,thm00167614,1.1503,0.1348,0.0337,0.8315
thm001676,15082026_16k_production_4_seeds_4_sizes_20260818_pp_1p8_pc_2p2_cont_4p0_8p0,thm00167615,1.1793,0.1348,0.0674,0.7978
thm001694,15082026_16k_production_4_seeds_4_sizes_20260818_pp_1p8_pc_2p2_cont_4p0_8p0,thm00169400,1.1914,0.0549,0.1319,0.8132
thm001694,15082026_16k_production_4_seeds_4_sizes_20260818_pp_1p8_pc_2p2_cont_4p0_8p0,thm00169401,1.2548,0.0549,0.1319,0.8132
thm001694,15082026_16k_production_4_seeds_4_sizes_20260818_pp_1p8_pc_2p2_cont_4p0_8p0,thm00169402,1.1851,0.0659,0.1319,0.8022
thm001694,15082026_16k_production_4_seeds_4_sizes_20260818_pp_1p8_pc_2p2_cont_4p0_8p0,thm00169403,1.2536,0.0659,0.1209,0.8132
thm001694,15082026_16k_production_4_seeds_4_sizes_20260818_pp_1p8_pc_2p2_cont_4p0_8p0,thm00169404,1.2770,0.0549,0.1209,0.8242
thm001694,15082026_16k_production_4_seeds_4_sizes_20260818_pp_1p8_pc_2p2_cont_4p0_8p0,thm00169405,1.2078,0.0440,0.1538,0.8022
thm001694,15082026_16k_production_4_seeds_4_sizes_20260818_pp_1p8_pc_2p2_cont_4p0_8p0,thm00169406,1.2670,0.0549,0.1538,0.7912
thm001694,15082026_16k_production_4_seeds_4_sizes_20260818_pp_1p8_pc_2p2_cont_4p0_8p0,thm00169407,1.2574,0.0769,0.1319,0.7912
thm001694,15082026_16k_production_4_seeds_4_sizes_20260818_pp_1p8_pc_2p2_cont_4p0_8p0,thm00169408,1.3051,0.0549,0.1099,0.8352
thm001694,15082026_16k_production_4_seeds_4_sizes_20260818_pp_1p8_pc_2p2_cont_4p0_8p0,thm00169409,1.2526,0.0440,0.1648,0.7912
thm001694,15082026_16k_production_4_seeds_4_sizes_20260818_pp_1p8_pc_2p2_cont_4p0_8p0,thm00169410,1.2353,0.0659,0.1538,0.7802
thm001694,15082026_16k_production_4_seeds_4_sizes_20260818_pp_1p8_pc_2p2_cont_4p0_8p0,thm00169411,1.2392,0.0659,0.1429,0.7912
thm001694,15082026_16k_production_4_seeds_4_sizes_20260818_pp_1p8_pc_2p2_cont_4p0_8p0,thm00169412,1.2128,0.0769,0.1538,0.7692
thm001694,15082026_16k_production_4_seeds_4_sizes_20260818_pp_1p8_pc_2p2_cont_4p0_8p0,thm00169413,1.2797,0.0769,0.1429,0.7802
thm001694,15082026_16k_production_4_seeds_4_sizes_20260818_pp_1p8_pc_2p2_cont_4p0_8p0,thm00169414,1.3007,0.0440,0.1209,0.8352
thm001694,15082026_16k_production_4_seeds_4_sizes_20260818_pp_1p8_pc_2p2_cont_4p0_8p0,thm00169415,1.1865,0.0769,0.1429,0.7802
thm001736,15082026_16k_production_4_seeds_4_sizes_20260818_pp_1p8_pc_2p2_cont_4p0_8p0,thm00173600,1.1515,0.0667,0.1111,0.8222
thm001736,15082026_16k_production_4_seeds_4_sizes_20260818_pp_1p8_pc_2p2_cont_4p0_8p0,thm00173601,1.1948,0.0556,0.1000,0.8444
thm001736,15082026_16k_production_4_seeds_4_sizes_20260818_pp_1p8_pc_2p2_cont_4p0_8p0,thm00173602,1.1745,0.0444,0.1000,0.8556
thm001736,15082026_16k_production_4_seeds_4_sizes_20260818_pp_1p8_pc_2p2_cont_4p0_8p0,thm00173603,1.1481,0.0667,0.0889,0.8444
thm001736,15082026_16k_production_4_seeds_4_sizes_20260818_pp_1p8_pc_2p2_cont_4p0_8p0,thm00173604,1.2412,0.0556,0.1000,0.8444
thm001736,15082026_16k_production_4_seeds_4_sizes_20260818_pp_1p8_pc_2p2_cont_4p0_8p0,thm00173605,1.1617,0.0556,0.1000,0.8444
thm001736,15082026_16k_production_4_seeds_4_sizes_20260818_pp_1p8_pc_2p2_cont_4p0_8p0,thm00173606,1.1406,0.0778,0.1000,0.8222
thm001736,15082026_16k_production_4_seeds_4_sizes_20260818_pp_1p8_pc_2p2_cont_4p0_8p0,thm00173607,1.1927,0.0556,0.0889,0.8556
thm001736,15082026_16k_production_4_seeds_4_sizes_20260818_pp_1p8_pc_2p2_cont_4p0_8p0,thm00173608,1.1761,0.0667,0.1000,0.8333
thm001736,15082026_16k_production_4_seeds_4_sizes_20260818_pp_1p8_pc_2p2_cont_4p0_8p0,thm00173609,1.1845,0.0556,0.0889,0.8556
thm001736,15082026_16k_production_4_seeds_4_sizes_20260818_pp_1p8_pc_2p2_cont_4p0_8p0,thm00173610,1.1277,0.0444,0.1111,0.8444
thm001736,15082026_16k_production_4_seeds_4_sizes_20260818_pp_1p8_pc_2p2_cont_4p0_8p0,thm00173611,1.1388,0.0778,0.0889,0.8333
thm001736,15082026_16k_production_4_seeds_4_sizes_20260818_pp_1p8_pc_2p2_cont_4p0_8p0,thm00173612,1.1491,0.0778,0.0889,0.8333
thm001736,15082026_16k_production_4_seeds_4_sizes_20260818_pp_1p8_pc_2p2_cont_4p0_8p0,thm00173613,1.1336,0.0556,0.1000,0.8444
thm001736,15082026_16k_production_4_seeds_4_sizes_20260818_pp_1p8_pc_2p2_cont_4p0_8p0,thm00173614,1.1974,0.0667,0.0778,0.8556
thm001736,15082026_16k_production_4_seeds_4_sizes_20260818_pp_1p8_pc_2p2_cont_4p0_8p0,thm00173615,1.1328,0.0556,0.0889,0.8556
thm001846,15082026_16k_production_4_seeds_4_sizes_20260818_pp_1p8_pc_2p2_cont_4p0_8p0,thm00184600,1.1583,0.0353,0.0471,0.9176
thm001846,15082026_16k_production_4_seeds_4_sizes_20260818_pp_1p8_pc_2p2_cont_4p0_8p0,thm00184601,1.1029,0.0471,0.0588,0.8941
thm001846,15082026_16k_production_4_seeds_4_sizes_20260818_pp_1p8_pc_2p2_cont_4p0_8p0,thm00184602,1.1934,0.0353,0.0471,0.9176
thm001846,15082026_16k_production_4_seeds_4_sizes_20260818_pp_1p8_pc_2p2_cont_4p0_8p0,thm00184603,1.0833,0.0353,0.0471,0.9176
thm001846,15082026_16k_production_4_seeds_4_sizes_20260818_pp_1p8_pc_2p2_cont_4p0_8p0,thm00184604,1.1918,0.0353,0.0471,0.9176
thm001846,15082026_16k_production_4_seeds_4_sizes_20260818_pp_1p8_pc_2p2_cont_4p0_8p0,thm00184605,1.2243,0.0353,0.0471,0.9176
thm001846,15082026_16k_production_4_seeds_4_sizes_20260818_pp_1p8_pc_2p2_cont_4p0_8p0,thm00184606,1.1645,0.0235,0.0588,0.9176
thm001846,15082026_16k_production_4_seeds_4_sizes_20260818_pp_1p8_pc_2p2_cont_4p0_8p0,thm00184607,1.2282,0.0353,0.0471,0.9176
thm001846,15082026_16k_production_4_seeds_4_sizes_20260818_pp_1p8_pc_2p2_cont_4p0_8p0,thm00184608,1.1284,0.0588,0.0588,0.8824
thm001846,15082026_16k_production_4_seeds_4_sizes_20260818_pp_1p8_pc_2p2_cont_4p0_8p0,thm00184609,1.1577,0.0353,0.0471,0.9176
thm001846,15082026_16k_production_4_seeds_4_sizes_20260818_pp_1p8_pc_2p2_cont_4p0_8p0,thm00184610,1.1016,0.0471,0.0471,0.9059
thm001846,15082026_16k_production_4_seeds_4_sizes_20260818_pp_1p8_pc_2p2_cont_4p0_8p0,thm00184611,1.1518,0.0353,0.0471,0.9176
thm001846,15082026_16k_production_4_seeds_4_sizes_20260818_pp_1p8_pc_2p2_cont_4p0_8p0,thm00184612,1.1425,0.0353,0.0588,0.9059
thm001846,15082026_16k_production_4_seeds_4_sizes_20260818_pp_1p8_pc_2p2_cont_4p0_8p0,thm00184613,1.1050,0.0353,0.0471,0.9176
thm001846,15082026_16k_production_4_seeds_4_sizes_20260818_pp_1p8_pc_2p2_cont_4p0_8p0,thm00184614,1.1533,0.0471,0.0706,0.8824
thm001846,15082026_16k_production_4_seeds_4_sizes_20260818_pp_1p8_pc_2p2_cont_4p0_8p0,thm00184615,1.1779,0.0235,0.0471,0.9294
thm001930,15082026_16k_production_4_seeds_4_sizes_20260818_pp_1p8_pc_2p2_cont_4p0_8p0,thm00193000,1.3104,0.0225,0.0449,0.9326
thm001930,15082026_16k_production_4_seeds_4_sizes_20260818_pp_1p8_pc_2p2_cont_4p0_8p0,thm00193001,1.3690,0.0112,0.0337,0.9551
thm001930,15082026_16k_production_4_seeds_4_sizes_20260818_pp_1p8_pc_2p2_cont_4p0_8p0,thm00193002,1.3582,0.0225,0.0449,0.9326
thm001930,15082026_16k_production_4_seeds_4_sizes_20260818_pp_1p8_pc_2p2_cont_4p0_8p0,thm00193003,1.3534,0.0225,0.0337,0.9438
thm001930,15082026_16k_production_4_seeds_4_sizes_20260818_pp_1p8_pc_2p2_cont_4p0_8p0,thm00193004,1.3304,0.0112,0.0225,0.9663
thm001930,15082026_16k_production_4_seeds_4_sizes_20260818_pp_1p8_pc_2p2_cont_4p0_8p0,thm00193005,1.3436,0.0337,0.0225,0.9438
thm001930,15082026_16k_production_4_seeds_4_sizes_20260818_pp_1p8_pc_2p2_cont_4p0_8p0,thm00193006,1.3523,0.0337,0.0225,0.9438
thm001930,15082026_16k_production_4_seeds_4_sizes_20260818_pp_1p8_pc_2p2_cont_4p0_8p0,thm00193007,1.3414,0.0112,0.0225,0.9663
thm001930,15082026_16k_production_4_seeds_4_sizes_20260818_pp_1p8_pc_2p2_cont_4p0_8p0,thm00193008,1.3438,0.0337,0.0225,0.9438
thm001930,15082026_16k_production_4_seeds_4_sizes_20260818_pp_1p8_pc_2p2_cont_4p0_8p0,thm00193009,1.3755,0.0337,0.0225,0.9438
thm001930,15082026_16k_production_4_seeds_4_sizes_20260818_pp_1p8_pc_2p2_cont_4p0_8p0,thm00193010,1.3535,0.0225,0.0337,0.9438
thm001930,15082026_16k_production_4_seeds_4_sizes_20260818_pp_1p8_pc_2p2_cont_4p0_8p0,thm00193011,1.3522,0.0225,0.0449,0.9326
thm001930,15082026_16k_production_4_seeds_4_sizes_20260818_pp_1p8_pc_2p2_cont_4p0_8p0,thm00193012,1.3774,0.0225,0.0449,0.9326
thm001930,15082026_16k_production_4_seeds_4_sizes_20260818_pp_1p8_pc_2p2_cont_4p0_8p0,thm00193013,1.3192,0.0112,0.0337,0.9551
thm001930,15082026_16k_production_4_seeds_4_sizes_20260818_pp_1p8_pc_2p2_cont_4p0_8p0,thm00193014,1.2011,0.0337,0.0337,0.9326
thm001930,15082026_16k_production_4_seeds_4_sizes_20260818_pp_1p8_pc_2p2_cont_4p0_8p0,thm00193015,1.3625,0.0225,0.0449,0.9326
thm001940,15082026_16k_production_4_seeds_4_sizes_20260818_pp_1p8_pc_2p2_cont_4p0_8p0,thm00194000,1.0957,0.0215,0.0645,0.9140
thm001940,15082026_16k_production_4_seeds_4_sizes_20260818_pp_1p8_pc_2p2_cont_4p0_8p0,thm00194001,1.1966,0.0323,0.0538,0.9140
thm001940,15082026_16k_production_4_seeds_4_sizes_20260818_pp_1p8_pc_2p2_cont_4p0_8p0,thm00194002,1.1591,0.0430,0.0538,0.9032
thm001940,15082026_16k_production_4_seeds_4_sizes_20260818_pp_1p8_pc_2p2_cont_4p0_8p0,thm00194003,1.0878,0.0323,0.0645,0.9032
thm001940,15082026_16k_production_4_seeds_4_sizes_20260818_pp_1p8_pc_2p2_cont_4p0_8p0,thm00194004,1.2290,0.0430,0.0538,0.9032
thm001940,15082026_16k_production_4_seeds_4_sizes_20260818_pp_1p8_pc_2p2_cont_4p0_8p0,thm00194005,1.1262,0.0430,0.0430,0.9140
thm001940,15082026_16k_production_4_seeds_4_sizes_20260818_pp_1p8_pc_2p2_cont_4p0_8p0,thm00194006,1.2816,0.0323,0.0430,0.9247
thm001940,15082026_16k_production_4_seeds_4_sizes_20260818_pp_1p8_pc_2p2_cont_4p0_8p0,thm00194007,1.1366,0.0323,0.0538,0.9140
thm001940,15082026_16k_production_4_seeds_4_sizes_20260818_pp_1p8_pc_2p2_cont_4p0_8p0,thm00194008,1.1808,0.0215,0.0538,0.9247
thm001940,15082026_16k_production_4_seeds_4_sizes_20260818_pp_1p8_pc_2p2_cont_4p0_8p0,thm00194009,1.0944,0.0430,0.0538,0.9032
thm001940,15082026_16k_production_4_seeds_4_sizes_20260818_pp_1p8_pc_2p2_cont_4p0_8p0,thm00194010,1.1931,0.0215,0.0645,0.9140
thm001940,15082026_16k_production_4_seeds_4_sizes_20260818_pp_1p8_pc_2p2_cont_4p0_8p0,thm00194011,1.1969,0.0215,0.0538,0.9247
thm001940,15082026_16k_production_4_seeds_4_sizes_20260818_pp_1p8_pc_2p2_cont_4p0_8p0,thm00194012,1.1061,0.0430,0.0538,0.9032
thm001940,15082026_16k_production_4_seeds_4_sizes_20260818_pp_1p8_pc_2p2_cont_4p0_8p0,thm00194013,1.1999,0.0430,0.0645,0.8925
thm001940,15082026_16k_production_4_seeds_4_sizes_20260818_pp_1p8_pc_2p2_cont_4p0_8p0,thm00194014,1.1491,0.0323,0.0430,0.9247
thm001940,15082026_16k_production_4_seeds_4_sizes_20260818_pp_1p8_pc_2p2_cont_4p0_8p0,thm00194015,1.1533,0.0323,0.0538,0.9140
thm001966,15082026_16k_production_4_seeds_4_sizes_20260818_pp_1p8_pc_2p2_cont_4p0_8p0,thm00196600,1.2619,0.1176,0.1078,0.7745
thm001966,15082026_16k_production_4_seeds_4_sizes_20260818_pp_1p8_pc_2p2_cont_4p0_8p0,thm00196601,1.2174,0.1275,0.1373,0.7353
thm001966,15082026_16k_production_4_seeds_4_sizes_20260818_pp_1p8_pc_2p2_cont_4p0_8p0,thm00196602,1.3502,0.1176,0.0980,0.7843
thm001966,15082026_16k_production_4_seeds_4_sizes_20260818_pp_1p8_pc_2p2_cont_4p0_8p0,thm00196603,1.3512,0.0784,0.0882,0.8333
thm001966,15082026_16k_production_4_seeds_4_sizes_20260818_pp_1p8_pc_2p2_cont_4p0_8p0,thm00196604,1.3646,0.0980,0.1078,0.7941
thm001966,15082026_16k_production_4_seeds_4_sizes_20260818_pp_1p8_pc_2p2_cont_4p0_8p0,thm00196605,1.3509,0.1176,0.0882,0.7941
thm001966,15082026_16k_production_4_seeds_4_sizes_20260818_pp_1p8_pc_2p2_cont_4p0_8p0,thm00196606,1.2295,0.1373,0.1471,0.7157
thm001966,15082026_16k_production_4_seeds_4_sizes_20260818_pp_1p8_pc_2p2_cont_4p0_8p0,thm00196607,1.2833,0.1176,0.1373,0.7451
thm001966,15082026_16k_production_4_seeds_4_sizes_20260818_pp_1p8_pc_2p2_cont_4p0_8p0,thm00196608,1.2910,0.1078,0.1275,0.7647
thm001966,15082026_16k_production_4_seeds_4_sizes_20260818_pp_1p8_pc_2p2_cont_4p0_8p0,thm00196609,1.2380,0.1373,0.1176,0.7451
thm001966,15082026_16k_production_4_seeds_4_sizes_20260818_pp_1p8_pc_2p2_cont_4p0_8p0,thm00196610,1.2070,0.1078,0.1373,0.7549
thm001966,15082026_16k_production_4_seeds_4_sizes_20260818_pp_1p8_pc_2p2_cont_4p0_8p0,thm00196611,1.2920,0.0882,0.1373,0.7745
thm001966,15082026_16k_production_4_seeds_4_sizes_20260818_pp_1p8_pc_2p2_cont_4p0_8p0,thm00196612,1.2498,0.1176,0.1078,0.7745
thm001966,15082026_16k_production_4_seeds_4_sizes_20260818_pp_1p8_pc_2p2_cont_4p0_8p0,thm00196613,1.2776,0.1373,0.1176,0.7451
thm001966,15082026_16k_production_4_seeds_4_sizes_20260818_pp_1p8_pc_2p2_cont_4p0_8p0,thm00196614,1.4008,0.0980,0.0784,0.8235
thm001966,15082026_16k_production_4_seeds_4_sizes_20260818_pp_1p8_pc_2p2_cont_4p0_8p0,thm00196615,1.4780,0.1176,0.0784,0.8039
thm001975,15082026_16k_production_4_seeds_4_sizes_20260818_pp_1p8_pc_2p2_cont_4p0_8p0,thm00197500,1.4691,0.0521,0.1250,0.8229
thm001975,15082026_16k_production_4_seeds_4_sizes_20260818_pp_1p8_pc_2p2_cont_4p0_8p0,thm00197501,1.4912,0.0417,0.1562,0.8021
thm001975,15082026_16k_production_4_seeds_4_sizes_20260818_pp_1p8_pc_2p2_cont_4p0_8p0,thm00197502,1.4660,0.0208,0.1667,0.8125
thm001975,15082026_16k_production_4_seeds_4_sizes_20260818_pp_1p8_pc_2p2_cont_4p0_8p0,thm00197503,1.4598,0.0625,0.1771,0.7604
thm001975,15082026_16k_production_4_seeds_4_sizes_20260818_pp_1p8_pc_2p2_cont_4p0_8p0,thm00197504,1.4636,0.0417,0.1667,0.7917
thm001975,15082026_16k_production_4_seeds_4_sizes_20260818_pp_1p8_pc_2p2_cont_4p0_8p0,thm00197505,1.4498,0.0521,0.1771,0.7708
thm001975,15082026_16k_production_4_seeds_4_sizes_20260818_pp_1p8_pc_2p2_cont_4p0_8p0,thm00197506,1.3385,0.1042,0.1979,0.6979
thm001975,15082026_16k_production_4_seeds_4_sizes_20260818_pp_1p8_pc_2p2_cont_4p0_8p0,thm00197507,1.3927,0.0625,0.1771,0.7604
thm001975,15082026_16k_production_4_seeds_4_sizes_20260818_pp_1p8_pc_2p2_cont_4p0_8p0,thm00197508,1.4232,0.0729,0.1667,0.7604
thm001975,15082026_16k_production_4_seeds_4_sizes_20260818_pp_1p8_pc_2p2_cont_4p0_8p0,thm00197509,1.4466,0.1042,0.1458,0.7500
thm001975,15082026_16k_production_4_seeds_4_sizes_20260818_pp_1p8_pc_2p2_cont_4p0_8p0,thm00197510,1.4431,0.0625,0.1562,0.7812
thm001975,15082026_16k_production_4_seeds_4_sizes_20260818_pp_1p8_pc_2p2_cont_4p0_8p0,thm00197511,1.5566,0.0625,0.1458,0.7917
thm001975,15082026_16k_production_4_seeds_4_sizes_20260818_pp_1p8_pc_2p2_cont_4p0_8p0,thm00197512,1.4988,0.0521,0.1667,0.7812
thm001975,15082026_16k_production_4_seeds_4_sizes_20260818_pp_1p8_pc_2p2_cont_4p0_8p0,thm00197513,1.4589,0.0312,0.1458,0.8229
thm001975,15082026_16k_production_4_seeds_4_sizes_20260818_pp_1p8_pc_2p2_cont_4p0_8p0,thm00197514,1.4622,0.0938,0.1354,0.7708
thm001975,15082026_16k_production_4_seeds_4_sizes_20260818_pp_1p8_pc_2p2_cont_4p0_8p0,thm00197515,1.3568,0.1354,0.1667,0.6979
thm001994,15082026_16k_production_4_seeds_4_sizes_20260818_pp_1p8_pc_2p2_cont_4p0_8p0,thm00199400,1.3640,0.0532,0.0426,0.9043
thm001994,15082026_16k_production_4_seeds_4_sizes_20260818_pp_1p8_pc_2p2_cont_4p0_8p0,thm00199401,1.3039,0.0532,0.0745,0.8723
thm001994,15082026_16k_production_4_seeds_4_sizes_20260818_pp_1p8_pc_2p2_cont_4p0_8p0,thm00199402,1.1773,0.1277,0.0957,0.7766
thm001994,15082026_16k_production_4_seeds_4_sizes_20260818_pp_1p8_pc_2p2_cont_4p0_8p0,thm00199403,1.2673,0.1064,0.0532,0.8404
thm001994,15082026_16k_production_4_seeds_4_sizes_20260818_pp_1p8_pc_2p2_cont_4p0_8p0,thm00199404,1.2889,0.0638,0.0851,0.8511
thm001994,15082026_16k_production_4_seeds_4_sizes_20260818_pp_1p8_pc_2p2_cont_4p0_8p0,thm00199405,1.2500,0.0957,0.0532,0.8511
thm001994,15082026_16k_production_4_seeds_4_sizes_20260818_pp_1p8_pc_2p2_cont_4p0_8p0,thm00199406,1.3190,0.0745,0.0426,0.8830
thm001994,15082026_16k_production_4_seeds_4_sizes_20260818_pp_1p8_pc_2p2_cont_4p0_8p0,thm00199407,1.1864,0.1596,0.0532,0.7872
thm001994,15082026_16k_production_4_seeds_4_sizes_20260818_pp_1p8_pc_2p2_cont_4p0_8p0,thm00199408,1.2972,0.0957,0.0745,0.8298
thm001994,15082026_16k_production_4_seeds_4_sizes_20260818_pp_1p8_pc_2p2_cont_4p0_8p0,thm00199409,1.2944,0.0851,0.0638,0.8511
thm001994,15082026_16k_production_4_seeds_4_sizes_20260818_pp_1p8_pc_2p2_cont_4p0_8p0,thm00199410,1.2482,0.0957,0.0638,0.8404
thm001994,15082026_16k_production_4_seeds_4_sizes_20260818_pp_1p8_pc_2p2_cont_4p0_8p0,thm00199411,1.3447,0.0426,0.0851,0.8723
thm001994,15082026_16k_production_4_seeds_4_sizes_20260818_pp_1p8_pc_2p2_cont_4p0_8p0,thm00199412,1.3269,0.0638,0.0319,0.9043
thm001994,15082026_16k_production_4_seeds_4_sizes_20260818_pp_1p8_pc_2p2_cont_4p0_8p0,thm00199413,1.2456,0.0957,0.0532,0.8511
thm001994,15082026_16k_production_4_seeds_4_sizes_20260818_pp_1p8_pc_2p2_cont_4p0_8p0,thm00199414,1.2238,0.1064,0.0957,0.7979
thm001994,15082026_16k_production_4_seeds_4_sizes_20260818_pp_1p8_pc_2p2_cont_4p0_8p0,thm00199415,1.2610,0.1170,0.0957,0.7872
thm002000,15082026_16k_production_4_seeds_4_sizes_20260818_pp_1p8_pc_2p2_cont_4p0_8p0,thm00200000,1.2555,0.0440,0.0989,0.8571
thm002000,15082026_16k_production_4_seeds_4_sizes_20260818_pp_1p8_pc_2p2_cont_4p0_8p0,thm00200001,1.2200,0.0549,0.0989,0.8462
thm002000,15082026_16k_production_4_seeds_4_sizes_20260818_pp_1p8_pc_2p2_cont_4p0_8p0,thm00200002,1.2959,0.0659,0.0989,0.8352
thm002000,15082026_16k_production_4_seeds_4_sizes_20260818_pp_1p8_pc_2p2_cont_4p0_8p0,thm00200003,1.2423,0.0769,0.0989,0.8242
thm002000,15082026_16k_production_4_seeds_4_sizes_20260818_pp_1p8_pc_2p2_cont_4p0_8p0,thm00200004,1.2144,0.0659,0.0989,0.8352
thm002000,15082026_16k_production_4_seeds_4_sizes_20260818_pp_1p8_pc_2p2_cont_4p0_8p0,thm00200005,1.3510,0.0879,0.0989,0.8132
thm002000,15082026_16k_production_4_seeds_4_sizes_20260818_pp_1p8_pc_2p2_cont_4p0_8p0,thm00200006,1.1728,0.0879,0.1099,0.8022
thm002000,15082026_16k_production_4_seeds_4_sizes_20260818_pp_1p8_pc_2p2_cont_4p0_8p0,thm00200007,1.1908,0.0769,0.1099,0.8132
thm002000,15082026_16k_production_4_seeds_4_sizes_20260818_pp_1p8_pc_2p2_cont_4p0_8p0,thm00200008,1.2105,0.0549,0.0989,0.8462
thm002000,15082026_16k_production_4_seeds_4_sizes_20260818_pp_1p8_pc_2p2_cont_4p0_8p0,thm00200009,1.2391,0.0549,0.0989,0.8462
thm002000,15082026_16k_production_4_seeds_4_sizes_20260818_pp_1p8_pc_2p2_cont_4p0_8p0,thm00200010,1.2695,0.0440,0.0989,0.8571
thm002000,15082026_16k_production_4_seeds_4_sizes_20260818_pp_1p8_pc_2p2_cont_4p0_8p0,thm00200011,1.2629,0.0440,0.0989,0.8571
thm002000,15082026_16k_production_4_seeds_4_sizes_20260818_pp_1p8_pc_2p2_cont_4p0_8p0,thm00200012,1.2318,0.0549,0.0989,0.8462
thm002000,15082026_16k_production_4_seeds_4_sizes_20260818_pp_1p8_pc_2p2_cont_4p0_8p0,thm00200013,1.1927,0.0549,0.1099,0.8352
thm002000,15082026_16k_production_4_seeds_4_sizes_20260818_pp_1p8_pc_2p2_cont_4p0_8p0,thm00200014,1.3020,0.0659,0.0989,0.8352
thm002000,15082026_16k_production_4_seeds_4_sizes_20260818_pp_1p8_pc_2p2_cont_4p0_8p0,thm00200015,1.2662,0.0440,0.0989,0.8571
ths000001,15082026_16k_production_4_seeds_4_sizes_20260818_pp_1p8_pc_2p2_cont_4p0_8p0,ths00000100,1.3699,0.0000,0.0444,0.9556
ths000001,15082026_16k_production_4_seeds_4_sizes_20260818_pp_1p8_pc_2p2_cont_4p0_8p0,ths00000101,1.3478,0.0000,0.0444,0.9556
ths000001,15082026_16k_production_4_seeds_4_sizes_20260818_pp_1p8_pc_2p2_cont_4p0_8p0,ths00000102,1.3595,0.0000,0.0556,0.9444
ths000001,15082026_16k_production_4_seeds_4_sizes_20260818_pp_1p8_pc_2p2_cont_4p0_8p0,ths00000103,1.4050,0.0000,0.0556,0.9444
ths000001,15082026_16k_production_4_seeds_4_sizes_20260818_pp_1p8_pc_2p2_cont_4p0_8p0,ths00000104,1.3092,0.0000,0.0556,0.9444
ths000001,15082026_16k_production_4_seeds_4_sizes_20260818_pp_1p8_pc_2p2_cont_4p0_8p0,ths00000105,1.3660,0.0000,0.0444,0.9556
ths000001,15082026_16k_production_4_seeds_4_sizes_20260818_pp_1p8_pc_2p2_cont_4p0_8p0,ths00000106,1.3656,0.0000,0.0444,0.9556
ths000001,15082026_16k_production_4_seeds_4_sizes_20260818_pp_1p8_pc_2p2_cont_4p0_8p0,ths00000107,1.3661,0.0000,0.0556,0.9444
ths000001,15082026_16k_production_4_seeds_4_sizes_20260818_pp_1p8_pc_2p2_cont_4p0_8p0,ths00000108,1.2909,0.0111,0.0556,0.9333
ths000001,15082026_16k_production_4_seeds_4_sizes_20260818_pp_1p8_pc_2p2_cont_4p0_8p0,ths00000109,1.3307,0.0000,0.0444,0.9556
ths000001,15082026_16k_production_4_seeds_4_sizes_20260818_pp_1p8_pc_2p2_cont_4p0_8p0,ths00000110,1.2895,0.0111,0.0556,0.9333
ths000001,15082026_16k_production_4_seeds_4_sizes_20260818_pp_1p8_pc_2p2_cont_4p0_8p0,ths00000111,1.3089,0.0000,0.0556,0.9444
ths000001,15082026_16k_production_4_seeds_4_sizes_20260818_pp_1p8_pc_2p2_cont_4p0_8p0,ths00000112,1.3574,0.0111,0.0444,0.9444
ths000001,15082026_16k_production_4_seeds_4_sizes_20260818_pp_1p8_pc_2p2_cont_4p0_8p0,ths00000113,1.3797,0.0000,0.0556,0.9444
ths000001,15082026_16k_production_4_seeds_4_sizes_20260818_pp_1p8_pc_2p2_cont_4p0_8p0,ths00000114,1.3329,0.0000,0.0556,0.9444
ths000001,15082026_16k_production_4_seeds_4_sizes_20260818_pp_1p8_pc_2p2_cont_4p0_8p0,ths00000115,1.3351,0.0111,0.0556,0.9333
ths000006,15082026_16k_production_4_seeds_4_sizes_20260818_pp_1p8_pc_2p2_cont_4p0_8p0,ths00000600,1.1356,0.0449,0.0674,0.8876
ths000006,15082026_16k_production_4_seeds_4_sizes_20260818_pp_1p8_pc_2p2_cont_4p0_8p0,ths00000601,1.0711,0.0337,0.0787,0.8876
ths000006,15082026_16k_production_4_seeds_4_sizes_20260818_pp_1p8_pc_2p2_cont_4p0_8p0,ths00000602,1.1347,0.0337,0.0674,0.8989
ths000006,15082026_16k_production_4_seeds_4_sizes_20260818_pp_1p8_pc_2p2_cont_4p0_8p0,ths00000603,1.1571,0.0449,0.0787,0.8764
ths000006,15082026_16k_production_4_seeds_4_sizes_20260818_pp_1p8_pc_2p2_cont_4p0_8p0,ths00000604,1.1946,0.0337,0.0674,0.8989
ths000006,15082026_16k_production_4_seeds_4_sizes_20260818_pp_1p8_pc_2p2_cont_4p0_8p0,ths00000605,1.1660,0.0337,0.0674,0.8989
ths000006,15082026_16k_production_4_seeds_4_sizes_20260818_pp_1p8_pc_2p2_cont_4p0_8p0,ths00000606,1.1505,0.0225,0.0899,0.8876
ths000006,15082026_16k_production_4_seeds_4_sizes_20260818_pp_1p8_pc_2p2_cont_4p0_8p0,ths00000607,1.1748,0.0225,0.0787,0.8989
ths000006,15082026_16k_production_4_seeds_4_sizes_20260818_pp_1p8_pc_2p2_cont_4p0_8p0,ths00000608,1.2269,0.0225,0.0674,0.9101
ths000006,15082026_16k_production_4_seeds_4_sizes_20260818_pp_1p8_pc_2p2_cont_4p0_8p0,ths00000609,1.2827,0.0225,0.0787,0.8989
ths000006,15082026_16k_production_4_seeds_4_sizes_20260818_pp_1p8_pc_2p2_cont_4p0_8p0,ths00000610,1.1360,0.0112,0.0787,0.9101
ths000006,15082026_16k_production_4_seeds_4_sizes_20260818_pp_1p8_pc_2p2_cont_4p0_8p0,ths00000611,1.1630,0.0225,0.0674,0.9101
ths000006,15082026_16k_production_4_seeds_4_sizes_20260818_pp_1p8_pc_2p2_cont_4p0_8p0,ths00000612,1.1638,0.0112,0.0899,0.8989
ths000006,15082026_16k_production_4_seeds_4_sizes_20260818_pp_1p8_pc_2p2_cont_4p0_8p0,ths00000613,1.1724,0.0225,0.0674,0.9101
ths000006,15082026_16k_production_4_seeds_4_sizes_20260818_pp_1p8_pc_2p2_cont_4p0_8p0,ths00000614,1.1485,0.0112,0.0787,0.9101
ths000006,15082026_16k_production_4_seeds_4_sizes_20260818_pp_1p8_pc_2p2_cont_4p0_8p0,ths00000615,1.0880,0.0112,0.0899,0.8989
ths000020,15082026_16k_production_4_seeds_4_sizes_20260818_pp_1p8_pc_2p2_cont_4p0_8p0,ths00002000,1.2322,0.0933,0.0533,0.8533
ths000020,15082026_16k_production_4_seeds_4_sizes_20260818_pp_1p8_pc_2p2_cont_4p0_8p0,ths00002001,1.3110,0.0800,0.0533,0.8667
ths000020,15082026_16k_production_4_seeds_4_sizes_20260818_pp_1p8_pc_2p2_cont_4p0_8p0,ths00002002,1.2761,0.0667,0.0533,0.8800
ths000020,15082026_16k_production_4_seeds_4_sizes_20260818_pp_1p8_pc_2p2_cont_4p0_8p0,ths00002003,1.2997,0.0667,0.0533,0.8800
ths000020,15082026_16k_production_4_seeds_4_sizes_20260818_pp_1p8_pc_2p2_cont_4p0_8p0,ths00002004,1.2385,0.0667,0.0533,0.8800
ths000020,15082026_16k_production_4_seeds_4_sizes_20260818_pp_1p8_pc_2p2_cont_4p0_8p0,ths00002005,1.3712,0.0800,0.0800,0.8400
ths000020,15082026_16k_production_4_seeds_4_sizes_20260818_pp_1p8_pc_2p2_cont_4p0_8p0,ths00002006,1.4080,0.0667,0.0667,0.8667
ths000020,15082026_16k_production_4_seeds_4_sizes_20260818_pp_1p8_pc_2p2_cont_4p0_8p0,ths00002007,1.3203,0.0667,0.0533,0.8800
ths000020,15082026_16k_production_4_seeds_4_sizes_20260818_pp_1p8_pc_2p2_cont_4p0_8p0,ths00002008,1.3402,0.0533,0.0667,0.8800
ths000020,15082026_16k_production_4_seeds_4_sizes_20260818_pp_1p8_pc_2p2_cont_4p0_8p0,ths00002009,1.4518,0.0400,0.0533,0.9067
ths000020,15082026_16k_production_4_seeds_4_sizes_20260818_pp_1p8_pc_2p2_cont_4p0_8p0,ths00002010,1.2535,0.0533,0.0667,0.8800
ths000020,15082026_16k_production_4_seeds_4_sizes_20260818_pp_1p8_pc_2p2_cont_4p0_8p0,ths00002011,1.3416,0.0533,0.0533,0.8933
ths000020,15082026_16k_production_4_seeds_4_sizes_20260818_pp_1p8_pc_2p2_cont_4p0_8p0,ths00002012,1.2347,0.0533,0.0800,0.8667
ths000020,15082026_16k_production_4_seeds_4_sizes_20260818_pp_1p8_pc_2p2_cont_4p0_8p0,ths00002013,1.2689,0.0800,0.0667,0.8533
ths000020,15082026_16k_production_4_seeds_4_sizes_20260818_pp_1p8_pc_2p2_cont_4p0_8p0,ths00002014,1.2743,0.0667,0.0533,0.8800
ths000020,15082026_16k_production_4_seeds_4_sizes_20260818_pp_1p8_pc_2p2_cont_4p0_8p0,ths00002015,1.3043,0.0667,0.0800,0.8533
ths000030,15082026_16k_production_4_seeds_4_sizes_20260818_pp_1p8_pc_2p2_cont_4p0_8p0,ths00003000,1.3389,0.0824,0.0824,0.8353
ths000030,15082026_16k_production_4_seeds_4_sizes_20260818_pp_1p8_pc_2p2_cont_4p0_8p0,ths00003001,1.2424,0.0706,0.0941,0.8353
ths000030,15082026_16k_production_4_seeds_4_sizes_20260818_pp_1p8_pc_2p2_cont_4p0_8p0,ths00003002,1.3599,0.0471,0.0706,0.8824
ths000030,15082026_16k_production_4_seeds_4_sizes_20260818_pp_1p8_pc_2p2_cont_4p0_8p0,ths00003003,1.2345,0.0471,0.1059,0.8471
ths000030,15082026_16k_production_4_seeds_4_sizes_20260818_pp_1p8_pc_2p2_cont_4p0_8p0,ths00003004,1.2610,0.0588,0.0824,0.8588
ths000030,15082026_16k_production_4_seeds_4_sizes_20260818_pp_1p8_pc_2p2_cont_4p0_8p0,ths00003005,1.2797,0.0588,0.0941,0.8471
ths000030,15082026_16k_production_4_seeds_4_sizes_20260818_pp_1p8_pc_2p2_cont_4p0_8p0,ths00003006,1.2996,0.0471,0.1059,0.8471
ths000030,15082026_16k_production_4_seeds_4_sizes_20260818_pp_1p8_pc_2p2_cont_4p0_8p0,ths00003007,1.3121,0.0471,0.1059,0.8471
ths000030,15082026_16k_production_4_seeds_4_sizes_20260818_pp_1p8_pc_2p2_cont_4p0_8p0,ths00003008,1.3145,0.0471,0.0941,0.8588
ths000030,15082026_16k_production_4_seeds_4_sizes_20260818_pp_1p8_pc_2p2_cont_4p0_8p0,ths00003009,1.2594,0.0706,0.0941,0.8353
ths000030,15082026_16k_production_4_seeds_4_sizes_20260818_pp_1p8_pc_2p2_cont_4p0_8p0,ths00003010,1.3128,0.0471,0.0706,0.8824
ths000030,15082026_16k_production_4_seeds_4_sizes_20260818_pp_1p8_pc_2p2_cont_4p0_8p0,ths00003011,1.2694,0.0588,0.0824,0.8588
ths000030,15082026_16k_production_4_seeds_4_sizes_20260818_pp_1p8_pc_2p2_cont_4p0_8p0,ths00003012,1.2223,0.0706,0.1059,0.8235
ths000030,15082026_16k_production_4_seeds_4_sizes_20260818_pp_1p8_pc_2p2_cont_4p0_8p0,ths00003013,1.1588,0.0706,0.0941,0.8353
ths000030,15082026_16k_production_4_seeds_4_sizes_20260818_pp_1p8_pc_2p2_cont_4p0_8p0,ths00003014,1.3012,0.0706,0.0824,0.8471
ths000030,15082026_16k_production_4_seeds_4_sizes_20260818_pp_1p8_pc_2p2_cont_4p0_8p0,ths00003015,1.2405,0.0706,0.0706,0.8588
ths000053,15082026_16k_production_4_seeds_4_sizes_20260818_pp_1p8_pc_2p2_cont_4p0_8p0,ths00005300,1.2777,0.1081,0.0405,0.8514
ths000053,15082026_16k_production_4_seeds_4_sizes_20260818_pp_1p8_pc_2p2_cont_4p0_8p0,ths00005301,1.2866,0.1216,0.0541,0.8243
ths000053,15082026_16k_production_4_seeds_4_sizes_20260818_pp_1p8_pc_2p2_cont_4p0_8p0,ths00005302,1.1981,0.1081,0.0676,0.8243
ths000053,15082026_16k_production_4_seeds_4_sizes_20260818_pp_1p8_pc_2p2_cont_4p0_8p0,ths00005303,1.2509,0.0946,0.0676,0.8378
ths000053,15082026_16k_production_4_seeds_4_sizes_20260818_pp_1p8_pc_2p2_cont_4p0_8p0,ths00005304,1.2139,0.0946,0.0676,0.8378
ths000053,15082026_16k_production_4_seeds_4_sizes_20260818_pp_1p8_pc_2p2_cont_4p0_8p0,ths00005305,1.3401,0.1081,0.0405,0.8514
ths000053,15082026_16k_production_4_seeds_4_sizes_20260818_pp_1p8_pc_2p2_cont_4p0_8p0,ths00005306,1.3048,0.1216,0.0541,0.8243
ths000053,15082026_16k_production_4_seeds_4_sizes_20260818_pp_1p8_pc_2p2_cont_4p0_8p0,ths00005307,1.2475,0.0811,0.0541,0.8649
ths000053,15082026_16k_production_4_seeds_4_sizes_20260818_pp_1p8_pc_2p2_cont_4p0_8p0,ths00005308,1.2838,0.1351,0.0541,0.8108
ths000053,15082026_16k_production_4_seeds_4_sizes_20260818_pp_1p8_pc_2p2_cont_4p0_8p0,ths00005309,1.1605,0.1081,0.0811,0.8108
ths000053,15082026_16k_production_4_seeds_4_sizes_20260818_pp_1p8_pc_2p2_cont_4p0_8p0,ths00005310,1.1409,0.1757,0.0541,0.7703
ths000053,15082026_16k_production_4_seeds_4_sizes_20260818_pp_1p8_pc_2p2_cont_4p0_8p0,ths00005311,1.1520,0.0946,0.0811,0.8243
ths000053,15082026_16k_production_4_seeds_4_sizes_20260818_pp_1p8_pc_2p2_cont_4p0_8p0,ths00005312,1.2734,0.0946,0.0676,0.8378
ths000053,15082026_16k_production_4_seeds_4_sizes_20260818_pp_1p8_pc_2p2_cont_4p0_8p0,ths00005313,1.2448,0.0946,0.0541,0.8514
ths000053,15082026_16k_production_4_seeds_4_sizes_20260818_pp_1p8_pc_2p2_cont_4p0_8p0,ths00005314,1.2346,0.1351,0.0541,0.8108
ths000053,15082026_16k_production_4_seeds_4_sizes_20260818_pp_1p8_pc_2p2_cont_4p0_8p0,ths00005315,1.2702,0.0946,0.0541,0.8514
ths000059,15082026_16k_production_4_seeds_4_sizes_20260818_pp_1p8_pc_2p2_cont_4p0_8p0,ths00005900,1.2701,0.0676,0.0946,0.8378
ths000059,15082026_16k_production_4_seeds_4_sizes_20260818_pp_1p8_pc_2p2_cont_4p0_8p0,ths00005901,1.3313,0.0811,0.1081,0.8108
ths000059,15082026_16k_production_4_seeds_4_sizes_20260818_pp_1p8_pc_2p2_cont_4p0_8p0,ths00005902,1.2468,0.1216,0.0676,0.8108
ths000059,15082026_16k_production_4_seeds_4_sizes_20260818_pp_1p8_pc_2p2_cont_4p0_8p0,ths00005903,1.1786,0.0676,0.0946,0.8378
ths000059,15082026_16k_production_4_seeds_4_sizes_20260818_pp_1p8_pc_2p2_cont_4p0_8p0,ths00005904,1.2087,0.0811,0.0811,0.8378
ths000059,15082026_16k_production_4_seeds_4_sizes_20260818_pp_1p8_pc_2p2_cont_4p0_8p0,ths00005905,1.2461,0.0541,0.0946,0.8514
ths000059,15082026_16k_production_4_seeds_4_sizes_20260818_pp_1p8_pc_2p2_cont_4p0_8p0,ths00005906,1.1742,0.1216,0.0676,0.8108
ths000059,15082026_16k_production_4_seeds_4_sizes_20260818_pp_1p8_pc_2p2_cont_4p0_8p0,ths00005907,1.2545,0.0946,0.0811,0.8243
ths000059,15082026_16k_production_4_seeds_4_sizes_20260818_pp_1p8_pc_2p2_cont_4p0_8p0,ths00005908,1.2560,0.0405,0.1081,0.8514
ths000059,15082026_16k_production_4_seeds_4_sizes_20260818_pp_1p8_pc_2p2_cont_4p0_8p0,ths00005909,1.2179,0.0811,0.0811,0.8378
ths000059,15082026_16k_production_4_seeds_4_sizes_20260818_pp_1p8_pc_2p2_cont_4p0_8p0,ths00005910,1.3338,0.0676,0.0946,0.8378
ths000059,15082026_16k_production_4_seeds_4_sizes_20260818_pp_1p8_pc_2p2_cont_4p0_8p0,ths00005911,1.1502,0.0811,0.0811,0.8378
ths000059,15082026_16k_production_4_seeds_4_sizes_20260818_pp_1p8_pc_2p2_cont_4p0_8p0,ths00005912,1.1264,0.1081,0.0811,0.8108
ths000059,15082026_16k_production_4_seeds_4_sizes_20260818_pp_1p8_pc_2p2_cont_4p0_8p0,ths00005913,1.2224,0.0811,0.1081,0.8108
ths000059,15082026_16k_production_4_seeds_4_sizes_20260818_pp_1p8_pc_2p2_cont_4p0_8p0,ths00005914,1.1792,0.0811,0.0811,0.8378
ths000059,15082026_16k_production_4_seeds_4_sizes_20260818_pp_1p8_pc_2p2_cont_4p0_8p0,ths00005915,1.2752,0.0676,0.0946,0.8378
ths000071,15082026_16k_production_4_seeds_4_sizes_20260818_pp_1p8_pc_2p2_cont_4p0_8p0,ths00007100,1.4993,0.0122,0.0366,0.9512
ths000071,15082026_16k_production_4_seeds_4_sizes_20260818_pp_1p8_pc_2p2_cont_4p0_8p0,ths00007101,1.4172,0.0366,0.0610,0.9024
ths000071,15082026_16k_production_4_seeds_4_sizes_20260818_pp_1p8_pc_2p2_cont_4p0_8p0,ths00007102,1.3804,0.0244,0.0366,0.9390
ths000071,15082026_16k_production_4_seeds_4_sizes_20260818_pp_1p8_pc_2p2_cont_4p0_8p0,ths00007103,1.2591,0.0244,0.0488,0.9268
ths000071,15082026_16k_production_4_seeds_4_sizes_20260818_pp_1p8_pc_2p2_cont_4p0_8p0,ths00007104,1.4113,0.0244,0.0610,0.9146
ths000071,15082026_16k_production_4_seeds_4_sizes_20260818_pp_1p8_pc_2p2_cont_4p0_8p0,ths00007105,1.4334,0.0244,0.0488,0.9268
ths000071,15082026_16k_production_4_seeds_4_sizes_20260818_pp_1p8_pc_2p2_cont_4p0_8p0,ths00007106,1.3288,0.0122,0.0732,0.9146
ths000071,15082026_16k_production_4_seeds_4_sizes_20260818_pp_1p8_pc_2p2_cont_4p0_8p0,ths00007107,1.2993,0.0244,0.0732,0.9024
ths000071,15082026_16k_production_4_seeds_4_sizes_20260818_pp_1p8_pc_2p2_cont_4p0_8p0,ths00007108,1.3477,0.0244,0.0732,0.9024
ths000071,15082026_16k_production_4_seeds_4_sizes_20260818_pp_1p8_pc_2p2_cont_4p0_8p0,ths00007109,1.3062,0.0122,0.0488,0.9390
ths000071,15082026_16k_production_4_seeds_4_sizes_20260818_pp_1p8_pc_2p2_cont_4p0_8p0,ths00007110,1.2619,0.0122,0.0366,0.9512
ths000071,15082026_16k_production_4_seeds_4_sizes_20260818_pp_1p8_pc_2p2_cont_4p0_8p0,ths00007111,1.2941,0.0122,0.0732,0.9146
ths000071,15082026_16k_production_4_seeds_4_sizes_20260818_pp_1p8_pc_2p2_cont_4p0_8p0,ths00007112,1.4345,0.0244,0.0488,0.9268
ths000071,15082026_16k_production_4_seeds_4_sizes_20260818_pp_1p8_pc_2p2_cont_4p0_8p0,ths00007113,1.3942,0.0122,0.0732,0.9146
ths000071,15082026_16k_production_4_seeds_4_sizes_20260818_pp_1p8_pc_2p2_cont_4p0_8p0,ths00007114,1.3690,0.0244,0.0488,0.9268
ths000071,15082026_16k_production_4_seeds_4_sizes_20260818_pp_1p8_pc_2p2_cont_4p0_8p0,ths00007115,1.3013,0.0244,0.0610,0.9146
ths000075,15082026_16k_production_4_seeds_4_sizes_20260818_pp_1p8_pc_2p2_cont_4p0_8p0,ths00007500,1.1362,0.0667,0.1067,0.8267
ths000075,15082026_16k_production_4_seeds_4_sizes_20260818_pp_1p8_pc_2p2_cont_4p0_8p0,ths00007501,1.2087,0.0800,0.1067,0.8133
ths000075,15082026_16k_production_4_seeds_4_sizes_20260818_pp_1p8_pc_2p2_cont_4p0_8p0,ths00007502,1.1788,0.0400,0.0933,0.8667
ths000075,15082026_16k_production_4_seeds_4_sizes_20260818_pp_1p8_pc_2p2_cont_4p0_8p0,ths00007503,1.2073,0.0800,0.0933,0.8267
ths000075,15082026_16k_production_4_seeds_4_sizes_20260818_pp_1p8_pc_2p2_cont_4p0_8p0,ths00007504,1.2735,0.0533,0.1067,0.8400
ths000075,15082026_16k_production_4_seeds_4_sizes_20260818_pp_1p8_pc_2p2_cont_4p0_8p0,ths00007505,1.1527,0.0667,0.0933,0.8400
ths000075,15082026_16k_production_4_seeds_4_sizes_20260818_pp_1p8_pc_2p2_cont_4p0_8p0,ths00007506,1.0947,0.0800,0.1067,0.8133
ths000075,15082026_16k_production_4_seeds_4_sizes_20260818_pp_1p8_pc_2p2_cont_4p0_8p0,ths00007507,1.1258,0.0800,0.1200,0.8000
ths000075,15082026_16k_production_4_seeds_4_sizes_20260818_pp_1p8_pc_2p2_cont_4p0_8p0,ths00007508,1.1352,0.0800,0.1067,0.8133
ths000075,15082026_16k_production_4_seeds_4_sizes_20260818_pp_1p8_pc_2p2_cont_4p0_8p0,ths00007509,1.1436,0.0667,0.0933,0.8400
ths000075,15082026_16k_production_4_seeds_4_sizes_20260818_pp_1p8_pc_2p2_cont_4p0_8p0,ths00007510,1.1965,0.0933,0.1067,0.8000
ths000075,15082026_16k_production_4_seeds_4_sizes_20260818_pp_1p8_pc_2p2_cont_4p0_8p0,ths00007511,1.2203,0.0800,0.1067,0.8133
ths000075,15082026_16k_production_4_seeds_4_sizes_20260818_pp_1p8_pc_2p2_cont_4p0_8p0,ths00007512,1.2216,0.0933,0.1067,0.8000
ths000075,15082026_16k_production_4_seeds_4_sizes_20260818_pp_1p8_pc_2p2_cont_4p0_8p0,ths00007513,1.1914,0.0533,0.1067,0.8400
ths000075,15082026_16k_production_4_seeds_4_sizes_20260818_pp_1p8_pc_2p2_cont_4p0_8p0,ths00007514,1.1421,0.0533,0.1067,0.8400
ths000075,15082026_16k_production_4_seeds_4_sizes_20260818_pp_1p8_pc_2p2_cont_4p0_8p0,ths00007515,1.1510,0.0533,0.1200,0.8267
ths000096,15082026_16k_production_4_seeds_4_sizes_20260818_pp_1p8_pc_2p2_cont_4p0_8p0,ths00009600,1.2475,0.0506,0.1139,0.8354
ths000096,15082026_16k_production_4_seeds_4_sizes_20260818_pp_1p8_pc_2p2_cont_4p0_8p0,ths00009601,1.2304,0.0380,0.1013,0.8608
ths000096,15082026_16k_production_4_seeds_4_sizes_20260818_pp_1p8_pc_2p2_cont_4p0_8p0,ths00009602,1.2061,0.0380,0.1139,0.8481
ths000096,15082026_16k_production_4_seeds_4_sizes_20260818_pp_1p8_pc_2p2_cont_4p0_8p0,ths00009603,1.1807,0.0759,0.1013,0.8228
ths000096,15082026_16k_production_4_seeds_4_sizes_20260818_pp_1p8_pc_2p2_cont_4p0_8p0,ths00009604,1.2300,0.0633,0.1139,0.8228
ths000096,15082026_16k_production_4_seeds_4_sizes_20260818_pp_1p8_pc_2p2_cont_4p0_8p0,ths00009605,1.1564,0.0506,0.1013,0.8481
ths000096,15082026_16k_production_4_seeds_4_sizes_20260818_pp_1p8_pc_2p2_cont_4p0_8p0,ths00009606,1.2916,0.0633,0.1013,0.8354
ths000096,15082026_16k_production_4_seeds_4_sizes_20260818_pp_1p8_pc_2p2_cont_4p0_8p0,ths00009607,1.2202,0.0506,0.1013,0.8481
ths000096,15082026_16k_production_4_seeds_4_sizes_20260818_pp_1p8_pc_2p2_cont_4p0_8p0,ths00009608,1.2117,0.0506,0.1013,0.8481
ths000096,15082026_16k_production_4_seeds_4_sizes_20260818_pp_1p8_pc_2p2_cont_4p0_8p0,ths00009609,1.2786,0.0380,0.1013,0.8608
ths000096,15082026_16k_production_4_seeds_4_sizes_20260818_pp_1p8_pc_2p2_cont_4p0_8p0,ths00009610,1.2672,0.0380,0.1139,0.8481
ths000096,15082026_16k_production_4_seeds_4_sizes_20260818_pp_1p8_pc_2p2_cont_4p0_8p0,ths00009611,1.1780,0.0886,0.1139,0.7975
ths000096,15082026_16k_production_4_seeds_4_sizes_20260818_pp_1p8_pc_2p2_cont_4p0_8p0,ths00009612,1.3040,0.0506,0.1139,0.8354
ths000096,15082026_16k_production_4_seeds_4_sizes_20260818_pp_1p8_pc_2p2_cont_4p0_8p0,ths00009613,1.3643,0.0506,0.1139,0.8354
ths000096,15082026_16k_production_4_seeds_4_sizes_20260818_pp_1p8_pc_2p2_cont_4p0_8p0,ths00009614,1.2924,0.0633,0.1013,0.8354
ths000096,15082026_16k_production_4_seeds_4_sizes_20260818_pp_1p8_pc_2p2_cont_4p0_8p0,ths00009615,1.3521,0.0506,0.0886,0.8608
ths000111,15082026_16k_production_4_seeds_4_sizes_20260818_pp_1p8_pc_2p2_cont_4p0_8p0,ths00011100,1.1930,0.0286,0.0857,0.8857
ths000111,15082026_16k_production_4_seeds_4_sizes_20260818_pp_1p8_pc_2p2_cont_4p0_8p0,ths00011101,1.0824,0.0429,0.1143,0.8429
ths000111,15082026_16k_production_4_seeds_4_sizes_20260818_pp_1p8_pc_2p2_cont_4p0_8p0,ths00011102,1.1414,0.0571,0.1000,0.8429
ths000111,15082026_16k_production_4_seeds_4_sizes_20260818_pp_1p8_pc_2p2_cont_4p0_8p0,ths00011103,1.1787,0.0143,0.1143,0.8714
ths000111,15082026_16k_production_4_seeds_4_sizes_20260818_pp_1p8_pc_2p2_cont_4p0_8p0,ths00011104,1.1324,0.0429,0.0857,0.8714
ths000111,15082026_16k_production_4_seeds_4_sizes_20260818_pp_1p8_pc_2p2_cont_4p0_8p0,ths00011105,1.1242,0.0429,0.1143,0.8429
ths000111,15082026_16k_production_4_seeds_4_sizes_20260818_pp_1p8_pc_2p2_cont_4p0_8p0,ths00011106,1.1624,0.0429,0.1000,0.8571
ths000111,15082026_16k_production_4_seeds_4_sizes_20260818_pp_1p8_pc_2p2_cont_4p0_8p0,ths00011107,1.0982,0.0571,0.1000,0.8429
ths000111,15082026_16k_production_4_seeds_4_sizes_20260818_pp_1p8_pc_2p2_cont_4p0_8p0,ths00011108,1.0903,0.0571,0.0857,0.8571
ths000111,15082026_16k_production_4_seeds_4_sizes_20260818_pp_1p8_pc_2p2_cont_4p0_8p0,ths00011109,1.0363,0.0571,0.1143,0.8286
ths000111,15082026_16k_production_4_seeds_4_sizes_20260818_pp_1p8_pc_2p2_cont_4p0_8p0,ths00011110,1.1417,0.0429,0.1000,0.8571
ths000111,15082026_16k_production_4_seeds_4_sizes_20260818_pp_1p8_pc_2p2_cont_4p0_8p0,ths00011111,1.1836,0.0714,0.1143,0.8143
ths000111,15082026_16k_production_4_seeds_4_sizes_20260818_pp_1p8_pc_2p2_cont_4p0_8p0,ths00011112,1.2088,0.0286,0.0857,0.8857
ths000111,15082026_16k_production_4_seeds_4_sizes_20260818_pp_1p8_pc_2p2_cont_4p0_8p0,ths00011113,1.1469,0.0571,0.1143,0.8286
ths000111,15082026_16k_production_4_seeds_4_sizes_20260818_pp_1p8_pc_2p2_cont_4p0_8p0,ths00011114,1.1282,0.0429,0.1000,0.8571
ths000111,15082026_16k_production_4_seeds_4_sizes_20260818_pp_1p8_pc_2p2_cont_4p0_8p0,ths00011115,1.0888,0.0714,0.1000,0.8286
ths000163,15082026_16k_production_4_seeds_4_sizes_20260818_pp_1p8_pc_2p2_cont_4p0_8p0,ths00016300,1.2464,0.0238,0.0357,0.9405
ths000163,15082026_16k_production_4_seeds_4_sizes_20260818_pp_1p8_pc_2p2_cont_4p0_8p0,ths00016301,1.1425,0.0119,0.0357,0.9524
ths000163,15082026_16k_production_4_seeds_4_sizes_20260818_pp_1p8_pc_2p2_cont_4p0_8p0,ths00016302,1.1323,0.0119,0.0357,0.9524
ths000163,15082026_16k_production_4_seeds_4_sizes_20260818_pp_1p8_pc_2p2_cont_4p0_8p0,ths00016303,1.1697,0.0238,0.0357,0.9405
ths000163,15082026_16k_production_4_seeds_4_sizes_20260818_pp_1p8_pc_2p2_cont_4p0_8p0,ths00016304,1.1329,0.0238,0.0357,0.9405
ths000163,15082026_16k_production_4_seeds_4_sizes_20260818_pp_1p8_pc_2p2_cont_4p0_8p0,ths00016305,1.2999,0.0238,0.0357,0.9405
ths000163,15082026_16k_production_4_seeds_4_sizes_20260818_pp_1p8_pc_2p2_cont_4p0_8p0,ths00016306,1.2059,0.0357,0.0238,0.9405
ths000163,15082026_16k_production_4_seeds_4_sizes_20260818_pp_1p8_pc_2p2_cont_4p0_8p0,ths00016307,1.2531,0.0000,0.0357,0.9643
ths000163,15082026_16k_production_4_seeds_4_sizes_20260818_pp_1p8_pc_2p2_cont_4p0_8p0,ths00016308,1.1197,0.0119,0.0357,0.9524
ths000163,15082026_16k_production_4_seeds_4_sizes_20260818_pp_1p8_pc_2p2_cont_4p0_8p0,ths00016309,1.2223,0.0119,0.0357,0.9524
ths000163,15082026_16k_production_4_seeds_4_sizes_20260818_pp_1p8_pc_2p2_cont_4p0_8p0,ths00016310,1.1827,0.0238,0.0357,0.9405
ths000163,15082026_16k_production_4_seeds_4_sizes_20260818_pp_1p8_pc_2p2_cont_4p0_8p0,ths00016311,1.2209,0.0119,0.0357,0.9524
ths000163,15082026_16k_production_4_seeds_4_sizes_20260818_pp_1p8_pc_2p2_cont_4p0_8p0,ths00016312,1.2582,0.0000,0.0357,0.9643
ths000163,15082026_16k_production_4_seeds_4_sizes_20260818_pp_1p8_pc_2p2_cont_4p0_8p0,ths00016313,1.2121,0.0119,0.0357,0.9524
ths000163,15082026_16k_production_4_seeds_4_sizes_20260818_pp_1p8_pc_2p2_cont_4p0_8p0,ths00016314,1.2365,0.0238,0.0357,0.9405
ths000163,15082026_16k_production_4_seeds_4_sizes_20260818_pp_1p8_pc_2p2_cont_4p0_8p0,ths00016315,1.1859,0.0119,0.0238,0.9643
ths000199,15082026_16k_production_4_seeds_4_sizes_20260818_pp_1p8_pc_2p2_cont_4p0_8p0,ths00019900,1.2280,0.0333,0.0556,0.9111
ths000199,15082026_16k_production_4_seeds_4_sizes_20260818_pp_1p8_pc_2p2_cont_4p0_8p0,ths00019901,1.2573,0.0556,0.0444,0.9000
ths000199,15082026_16k_production_4_seeds_4_sizes_20260818_pp_1p8_pc_2p2_cont_4p0_8p0,ths00019902,1.2574,0.0667,0.0556,0.8778
ths000199,15082026_16k_production_4_seeds_4_sizes_20260818_pp_1p8_pc_2p2_cont_4p0_8p0,ths00019903,1.2936,0.0556,0.0333,0.9111
ths000199,15082026_16k_production_4_seeds_4_sizes_20260818_pp_1p8_pc_2p2_cont_4p0_8p0,ths00019904,1.2827,0.0222,0.0222,0.9556
ths000199,15082026_16k_production_4_seeds_4_sizes_20260818_pp_1p8_pc_2p2_cont_4p0_8p0,ths00019905,1.2171,0.0667,0.0444,0.8889
ths000199,15082026_16k_production_4_seeds_4_sizes_20260818_pp_1p8_pc_2p2_cont_4p0_8p0,ths00019906,1.2535,0.0667,0.0556,0.8778
ths000199,15082026_16k_production_4_seeds_4_sizes_20260818_pp_1p8_pc_2p2_cont_4p0_8p0,ths00019907,1.2508,0.0444,0.0556,0.9000
ths000199,15082026_16k_production_4_seeds_4_sizes_20260818_pp_1p8_pc_2p2_cont_4p0_8p0,ths00019908,1.2818,0.0667,0.0444,0.8889
ths000199,15082026_16k_production_4_seeds_4_sizes_20260818_pp_1p8_pc_2p2_cont_4p0_8p0,ths00019909,1.2068,0.0667,0.0444,0.8889
ths000199,15082026_16k_production_4_seeds_4_sizes_20260818_pp_1p8_pc_2p2_cont_4p0_8p0,ths00019910,1.2078,0.0778,0.0667,0.8556
ths000199,15082026_16k_production_4_seeds_4_sizes_20260818_pp_1p8_pc_2p2_cont_4p0_8p0,ths00019911,1.2455,0.0556,0.0333,0.9111
ths000199,15082026_16k_production_4_seeds_4_sizes_20260818_pp_1p8_pc_2p2_cont_4p0_8p0,ths00019912,1.1797,0.0556,0.0667,0.8778
ths000199,15082026_16k_production_4_seeds_4_sizes_20260818_pp_1p8_pc_2p2_cont_4p0_8p0,ths00019913,1.3092,0.0556,0.0667,0.8778
ths000199,15082026_16k_production_4_seeds_4_sizes_20260818_pp_1p8_pc_2p2_cont_4p0_8p0,ths00019914,1.2782,0.0444,0.0333,0.9222
ths000199,15082026_16k_production_4_seeds_4_sizes_20260818_pp_1p8_pc_2p2_cont_4p0_8p0,ths00019915,1.2659,0.0556,0.0667,0.8778
ths000221,15082026_16k_production_4_seeds_4_sizes_20260818_pp_1p8_pc_2p2_cont_4p0_8p0,ths00022100,1.2411,0.0263,0.0132,0.9605
ths000221,15082026_16k_production_4_seeds_4_sizes_20260818_pp_1p8_pc_2p2_cont_4p0_8p0,ths00022101,1.1249,0.0658,0.0395,0.8947
ths000221,15082026_16k_production_4_seeds_4_sizes_20260818_pp_1p8_pc_2p2_cont_4p0_8p0,ths00022102,1.1455,0.0789,0.0395,0.8816
ths000221,15082026_16k_production_4_seeds_4_sizes_20260818_pp_1p8_pc_2p2_cont_4p0_8p0,ths00022103,1.2149,0.0395,0.0395,0.9211
ths000221,15082026_16k_production_4_seeds_4_sizes_20260818_pp_1p8_pc_2p2_cont_4p0_8p0,ths00022104,1.2722,0.0526,0.0395,0.9079
ths000221,15082026_16k_production_4_seeds_4_sizes_20260818_pp_1p8_pc_2p2_cont_4p0_8p0,ths00022105,1.1860,0.0395,0.0263,0.9342
ths000221,15082026_16k_production_4_seeds_4_sizes_20260818_pp_1p8_pc_2p2_cont_4p0_8p0,ths00022106,1.1570,0.0526,0.0395,0.9079
ths000221,15082026_16k_production_4_seeds_4_sizes_20260818_pp_1p8_pc_2p2_cont_4p0_8p0,ths00022107,1.1995,0.0658,0.0263,0.9079
ths000221,15082026_16k_production_4_seeds_4_sizes_20260818_pp_1p8_pc_2p2_cont_4p0_8p0,ths00022108,1.2230,0.0526,0.0395,0.9079
ths000221,15082026_16k_production_4_seeds_4_sizes_20260818_pp_1p8_pc_2p2_cont_4p0_8p0,ths00022109,1.1771,0.0526,0.0395,0.9079
ths000221,15082026_16k_production_4_seeds_4_sizes_20260818_pp_1p8_pc_2p2_cont_4p0_8p0,ths00022110,1.2129,0.0263,0.0395,0.9342
ths000221,15082026_16k_production_4_seeds_4_sizes_20260818_pp_1p8_pc_2p2_cont_4p0_8p0,ths00022111,1.1641,0.0395,0.0395,0.9211
ths000221,15082026_16k_production_4_seeds_4_sizes_20260818_pp_1p8_pc_2p2_cont_4p0_8p0,ths00022112,1.1875,0.0395,0.0395,0.9211
ths000221,15082026_16k_production_4_seeds_4_sizes_20260818_pp_1p8_pc_2p2_cont_4p0_8p0,ths00022113,1.2963,0.0263,0.0395,0.9342
ths000221,15082026_16k_production_4_seeds_4_sizes_20260818_pp_1p8_pc_2p2_cont_4p0_8p0,ths00022114,1.2125,0.0263,0.0395,0.9342
ths000221,15082026_16k_production_4_seeds_4_sizes_20260818_pp_1p8_pc_2p2_cont_4p0_8p0,ths00022115,1.2155,0.0395,0.0395,0.9211
ths000250,15082026_16k_production_4_seeds_4_sizes_20260818_pp_1p8_pc_2p2_cont_4p0_8p0,ths00025000,1.3704,0.0357,0.1071,0.8571
ths000250,15082026_16k_production_4_seeds_4_sizes_20260818_pp_1p8_pc_2p2_cont_4p0_8p0,ths00025001,1.2927,0.0357,0.1071,0.8571
ths000250,15082026_16k_production_4_seeds_4_sizes_20260818_pp_1p8_pc_2p2_cont_4p0_8p0,ths00025002,1.2969,0.0357,0.1071,0.8571
ths000250,15082026_16k_production_4_seeds_4_sizes_20260818_pp_1p8_pc_2p2_cont_4p0_8p0,ths00025003,1.3081,0.0357,0.1071,0.8571
ths000250,15082026_16k_production_4_seeds_4_sizes_20260818_pp_1p8_pc_2p2_cont_4p0_8p0,ths00025004,1.2769,0.0595,0.1190,0.8214
ths000250,15082026_16k_production_4_seeds_4_sizes_20260818_pp_1p8_pc_2p2_cont_4p0_8p0,ths00025005,1.3595,0.0476,0.0833,0.8690
ths000250,15082026_16k_production_4_seeds_4_sizes_20260818_pp_1p8_pc_2p2_cont_4p0_8p0,ths00025006,1.2581,0.0714,0.1071,0.8214
ths000250,15082026_16k_production_4_seeds_4_sizes_20260818_pp_1p8_pc_2p2_cont_4p0_8p0,ths00025007,1.3217,0.0357,0.0833,0.8810
ths000250,15082026_16k_production_4_seeds_4_sizes_20260818_pp_1p8_pc_2p2_cont_4p0_8p0,ths00025008,1.2496,0.0595,0.1310,0.8095
ths000250,15082026_16k_production_4_seeds_4_sizes_20260818_pp_1p8_pc_2p2_cont_4p0_8p0,ths00025009,1.2644,0.0595,0.0833,0.8571
ths000250,15082026_16k_production_4_seeds_4_sizes_20260818_pp_1p8_pc_2p2_cont_4p0_8p0,ths00025010,1.2971,0.0476,0.1071,0.8452
ths000250,15082026_16k_production_4_seeds_4_sizes_20260818_pp_1p8_pc_2p2_cont_4p0_8p0,ths00025011,1.3005,0.0595,0.0952,0.8452
ths000250,15082026_16k_production_4_seeds_4_sizes_20260818_pp_1p8_pc_2p2_cont_4p0_8p0,ths00025012,1.2526,0.0595,0.1071,0.8333
ths000250,15082026_16k_production_4_seeds_4_sizes_20260818_pp_1p8_pc_2p2_cont_4p0_8p0,ths00025013,1.3337,0.0357,0.0833,0.8810
ths000250,15082026_16k_production_4_seeds_4_sizes_20260818_pp_1p8_pc_2p2_cont_4p0_8p0,ths00025014,1.1977,0.0238,0.1429,0.8333
ths000250,15082026_16k_production_4_seeds_4_sizes_20260818_pp_1p8_pc_2p2_cont_4p0_8p0,ths00025015,1.1742,0.0714,0.1190,0.8095
ths000284,15082026_16k_production_4_seeds_4_sizes_20260818_pp_1p8_pc_2p2_cont_4p0_8p0,ths00028400,1.2587,0.0641,0.0128,0.9231
ths000284,15082026_16k_production_4_seeds_4_sizes_20260818_pp_1p8_pc_2p2_cont_4p0_8p0,ths00028401,1.1929,0.0513,0.0128,0.9359
ths000284,15082026_16k_production_4_seeds_4_sizes_20260818_pp_1p8_pc_2p2_cont_4p0_8p0,ths00028402,1.2992,0.0385,0.0128,0.9487
ths000284,15082026_16k_production_4_seeds_4_sizes_20260818_pp_1p8_pc_2p2_cont_4p0_8p0,ths00028403,1.2539,0.0513,0.0128,0.9359
ths000284,15082026_16k_production_4_seeds_4_sizes_20260818_pp_1p8_pc_2p2_cont_4p0_8p0,ths00028404,1.1840,0.0641,0.0128,0.9231
ths000284,15082026_16k_production_4_seeds_4_sizes_20260818_pp_1p8_pc_2p2_cont_4p0_8p0,ths00028405,1.2715,0.0385,0.0000,0.9615
ths000284,15082026_16k_production_4_seeds_4_sizes_20260818_pp_1p8_pc_2p2_cont_4p0_8p0,ths00028406,1.3420,0.0897,0.0128,0.8974
ths000284,15082026_16k_production_4_seeds_4_sizes_20260818_pp_1p8_pc_2p2_cont_4p0_8p0,ths00028407,1.2431,0.0513,0.0128,0.9359
ths000284,15082026_16k_production_4_seeds_4_sizes_20260818_pp_1p8_pc_2p2_cont_4p0_8p0,ths00028408,1.3043,0.0385,0.0128,0.9487
ths000284,15082026_16k_production_4_seeds_4_sizes_20260818_pp_1p8_pc_2p2_cont_4p0_8p0,ths00028409,1.2244,0.0641,0.0128,0.9231
ths000284,15082026_16k_production_4_seeds_4_sizes_20260818_pp_1p8_pc_2p2_cont_4p0_8p0,ths00028410,1.2202,0.0385,0.0128,0.9487
ths000284,15082026_16k_production_4_seeds_4_sizes_20260818_pp_1p8_pc_2p2_cont_4p0_8p0,ths00028411,1.2048,0.0385,0.0256,0.9359
ths000284,15082026_16k_production_4_seeds_4_sizes_20260818_pp_1p8_pc_2p2_cont_4p0_8p0,ths00028412,1.3143,0.0256,0.0128,0.9615
ths000284,15082026_16k_production_4_seeds_4_sizes_20260818_pp_1p8_pc_2p2_cont_4p0_8p0,ths00028413,1.2009,0.0769,0.0128,0.9103
ths000284,15082026_16k_production_4_seeds_4_sizes_20260818_pp_1p8_pc_2p2_cont_4p0_8p0,ths00028414,1.2476,0.0513,0.0128,0.9359
ths000284,15082026_16k_production_4_seeds_4_sizes_20260818_pp_1p8_pc_2p2_cont_4p0_8p0,ths00028415,1.2890,0.0513,0.0128,0.9359
ths000296,15082026_16k_production_4_seeds_4_sizes_20260818_pp_1p8_pc_2p2_cont_4p0_8p0,ths00029600,1.2698,0.0533,0.1067,0.8400
ths000296,15082026_16k_production_4_seeds_4_sizes_20260818_pp_1p8_pc_2p2_cont_4p0_8p0,ths00029601,1.1609,0.0800,0.0800,0.8400
ths000296,15082026_16k_production_4_seeds_4_sizes_20260818_pp_1p8_pc_2p2_cont_4p0_8p0,ths00029602,1.1514,0.0667,0.0800,0.8533
ths000296,15082026_16k_production_4_seeds_4_sizes_20260818_pp_1p8_pc_2p2_cont_4p0_8p0,ths00029603,1.1917,0.0667,0.0800,0.8533
ths000296,15082026_16k_production_4_seeds_4_sizes_20260818_pp_1p8_pc_2p2_cont_4p0_8p0,ths00029604,1.2496,0.0533,0.0933,0.8533
ths000296,15082026_16k_production_4_seeds_4_sizes_20260818_pp_1p8_pc_2p2_cont_4p0_8p0,ths00029605,1.2532,0.0933,0.0800,0.8267
ths000296,15082026_16k_production_4_seeds_4_sizes_20260818_pp_1p8_pc_2p2_cont_4p0_8p0,ths00029606,1.1986,0.0667,0.0933,0.8400
ths000296,15082026_16k_production_4_seeds_4_sizes_20260818_pp_1p8_pc_2p2_cont_4p0_8p0,ths00029607,1.3229,0.0533,0.0800,0.8667
ths000296,15082026_16k_production_4_seeds_4_sizes_20260818_pp_1p8_pc_2p2_cont_4p0_8p0,ths00029608,1.1822,0.0667,0.0933,0.8400
ths000296,15082026_16k_production_4_seeds_4_sizes_20260818_pp_1p8_pc_2p2_cont_4p0_8p0,ths00029609,1.1718,0.0667,0.0933,0.8400
ths000296,15082026_16k_production_4_seeds_4_sizes_20260818_pp_1p8_pc_2p2_cont_4p0_8p0,ths00029610,1.2910,0.0533,0.0933,0.8533
ths000296,15082026_16k_production_4_seeds_4_sizes_20260818_pp_1p8_pc_2p2_cont_4p0_8p0,ths00029611,1.2351,0.0533,0.0800,0.8667
ths000296,15082026_16k_production_4_seeds_4_sizes_20260818_pp_1p8_pc_2p2_cont_4p0_8p0,ths00029612,1.1535,0.0533,0.0933,0.8533
ths000296,15082026_16k_production_4_seeds_4_sizes_20260818_pp_1p8_pc_2p2_cont_4p0_8p0,ths00029613,1.1669,0.0533,0.0933,0.8533
ths000296,15082026_16k_production_4_seeds_4_sizes_20260818_pp_1p8_pc_2p2_cont_4p0_8p0,ths00029614,1.1894,0.0667,0.0933,0.8400
ths000296,15082026_16k_production_4_seeds_4_sizes_20260818_pp_1p8_pc_2p2_cont_4p0_8p0,ths00029615,1.1929,0.0667,0.0800,0.8533
ths000315,15082026_16k_production_4_seeds_4_sizes_20260818_pp_1p8_pc_2p2_cont_4p0_8p0,ths00031500,1.2460,0.0500,0.0625,0.8875
ths000315,15082026_16k_production_4_seeds_4_sizes_20260818_pp_1p8_pc_2p2_cont_4p0_8p0,ths00031501,1.3729,0.0500,0.0750,0.8750
ths000315,15082026_16k_production_4_seeds_4_sizes_20260818_pp_1p8_pc_2p2_cont_4p0_8p0,ths00031502,1.3087,0.0500,0.0750,0.8750
ths000315,15082026_16k_production_4_seeds_4_sizes_20260818_pp_1p8_pc_2p2_cont_4p0_8p0,ths00031503,1.2950,0.0625,0.0625,0.8750
ths000315,15082026_16k_production_4_seeds_4_sizes_20260818_pp_1p8_pc_2p2_cont_4p0_8p0,ths00031504,1.2496,0.0750,0.0750,0.8500
ths000315,15082026_16k_production_4_seeds_4_sizes_20260818_pp_1p8_pc_2p2_cont_4p0_8p0,ths00031505,1.3887,0.0250,0.0750,0.9000
ths000315,15082026_16k_production_4_seeds_4_sizes_20260818_pp_1p8_pc_2p2_cont_4p0_8p0,ths00031506,1.3138,0.0500,0.0625,0.8875
ths000315,15082026_16k_production_4_seeds_4_sizes_20260818_pp_1p8_pc_2p2_cont_4p0_8p0,ths00031507,1.3215,0.0500,0.1000,0.8500
ths000315,15082026_16k_production_4_seeds_4_sizes_20260818_pp_1p8_pc_2p2_cont_4p0_8p0,ths00031508,1.2826,0.0625,0.0625,0.8750
ths000315,15082026_16k_production_4_seeds_4_sizes_20260818_pp_1p8_pc_2p2_cont_4p0_8p0,ths00031509,1.3616,0.0625,0.0750,0.8625
ths000315,15082026_16k_production_4_seeds_4_sizes_20260818_pp_1p8_pc_2p2_cont_4p0_8p0,ths00031510,1.3839,0.0750,0.0625,0.8625
ths000315,15082026_16k_production_4_seeds_4_sizes_20260818_pp_1p8_pc_2p2_cont_4p0_8p0,ths00031511,1.2659,0.0625,0.1000,0.8375
ths000315,15082026_16k_production_4_seeds_4_sizes_20260818_pp_1p8_pc_2p2_cont_4p0_8p0,ths00031512,1.3115,0.0625,0.0750,0.8625
ths000315,15082026_16k_production_4_seeds_4_sizes_20260818_pp_1p8_pc_2p2_cont_4p0_8p0,ths00031513,1.3897,0.0625,0.0750,0.8625
ths000315,15082026_16k_production_4_seeds_4_sizes_20260818_pp_1p8_pc_2p2_cont_4p0_8p0,ths00031514,1.3222,0.0500,0.0750,0.8750
ths000315,15082026_16k_production_4_seeds_4_sizes_20260818_pp_1p8_pc_2p2_cont_4p0_8p0,ths00031515,1.2457,0.0625,0.0750,0.8625
ths000346,15082026_16k_production_4_seeds_4_sizes_20260818_pp_1p8_pc_2p2_cont_4p0_8p0,ths00034600,1.1550,0.0270,0.0811,0.8919
ths000346,15082026_16k_production_4_seeds_4_sizes_20260818_pp_1p8_pc_2p2_cont_4p0_8p0,ths00034601,1.1504,0.0676,0.0676,0.8649
ths000346,15082026_16k_production_4_seeds_4_sizes_20260818_pp_1p8_pc_2p2_cont_4p0_8p0,ths00034602,1.1582,0.0541,0.0676,0.8784
ths000346,15082026_16k_production_4_seeds_4_sizes_20260818_pp_1p8_pc_2p2_cont_4p0_8p0,ths00034603,1.0706,0.0541,0.0946,0.8514
ths000346,15082026_16k_production_4_seeds_4_sizes_20260818_pp_1p8_pc_2p2_cont_4p0_8p0,ths00034604,1.1582,0.0541,0.0946,0.8514
ths000346,15082026_16k_production_4_seeds_4_sizes_20260818_pp_1p8_pc_2p2_cont_4p0_8p0,ths00034605,1.1720,0.0270,0.0676,0.9054
ths000346,15082026_16k_production_4_seeds_4_sizes_20260818_pp_1p8_pc_2p2_cont_4p0_8p0,ths00034606,1.1757,0.0405,0.0946,0.8649
ths000346,15082026_16k_production_4_seeds_4_sizes_20260818_pp_1p8_pc_2p2_cont_4p0_8p0,ths00034607,1.1894,0.0541,0.0811,0.8649
ths000346,15082026_16k_production_4_seeds_4_sizes_20260818_pp_1p8_pc_2p2_cont_4p0_8p0,ths00034608,1.0876,0.0405,0.0811,0.8784
ths000346,15082026_16k_production_4_seeds_4_sizes_20260818_pp_1p8_pc_2p2_cont_4p0_8p0,ths00034609,1.1574,0.0541,0.0946,0.8514
ths000346,15082026_16k_production_4_seeds_4_sizes_20260818_pp_1p8_pc_2p2_cont_4p0_8p0,ths00034610,1.1248,0.0405,0.0811,0.8784
ths000346,15082026_16k_production_4_seeds_4_sizes_20260818_pp_1p8_pc_2p2_cont_4p0_8p0,ths00034611,1.1820,0.0676,0.0676,0.8649
ths000346,15082026_16k_production_4_seeds_4_sizes_20260818_pp_1p8_pc_2p2_cont_4p0_8p0,ths00034612,1.1068,0.0405,0.0676,0.8919
ths000346,15082026_16k_production_4_seeds_4_sizes_20260818_pp_1p8_pc_2p2_cont_4p0_8p0,ths00034613,1.1069,0.0541,0.0676,0.8784
ths000346,15082026_16k_production_4_seeds_4_sizes_20260818_pp_1p8_pc_2p2_cont_4p0_8p0,ths00034614,1.1422,0.0270,0.0811,0.8919
ths000346,15082026_16k_production_4_seeds_4_sizes_20260818_pp_1p8_pc_2p2_cont_4p0_8p0,ths00034615,1.1147,0.0270,0.0811,0.8919
ths000363,15082026_16k_production_4_seeds_4_sizes_20260818_pp_1p8_pc_2p2_cont_4p0_8p0,ths00036300,1.1822,0.1558,0.0779,0.7662
ths000363,15082026_16k_production_4_seeds_4_sizes_20260818_pp_1p8_pc_2p2_cont_4p0_8p0,ths00036301,1.2323,0.1299,0.0909,0.7792
ths000363,15082026_16k_production_4_seeds_4_sizes_20260818_pp_1p8_pc_2p2_cont_4p0_8p0,ths00036302,1.2893,0.1429,0.0779,0.7792
ths000363,15082026_16k_production_4_seeds_4_sizes_20260818_pp_1p8_pc_2p2_cont_4p0_8p0,ths00036303,1.1454,0.1688,0.0909,0.7403
ths000363,15082026_16k_production_4_seeds_4_sizes_20260818_pp_1p8_pc_2p2_cont_4p0_8p0,ths00036304,1.2519,0.1039,0.0909,0.8052
ths000363,15082026_16k_production_4_seeds_4_sizes_20260818_pp_1p8_pc_2p2_cont_4p0_8p0,ths00036305,1.4212,0.0909,0.0779,0.8312
ths000363,15082026_16k_production_4_seeds_4_sizes_20260818_pp_1p8_pc_2p2_cont_4p0_8p0,ths00036306,1.1462,0.1558,0.0909,0.7532
ths000363,15082026_16k_production_4_seeds_4_sizes_20260818_pp_1p8_pc_2p2_cont_4p0_8p0,ths00036307,1.2815,0.0779,0.0909,0.8312
ths000363,15082026_16k_production_4_seeds_4_sizes_20260818_pp_1p8_pc_2p2_cont_4p0_8p0,ths00036308,1.2214,0.1039,0.0909,0.8052
ths000363,15082026_16k_production_4_seeds_4_sizes_20260818_pp_1p8_pc_2p2_cont_4p0_8p0,ths00036309,1.3126,0.1299,0.0779,0.7922
ths000363,15082026_16k_production_4_seeds_4_sizes_20260818_pp_1p8_pc_2p2_cont_4p0_8p0,ths00036310,1.2728,0.1429,0.0779,0.7792
ths000363,15082026_16k_production_4_seeds_4_sizes_20260818_pp_1p8_pc_2p2_cont_4p0_8p0,ths00036311,1.2394,0.1169,0.0909,0.7922
ths000363,15082026_16k_production_4_seeds_4_sizes_20260818_pp_1p8_pc_2p2_cont_4p0_8p0,ths00036312,1.2115,0.1429,0.0779,0.7792
ths000363,15082026_16k_production_4_seeds_4_sizes_20260818_pp_1p8_pc_2p2_cont_4p0_8p0,ths00036313,1.1681,0.1429,0.0909,0.7662
ths000363,15082026_16k_production_4_seeds_4_sizes_20260818_pp_1p8_pc_2p2_cont_4p0_8p0,ths00036314,1.2762,0.1299,0.0909,0.7792
ths000363,15082026_16k_production_4_seeds_4_sizes_20260818_pp_1p8_pc_2p2_cont_4p0_8p0,ths00036315,1.3109,0.1169,0.0909,0.7922
ths000411,15082026_16k_production_4_seeds_4_sizes_20260818_pp_1p8_pc_2p2_cont_4p0_8p0,ths00041100,1.2062,0.0897,0.1154,0.7949
ths000411,15082026_16k_production_4_seeds_4_sizes_20260818_pp_1p8_pc_2p2_cont_4p0_8p0,ths00041101,1.2884,0.1282,0.0897,0.7821
ths000411,15082026_16k_production_4_seeds_4_sizes_20260818_pp_1p8_pc_2p2_cont_4p0_8p0,ths00041102,1.2663,0.0897,0.0897,0.8205
ths000411,15082026_16k_production_4_seeds_4_sizes_20260818_pp_1p8_pc_2p2_cont_4p0_8p0,ths00041103,1.2688,0.0897,0.1282,0.7821
ths000411,15082026_16k_production_4_seeds_4_sizes_20260818_pp_1p8_pc_2p2_cont_4p0_8p0,ths00041104,1.2402,0.1154,0.0769,0.8077
ths000411,15082026_16k_production_4_seeds_4_sizes_20260818_pp_1p8_pc_2p2_cont_4p0_8p0,ths00041105,1.2255,0.1026,0.1026,0.7949
ths000411,15082026_16k_production_4_seeds_4_sizes_20260818_pp_1p8_pc_2p2_cont_4p0_8p0,ths00041106,1.3718,0.1154,0.0641,0.8205
ths000411,15082026_16k_production_4_seeds_4_sizes_20260818_pp_1p8_pc_2p2_cont_4p0_8p0,ths00041107,1.3023,0.1154,0.0641,0.8205
ths000411,15082026_16k_production_4_seeds_4_sizes_20260818_pp_1p8_pc_2p2_cont_4p0_8p0,ths00041108,1.3356,0.1282,0.1026,0.7692
ths000411,15082026_16k_production_4_seeds_4_sizes_20260818_pp_1p8_pc_2p2_cont_4p0_8p0,ths00041109,1.4198,0.0897,0.0897,0.8205
ths000411,15082026_16k_production_4_seeds_4_sizes_20260818_pp_1p8_pc_2p2_cont_4p0_8p0,ths00041110,1.2372,0.1282,0.0897,0.7821
ths000411,15082026_16k_production_4_seeds_4_sizes_20260818_pp_1p8_pc_2p2_cont_4p0_8p0,ths00041111,1.4497,0.1282,0.0769,0.7949
ths000411,15082026_16k_production_4_seeds_4_sizes_20260818_pp_1p8_pc_2p2_cont_4p0_8p0,ths00041112,1.3680,0.0897,0.0897,0.8205
ths000411,15082026_16k_production_4_seeds_4_sizes_20260818_pp_1p8_pc_2p2_cont_4p0_8p0,ths00041113,1.3464,0.0897,0.0897,0.8205
ths000411,15082026_16k_production_4_seeds_4_sizes_20260818_pp_1p8_pc_2p2_cont_4p0_8p0,ths00041114,1.3168,0.0897,0.0769,0.8333
ths000411,15082026_16k_production_4_seeds_4_sizes_20260818_pp_1p8_pc_2p2_cont_4p0_8p0,ths00041115,1.3375,0.1026,0.0897,0.8077
ths000441,15082026_16k_production_4_seeds_4_sizes_20260818_pp_1p8_pc_2p2_cont_4p0_8p0,ths00044100,1.4313,0.0541,0.0541,0.8919
ths000441,15082026_16k_production_4_seeds_4_sizes_20260818_pp_1p8_pc_2p2_cont_4p0_8p0,ths00044101,1.3302,0.0405,0.0811,0.8784
ths000441,15082026_16k_production_4_seeds_4_sizes_20260818_pp_1p8_pc_2p2_cont_4p0_8p0,ths00044102,1.3818,0.0270,0.0811,0.8919
ths000441,15082026_16k_production_4_seeds_4_sizes_20260818_pp_1p8_pc_2p2_cont_4p0_8p0,ths00044103,1.3323,0.0676,0.0811,0.8514
ths000441,15082026_16k_production_4_seeds_4_sizes_20260818_pp_1p8_pc_2p2_cont_4p0_8p0,ths00044104,1.2627,0.0811,0.0676,0.8514
ths000441,15082026_16k_production_4_seeds_4_sizes_20260818_pp_1p8_pc_2p2_cont_4p0_8p0,ths00044105,1.3143,0.0541,0.0811,0.8649
ths000441,15082026_16k_production_4_seeds_4_sizes_20260818_pp_1p8_pc_2p2_cont_4p0_8p0,ths00044106,1.2866,0.0676,0.0811,0.8514
ths000441,15082026_16k_production_4_seeds_4_sizes_20260818_pp_1p8_pc_2p2_cont_4p0_8p0,ths00044107,1.4357,0.0541,0.0676,0.8784
ths000441,15082026_16k_production_4_seeds_4_sizes_20260818_pp_1p8_pc_2p2_cont_4p0_8p0,ths00044108,1.3519,0.0676,0.0811,0.8514
ths000441,15082026_16k_production_4_seeds_4_sizes_20260818_pp_1p8_pc_2p2_cont_4p0_8p0,ths00044109,1.3825,0.0541,0.0811,0.8649
ths000441,15082026_16k_production_4_seeds_4_sizes_20260818_pp_1p8_pc_2p2_cont_4p0_8p0,ths00044110,1.3804,0.0541,0.0541,0.8919
ths000441,15082026_16k_production_4_seeds_4_sizes_20260818_pp_1p8_pc_2p2_cont_4p0_8p0,ths00044111,1.3316,0.0676,0.0811,0.8514
ths000441,15082026_16k_production_4_seeds_4_sizes_20260818_pp_1p8_pc_2p2_cont_4p0_8p0,ths00044112,1.3466,0.0541,0.0946,0.8514
ths000441,15082026_16k_production_4_seeds_4_sizes_20260818_pp_1p8_pc_2p2_cont_4p0_8p0,ths00044113,1.2453,0.0811,0.0811,0.8378
ths000441,15082026_16k_production_4_seeds_4_sizes_20260818_pp_1p8_pc_2p2_cont_4p0_8p0,ths00044114,1.4025,0.0676,0.0405,0.8919
ths000441,15082026_16k_production_4_seeds_4_sizes_20260818_pp_1p8_pc_2p2_cont_4p0_8p0,ths00044115,1.3586,0.0405,0.0946,0.8649
ths000473,15082026_16k_production_4_seeds_4_sizes_20260818_pp_1p8_pc_2p2_cont_4p0_8p0,ths00047300,1.2677,0.0649,0.0649,0.8701
ths000473,15082026_16k_production_4_seeds_4_sizes_20260818_pp_1p8_pc_2p2_cont_4p0_8p0,ths00047301,1.3023,0.0519,0.0649,0.8831
ths000473,15082026_16k_production_4_seeds_4_sizes_20260818_pp_1p8_pc_2p2_cont_4p0_8p0,ths00047302,1.3056,0.0649,0.0649,0.8701
ths000473,15082026_16k_production_4_seeds_4_sizes_20260818_pp_1p8_pc_2p2_cont_4p0_8p0,ths00047303,1.3045,0.0909,0.0649,0.8442
ths000473,15082026_16k_production_4_seeds_4_sizes_20260818_pp_1p8_pc_2p2_cont_4p0_8p0,ths00047304,1.3015,0.0779,0.0779,0.8442
ths000473,15082026_16k_production_4_seeds_4_sizes_20260818_pp_1p8_pc_2p2_cont_4p0_8p0,ths00047305,1.3480,0.1039,0.0779,0.8182
ths000473,15082026_16k_production_4_seeds_4_sizes_20260818_pp_1p8_pc_2p2_cont_4p0_8p0,ths00047306,1.3517,0.0779,0.0519,0.8701
ths000473,15082026_16k_production_4_seeds_4_sizes_20260818_pp_1p8_pc_2p2_cont_4p0_8p0,ths00047307,1.3548,0.0649,0.0779,0.8571
ths000473,15082026_16k_production_4_seeds_4_sizes_20260818_pp_1p8_pc_2p2_cont_4p0_8p0,ths00047308,1.3537,0.0909,0.1039,0.8052
ths000473,15082026_16k_production_4_seeds_4_sizes_20260818_pp_1p8_pc_2p2_cont_4p0_8p0,ths00047309,1.3088,0.0649,0.0779,0.8571
ths000473,15082026_16k_production_4_seeds_4_sizes_20260818_pp_1p8_pc_2p2_cont_4p0_8p0,ths00047310,1.3083,0.0909,0.0519,0.8571
ths000473,15082026_16k_production_4_seeds_4_sizes_20260818_pp_1p8_pc_2p2_cont_4p0_8p0,ths00047311,1.2835,0.0909,0.0779,0.8312
ths000473,15082026_16k_production_4_seeds_4_sizes_20260818_pp_1p8_pc_2p2_cont_4p0_8p0,ths00047312,1.3422,0.0519,0.0779,0.8701
ths000473,15082026_16k_production_4_seeds_4_sizes_20260818_pp_1p8_pc_2p2_cont_4p0_8p0,ths00047313,1.3051,0.0779,0.0909,0.8312
ths000473,15082026_16k_production_4_seeds_4_sizes_20260818_pp_1p8_pc_2p2_cont_4p0_8p0,ths00047314,1.2465,0.1039,0.0649,0.8312
ths000473,15082026_16k_production_4_seeds_4_sizes_20260818_pp_1p8_pc_2p2_cont_4p0_8p0,ths00047315,1.2569,0.0779,0.0649,0.8571
ths000488,15082026_16k_production_4_seeds_4_sizes_20260818_pp_1p8_pc_2p2_cont_4p0_8p0,ths00048800,1.1262,0.0920,0.0230,0.8851
ths000488,15082026_16k_production_4_seeds_4_sizes_20260818_pp_1p8_pc_2p2_cont_4p0_8p0,ths00048801,1.1789,0.0920,0.0230,0.8851
ths000488,15082026_16k_production_4_seeds_4_sizes_20260818_pp_1p8_pc_2p2_cont_4p0_8p0,ths00048802,1.1948,0.0575,0.0345,0.9080
ths000488,15082026_16k_production_4_seeds_4_sizes_20260818_pp_1p8_pc_2p2_cont_4p0_8p0,ths00048803,1.2761,0.0345,0.0345,0.9310
ths000488,15082026_16k_production_4_seeds_4_sizes_20260818_pp_1p8_pc_2p2_cont_4p0_8p0,ths00048804,1.1312,0.0920,0.0230,0.8851
ths000488,15082026_16k_production_4_seeds_4_sizes_20260818_pp_1p8_pc_2p2_cont_4p0_8p0,ths00048805,1.2407,0.0460,0.0345,0.9195
ths000488,15082026_16k_production_4_seeds_4_sizes_20260818_pp_1p8_pc_2p2_cont_4p0_8p0,ths00048806,1.1906,0.0345,0.0345,0.9310
ths000488,15082026_16k_production_4_seeds_4_sizes_20260818_pp_1p8_pc_2p2_cont_4p0_8p0,ths00048807,1.2273,0.0690,0.0230,0.9080
ths000488,15082026_16k_production_4_seeds_4_sizes_20260818_pp_1p8_pc_2p2_cont_4p0_8p0,ths00048808,1.2181,0.0690,0.0345,0.8966
ths000488,15082026_16k_production_4_seeds_4_sizes_20260818_pp_1p8_pc_2p2_cont_4p0_8p0,ths00048809,1.2120,0.0690,0.0345,0.8966
ths000488,15082026_16k_production_4_seeds_4_sizes_20260818_pp_1p8_pc_2p2_cont_4p0_8p0,ths00048810,1.2301,0.0805,0.0230,0.8966
ths000488,15082026_16k_production_4_seeds_4_sizes_20260818_pp_1p8_pc_2p2_cont_4p0_8p0,ths00048811,1.1325,0.1034,0.0230,0.8736
ths000488,15082026_16k_production_4_seeds_4_sizes_20260818_pp_1p8_pc_2p2_cont_4p0_8p0,ths00048812,1.2127,0.0460,0.0345,0.9195
ths000488,15082026_16k_production_4_seeds_4_sizes_20260818_pp_1p8_pc_2p2_cont_4p0_8p0,ths00048813,1.2050,0.0690,0.0345,0.8966
ths000488,15082026_16k_production_4_seeds_4_sizes_20260818_pp_1p8_pc_2p2_cont_4p0_8p0,ths00048814,1.1567,0.0805,0.0230,0.8966
ths000488,15082026_16k_production_4_seeds_4_sizes_20260818_pp_1p8_pc_2p2_cont_4p0_8p0,ths00048815,1.1521,0.0805,0.0230,0.8966
ths000491,15082026_16k_production_4_seeds_4_sizes_20260818_pp_1p8_pc_2p2_cont_4p0_8p0,ths00049100,1.3055,0.0667,0.1200,0.8133
ths000491,15082026_16k_production_4_seeds_4_sizes_20260818_pp_1p8_pc_2p2_cont_4p0_8p0,ths00049101,1.2857,0.0533,0.1467,0.8000
ths000491,15082026_16k_production_4_seeds_4_sizes_20260818_pp_1p8_pc_2p2_cont_4p0_8p0,ths00049102,1.2306,0.0533,0.1200,0.8267
ths000491,15082026_16k_production_4_seeds_4_sizes_20260818_pp_1p8_pc_2p2_cont_4p0_8p0,ths00049103,1.2367,0.0800,0.1200,0.8000
ths000491,15082026_16k_production_4_seeds_4_sizes_20260818_pp_1p8_pc_2p2_cont_4p0_8p0,ths00049104,1.2260,0.0933,0.1333,0.7733
ths000491,15082026_16k_production_4_seeds_4_sizes_20260818_pp_1p8_pc_2p2_cont_4p0_8p0,ths00049105,1.2172,0.0933,0.1067,0.8000
ths000491,15082026_16k_production_4_seeds_4_sizes_20260818_pp_1p8_pc_2p2_cont_4p0_8p0,ths00049106,1.3269,0.0800,0.1067,0.8133
ths000491,15082026_16k_production_4_seeds_4_sizes_20260818_pp_1p8_pc_2p2_cont_4p0_8p0,ths00049107,1.2489,0.0933,0.1200,0.7867
ths000491,15082026_16k_production_4_seeds_4_sizes_20260818_pp_1p8_pc_2p2_cont_4p0_8p0,ths00049108,1.3146,0.0667,0.1333,0.8000
ths000491,15082026_16k_production_4_seeds_4_sizes_20260818_pp_1p8_pc_2p2_cont_4p0_8p0,ths00049109,1.2510,0.0800,0.1067,0.8133
ths000491,15082026_16k_production_4_seeds_4_sizes_20260818_pp_1p8_pc_2p2_cont_4p0_8p0,ths00049110,1.2383,0.0933,0.1067,0.8000
ths000491,15082026_16k_production_4_seeds_4_sizes_20260818_pp_1p8_pc_2p2_cont_4p0_8p0,ths00049111,1.2591,0.0933,0.1467,0.7600
ths000491,15082026_16k_production_4_seeds_4_sizes_20260818_pp_1p8_pc_2p2_cont_4p0_8p0,ths00049112,1.2923,0.0800,0.0933,0.8267
ths000491,15082026_16k_production_4_seeds_4_sizes_20260818_pp_1p8_pc_2p2_cont_4p0_8p0,ths00049113,1.3553,0.0400,0.1067,0.8533
ths000491,15082026_16k_production_4_seeds_4_sizes_20260818_pp_1p8_pc_2p2_cont_4p0_8p0,ths00049114,1.2560,0.0800,0.1067,0.8133
ths000491,15082026_16k_production_4_seeds_4_sizes_20260818_pp_1p8_pc_2p2_cont_4p0_8p0,ths00049115,1.2127,0.1200,0.1333,0.7467
ths000507,15082026_16k_production_4_seeds_4_sizes_20260818_pp_1p8_pc_2p2_cont_4p0_8p0,ths00050700,1.1569,0.0625,0.1250,0.8125
ths000507,15082026_16k_production_4_seeds_4_sizes_20260818_pp_1p8_pc_2p2_cont_4p0_8p0,ths00050701,1.0737,0.0750,0.1250,0.8000
ths000507,15082026_16k_production_4_seeds_4_sizes_20260818_pp_1p8_pc_2p2_cont_4p0_8p0,ths00050702,1.1548,0.0750,0.1250,0.8000
ths000507,15082026_16k_production_4_seeds_4_sizes_20260818_pp_1p8_pc_2p2_cont_4p0_8p0,ths00050703,1.1601,0.0500,0.1375,0.8125
ths000507,15082026_16k_production_4_seeds_4_sizes_20260818_pp_1p8_pc_2p2_cont_4p0_8p0,ths00050704,1.1495,0.0625,0.1250,0.8125
ths000507,15082026_16k_production_4_seeds_4_sizes_20260818_pp_1p8_pc_2p2_cont_4p0_8p0,ths00050705,1.1162,0.0750,0.1125,0.8125
ths000507,15082026_16k_production_4_seeds_4_sizes_20260818_pp_1p8_pc_2p2_cont_4p0_8p0,ths00050706,1.1834,0.0500,0.1500,0.8000
ths000507,15082026_16k_production_4_seeds_4_sizes_20260818_pp_1p8_pc_2p2_cont_4p0_8p0,ths00050707,1.1566,0.0500,0.1250,0.8250
ths000507,15082026_16k_production_4_seeds_4_sizes_20260818_pp_1p8_pc_2p2_cont_4p0_8p0,ths00050708,1.0676,0.0500,0.1250,0.8250
ths000507,15082026_16k_production_4_seeds_4_sizes_20260818_pp_1p8_pc_2p2_cont_4p0_8p0,ths00050709,1.1595,0.0625,0.1250,0.8125
ths000507,15082026_16k_production_4_seeds_4_sizes_20260818_pp_1p8_pc_2p2_cont_4p0_8p0,ths00050710,1.0971,0.0500,0.1250,0.8250
ths000507,15082026_16k_production_4_seeds_4_sizes_20260818_pp_1p8_pc_2p2_cont_4p0_8p0,ths00050711,1.0792,0.1000,0.1375,0.7625
ths000507,15082026_16k_production_4_seeds_4_sizes_20260818_pp_1p8_pc_2p2_cont_4p0_8p0,ths00050712,1.1473,0.1000,0.1125,0.7875
ths000507,15082026_16k_production_4_seeds_4_sizes_20260818_pp_1p8_pc_2p2_cont_4p0_8p0,ths00050713,1.1340,0.0500,0.1375,0.8125
ths000507,15082026_16k_production_4_seeds_4_sizes_20260818_pp_1p8_pc_2p2_cont_4p0_8p0,ths00050714,1.0964,0.0500,0.1250,0.8250
ths000507,15082026_16k_production_4_seeds_4_sizes_20260818_pp_1p8_pc_2p2_cont_4p0_8p0,ths00050715,1.2463,0.0500,0.1250,0.8250
ths000510,15082026_16k_production_4_seeds_4_sizes_20260818_pp_1p8_pc_2p2_cont_4p0_8p0,ths00051000,1.3392,0.0375,0.0250,0.9375
ths000510,15082026_16k_production_4_seeds_4_sizes_20260818_pp_1p8_pc_2p2_cont_4p0_8p0,ths00051001,1.2930,0.0375,0.0375,0.9250
ths000510,15082026_16k_production_4_seeds_4_sizes_20260818_pp_1p8_pc_2p2_cont_4p0_8p0,ths00051002,1.3324,0.0250,0.0375,0.9375
ths000510,15082026_16k_production_4_seeds_4_sizes_20260818_pp_1p8_pc_2p2_cont_4p0_8p0,ths00051003,1.2211,0.0250,0.0500,0.9250
ths000510,15082026_16k_production_4_seeds_4_sizes_20260818_pp_1p8_pc_2p2_cont_4p0_8p0,ths00051004,1.2556,0.0500,0.0375,0.9125
ths000510,15082026_16k_production_4_seeds_4_sizes_20260818_pp_1p8_pc_2p2_cont_4p0_8p0,ths00051005,1.3074,0.0250,0.0375,0.9375
ths000510,15082026_16k_production_4_seeds_4_sizes_20260818_pp_1p8_pc_2p2_cont_4p0_8p0,ths00051006,1.2536,0.0625,0.0500,0.8875
ths000510,15082026_16k_production_4_seeds_4_sizes_20260818_pp_1p8_pc_2p2_cont_4p0_8p0,ths00051007,1.2304,0.0625,0.0250,0.9125
ths000510,15082026_16k_production_4_seeds_4_sizes_20260818_pp_1p8_pc_2p2_cont_4p0_8p0,ths00051008,1.3081,0.0375,0.0500,0.9125
ths000510,15082026_16k_production_4_seeds_4_sizes_20260818_pp_1p8_pc_2p2_cont_4p0_8p0,ths00051009,1.2603,0.0500,0.0375,0.9125
ths000510,15082026_16k_production_4_seeds_4_sizes_20260818_pp_1p8_pc_2p2_cont_4p0_8p0,ths00051010,1.3772,0.0500,0.0250,0.9250
ths000510,15082026_16k_production_4_seeds_4_sizes_20260818_pp_1p8_pc_2p2_cont_4p0_8p0,ths00051011,1.2539,0.0625,0.0250,0.9125
ths000510,15082026_16k_production_4_seeds_4_sizes_20260818_pp_1p8_pc_2p2_cont_4p0_8p0,ths00051012,1.2693,0.0250,0.0250,0.9500
ths000510,15082026_16k_production_4_seeds_4_sizes_20260818_pp_1p8_pc_2p2_cont_4p0_8p0,ths00051013,1.2987,0.0375,0.0250,0.9375
ths000510,15082026_16k_production_4_seeds_4_sizes_20260818_pp_1p8_pc_2p2_cont_4p0_8p0,ths00051014,1.2888,0.0500,0.0250,0.9250
ths000510,15082026_16k_production_4_seeds_4_sizes_20260818_pp_1p8_pc_2p2_cont_4p0_8p0,ths00051015,1.2541,0.0375,0.0250,0.9375
ths000576,15082026_16k_production_4_seeds_4_sizes_20260818_pp_1p8_pc_2p2_cont_4p0_8p0,ths00057600,1.3452,0.0125,0.0875,0.9000
ths000576,15082026_16k_production_4_seeds_4_sizes_20260818_pp_1p8_pc_2p2_cont_4p0_8p0,ths00057601,1.3115,0.0000,0.1000,0.9000
ths000576,15082026_16k_production_4_seeds_4_sizes_20260818_pp_1p8_pc_2p2_cont_4p0_8p0,ths00057602,1.3910,0.0000,0.1000,0.9000
ths000576,15082026_16k_production_4_seeds_4_sizes_20260818_pp_1p8_pc_2p2_cont_4p0_8p0,ths00057603,1.3969,0.0000,0.1125,0.8875
ths000576,15082026_16k_production_4_seeds_4_sizes_20260818_pp_1p8_pc_2p2_cont_4p0_8p0,ths00057604,1.3778,0.0000,0.1250,0.8750
ths000576,15082026_16k_production_4_seeds_4_sizes_20260818_pp_1p8_pc_2p2_cont_4p0_8p0,ths00057605,1.3434,0.0250,0.0750,0.9000
ths000576,15082026_16k_production_4_seeds_4_sizes_20260818_pp_1p8_pc_2p2_cont_4p0_8p0,ths00057606,1.3567,0.0250,0.0750,0.9000
ths000576,15082026_16k_production_4_seeds_4_sizes_20260818_pp_1p8_pc_2p2_cont_4p0_8p0,ths00057607,1.3909,0.0250,0.1125,0.8625
ths000576,15082026_16k_production_4_seeds_4_sizes_20260818_pp_1p8_pc_2p2_cont_4p0_8p0,ths00057608,1.4548,0.0000,0.1125,0.8875
ths000576,15082026_16k_production_4_seeds_4_sizes_20260818_pp_1p8_pc_2p2_cont_4p0_8p0,ths00057609,1.3948,0.0000,0.1250,0.8750
ths000576,15082026_16k_production_4_seeds_4_sizes_20260818_pp_1p8_pc_2p2_cont_4p0_8p0,ths00057610,1.3472,0.0250,0.1000,0.8750
ths000576,15082026_16k_production_4_seeds_4_sizes_20260818_pp_1p8_pc_2p2_cont_4p0_8p0,ths00057611,1.4159,0.0000,0.1000,0.9000
ths000576,15082026_16k_production_4_seeds_4_sizes_20260818_pp_1p8_pc_2p2_cont_4p0_8p0,ths00057612,1.3998,0.0000,0.1125,0.8875
ths000576,15082026_16k_production_4_seeds_4_sizes_20260818_pp_1p8_pc_2p2_cont_4p0_8p0,ths00057613,1.3476,0.0000,0.1250,0.8750
ths000576,15082026_16k_production_4_seeds_4_sizes_20260818_pp_1p8_pc_2p2_cont_4p0_8p0,ths00057614,1.3938,0.0000,0.1250,0.8750
ths000576,15082026_16k_production_4_seeds_4_sizes_20260818_pp_1p8_pc_2p2_cont_4p0_8p0,ths00057615,1.3639,0.0250,0.1000,0.8750
ths000603,15082026_16k_production_4_seeds_4_sizes_20260818_pp_1p8_pc_2p2_cont_4p0_8p0,ths00060300,1.4217,0.0235,0.0588,0.9176
ths000603,15082026_16k_production_4_seeds_4_sizes_20260818_pp_1p8_pc_2p2_cont_4p0_8p0,ths00060301,1.2175,0.0353,0.0588,0.9059
ths000603,15082026_16k_production_4_seeds_4_sizes_20260818_pp_1p8_pc_2p2_cont_4p0_8p0,ths00060302,1.3253,0.0235,0.0588,0.9176
ths000603,15082026_16k_production_4_seeds_4_sizes_20260818_pp_1p8_pc_2p2_cont_4p0_8p0,ths00060303,1.4326,0.0588,0.0588,0.8824
ths000603,15082026_16k_production_4_seeds_4_sizes_20260818_pp_1p8_pc_2p2_cont_4p0_8p0,ths00060304,1.3028,0.0471,0.0706,0.8824
ths000603,15082026_16k_production_4_seeds_4_sizes_20260818_pp_1p8_pc_2p2_cont_4p0_8p0,ths00060305,1.3309,0.0588,0.0706,0.8706
ths000603,15082026_16k_production_4_seeds_4_sizes_20260818_pp_1p8_pc_2p2_cont_4p0_8p0,ths00060306,1.1405,0.0706,0.0588,0.8706
ths000603,15082026_16k_production_4_seeds_4_sizes_20260818_pp_1p8_pc_2p2_cont_4p0_8p0,ths00060307,1.1327,0.0471,0.0706,0.8824
ths000603,15082026_16k_production_4_seeds_4_sizes_20260818_pp_1p8_pc_2p2_cont_4p0_8p0,ths00060308,1.1648,0.0353,0.0706,0.8941
ths000603,15082026_16k_production_4_seeds_4_sizes_20260818_pp_1p8_pc_2p2_cont_4p0_8p0,ths00060309,1.2265,0.0588,0.0706,0.8706
ths000603,15082026_16k_production_4_seeds_4_sizes_20260818_pp_1p8_pc_2p2_cont_4p0_8p0,ths00060310,1.3241,0.0235,0.0588,0.9176
ths000603,15082026_16k_production_4_seeds_4_sizes_20260818_pp_1p8_pc_2p2_cont_4p0_8p0,ths00060311,1.2675,0.0353,0.0706,0.8941
ths000603,15082026_16k_production_4_seeds_4_sizes_20260818_pp_1p8_pc_2p2_cont_4p0_8p0,ths00060312,1.3423,0.0588,0.0588,0.8824
ths000603,15082026_16k_production_4_seeds_4_sizes_20260818_pp_1p8_pc_2p2_cont_4p0_8p0,ths00060313,1.3057,0.0471,0.0824,0.8706
ths000603,15082026_16k_production_4_seeds_4_sizes_20260818_pp_1p8_pc_2p2_cont_4p0_8p0,ths00060314,1.3394,0.0235,0.0706,0.9059
ths000603,15082026_16k_production_4_seeds_4_sizes_20260818_pp_1p8_pc_2p2_cont_4p0_8p0,ths00060315,1.3401,0.0235,0.0706,0.9059
ths000626,15082026_16k_production_4_seeds_4_sizes_20260818_pp_1p8_pc_2p2_cont_4p0_8p0,ths00062600,1.2220,0.0658,0.0921,0.8421
ths000626,15082026_16k_production_4_seeds_4_sizes_20260818_pp_1p8_pc_2p2_cont_4p0_8p0,ths00062601,1.2519,0.0526,0.0921,0.8553
ths000626,15082026_16k_production_4_seeds_4_sizes_20260818_pp_1p8_pc_2p2_cont_4p0_8p0,ths00062602,1.2317,0.0658,0.1053,0.8289
ths000626,15082026_16k_production_4_seeds_4_sizes_20260818_pp_1p8_pc_2p2_cont_4p0_8p0,ths00062603,1.1849,0.0395,0.1053,0.8553
ths000626,15082026_16k_production_4_seeds_4_sizes_20260818_pp_1p8_pc_2p2_cont_4p0_8p0,ths00062604,1.1232,0.0658,0.0921,0.8421
ths000626,15082026_16k_production_4_seeds_4_sizes_20260818_pp_1p8_pc_2p2_cont_4p0_8p0,ths00062605,1.1942,0.0526,0.1053,0.8421
ths000626,15082026_16k_production_4_seeds_4_sizes_20260818_pp_1p8_pc_2p2_cont_4p0_8p0,ths00062606,1.1081,0.0526,0.1184,0.8289
ths000626,15082026_16k_production_4_seeds_4_sizes_20260818_pp_1p8_pc_2p2_cont_4p0_8p0,ths00062607,1.1881,0.0658,0.1184,0.8158
ths000626,15082026_16k_production_4_seeds_4_sizes_20260818_pp_1p8_pc_2p2_cont_4p0_8p0,ths00062608,1.3099,0.0658,0.1053,0.8289
ths000626,15082026_16k_production_4_seeds_4_sizes_20260818_pp_1p8_pc_2p2_cont_4p0_8p0,ths00062609,1.1939,0.0526,0.1184,0.8289
ths000626,15082026_16k_production_4_seeds_4_sizes_20260818_pp_1p8_pc_2p2_cont_4p0_8p0,ths00062610,1.2245,0.0658,0.1316,0.8026
ths000626,15082026_16k_production_4_seeds_4_sizes_20260818_pp_1p8_pc_2p2_cont_4p0_8p0,ths00062611,1.1556,0.0395,0.1184,0.8421
ths000626,15082026_16k_production_4_seeds_4_sizes_20260818_pp_1p8_pc_2p2_cont_4p0_8p0,ths00062612,1.1345,0.0658,0.1053,0.8289
ths000626,15082026_16k_production_4_seeds_4_sizes_20260818_pp_1p8_pc_2p2_cont_4p0_8p0,ths00062613,1.1859,0.0526,0.1184,0.8289
ths000626,15082026_16k_production_4_seeds_4_sizes_20260818_pp_1p8_pc_2p2_cont_4p0_8p0,ths00062614,1.1534,0.0658,0.1316,0.8026
ths000626,15082026_16k_production_4_seeds_4_sizes_20260818_pp_1p8_pc_2p2_cont_4p0_8p0,ths00062615,1.0922,0.0526,0.1184,0.8289
ths000630,15082026_16k_production_4_seeds_4_sizes_20260818_pp_1p8_pc_2p2_cont_4p0_8p0,ths00063000,1.2526,0.0417,0.0694,0.8889
ths000630,15082026_16k_production_4_seeds_4_sizes_20260818_pp_1p8_pc_2p2_cont_4p0_8p0,ths00063001,1.2627,0.0556,0.0833,0.8611
ths000630,15082026_16k_production_4_seeds_4_sizes_20260818_pp_1p8_pc_2p2_cont_4p0_8p0,ths00063002,1.2999,0.0417,0.0556,0.9028
ths000630,15082026_16k_production_4_seeds_4_sizes_20260818_pp_1p8_pc_2p2_cont_4p0_8p0,ths00063003,1.2193,0.0694,0.1111,0.8194
ths000630,15082026_16k_production_4_seeds_4_sizes_20260818_pp_1p8_pc_2p2_cont_4p0_8p0,ths00063004,1.3282,0.0833,0.0694,0.8472
ths000630,15082026_16k_production_4_seeds_4_sizes_20260818_pp_1p8_pc_2p2_cont_4p0_8p0,ths00063005,1.2624,0.0694,0.0972,0.8333
ths000630,15082026_16k_production_4_seeds_4_sizes_20260818_pp_1p8_pc_2p2_cont_4p0_8p0,ths00063006,1.3018,0.0556,0.0417,0.9028
ths000630,15082026_16k_production_4_seeds_4_sizes_20260818_pp_1p8_pc_2p2_cont_4p0_8p0,ths00063007,1.3540,0.0417,0.0556,0.9028
ths000630,15082026_16k_production_4_seeds_4_sizes_20260818_pp_1p8_pc_2p2_cont_4p0_8p0,ths00063008,1.2637,0.0556,0.0833,0.8611
ths000630,15082026_16k_production_4_seeds_4_sizes_20260818_pp_1p8_pc_2p2_cont_4p0_8p0,ths00063009,1.2881,0.0694,0.0694,0.8611
ths000630,15082026_16k_production_4_seeds_4_sizes_20260818_pp_1p8_pc_2p2_cont_4p0_8p0,ths00063010,1.3191,0.0556,0.0556,0.8889
ths000630,15082026_16k_production_4_seeds_4_sizes_20260818_pp_1p8_pc_2p2_cont_4p0_8p0,ths00063011,1.2711,0.0417,0.0556,0.9028
ths000630,15082026_16k_production_4_seeds_4_sizes_20260818_pp_1p8_pc_2p2_cont_4p0_8p0,ths00063012,1.2732,0.0833,0.0694,0.8472
ths000630,15082026_16k_production_4_seeds_4_sizes_20260818_pp_1p8_pc_2p2_cont_4p0_8p0,ths00063013,1.2403,0.0556,0.0694,0.8750
ths000630,15082026_16k_production_4_seeds_4_sizes_20260818_pp_1p8_pc_2p2_cont_4p0_8p0,ths00063014,1.3101,0.0694,0.0694,0.8611
ths000630,15082026_16k_production_4_seeds_4_sizes_20260818_pp_1p8_pc_2p2_cont_4p0_8p0,ths00063015,1.3484,0.0556,0.0556,0.8889
ths000648,15082026_16k_production_4_seeds_4_sizes_20260818_pp_1p8_pc_2p2_cont_4p0_8p0,ths00064800,1.3061,0.0423,0.0563,0.9014
ths000648,15082026_16k_production_4_seeds_4_sizes_20260818_pp_1p8_pc_2p2_cont_4p0_8p0,ths00064801,1.1867,0.0423,0.0704,0.8873
ths000648,15082026_16k_production_4_seeds_4_sizes_20260818_pp_1p8_pc_2p2_cont_4p0_8p0,ths00064802,1.2393,0.0423,0.0563,0.9014
ths000648,15082026_16k_production_4_seeds_4_sizes_20260818_pp_1p8_pc_2p2_cont_4p0_8p0,ths00064803,1.2263,0.0423,0.0563,0.9014
ths000648,15082026_16k_production_4_seeds_4_sizes_20260818_pp_1p8_pc_2p2_cont_4p0_8p0,ths00064804,1.3005,0.0423,0.0423,0.9155
ths000648,15082026_16k_production_4_seeds_4_sizes_20260818_pp_1p8_pc_2p2_cont_4p0_8p0,ths00064805,1.3289,0.0282,0.0704,0.9014
ths000648,15082026_16k_production_4_seeds_4_sizes_20260818_pp_1p8_pc_2p2_cont_4p0_8p0,ths00064806,1.2676,0.0423,0.0563,0.9014
ths000648,15082026_16k_production_4_seeds_4_sizes_20260818_pp_1p8_pc_2p2_cont_4p0_8p0,ths00064807,1.2326,0.0423,0.0563,0.9014
ths000648,15082026_16k_production_4_seeds_4_sizes_20260818_pp_1p8_pc_2p2_cont_4p0_8p0,ths00064808,1.2309,0.0423,0.0563,0.9014
ths000648,15082026_16k_production_4_seeds_4_sizes_20260818_pp_1p8_pc_2p2_cont_4p0_8p0,ths00064809,1.4383,0.0282,0.0423,0.9296
ths000648,15082026_16k_production_4_seeds_4_sizes_20260818_pp_1p8_pc_2p2_cont_4p0_8p0,ths00064810,1.4373,0.0282,0.0423,0.9296
ths000648,15082026_16k_production_4_seeds_4_sizes_20260818_pp_1p8_pc_2p2_cont_4p0_8p0,ths00064811,1.3175,0.0423,0.0563,0.9014
ths000648,15082026_16k_production_4_seeds_4_sizes_20260818_pp_1p8_pc_2p2_cont_4p0_8p0,ths00064812,1.3132,0.0423,0.0845,0.8732
ths000648,15082026_16k_production_4_seeds_4_sizes_20260818_pp_1p8_pc_2p2_cont_4p0_8p0,ths00064813,1.2335,0.0423,0.0704,0.8873
ths000648,15082026_16k_production_4_seeds_4_sizes_20260818_pp_1p8_pc_2p2_cont_4p0_8p0,ths00064814,1.2211,0.0563,0.0704,0.8732
ths000648,15082026_16k_production_4_seeds_4_sizes_20260818_pp_1p8_pc_2p2_cont_4p0_8p0,ths00064815,1.3329,0.0423,0.0563,0.9014
ths000706,15082026_16k_production_4_seeds_4_sizes_20260818_pp_1p8_pc_2p2_cont_4p0_8p0,ths00070600,1.3309,0.0241,0.0964,0.8795
ths000706,15082026_16k_production_4_seeds_4_sizes_20260818_pp_1p8_pc_2p2_cont_4p0_8p0,ths00070601,1.3943,0.0120,0.0964,0.8916
ths000706,15082026_16k_production_4_seeds_4_sizes_20260818_pp_1p8_pc_2p2_cont_4p0_8p0,ths00070602,1.3925,0.0241,0.0723,0.9036
ths000706,15082026_16k_production_4_seeds_4_sizes_20260818_pp_1p8_pc_2p2_cont_4p0_8p0,ths00070603,1.3947,0.0723,0.0843,0.8434
ths000706,15082026_16k_production_4_seeds_4_sizes_20260818_pp_1p8_pc_2p2_cont_4p0_8p0,ths00070604,1.4260,0.0361,0.0843,0.8795
ths000706,15082026_16k_production_4_seeds_4_sizes_20260818_pp_1p8_pc_2p2_cont_4p0_8p0,ths00070605,1.3360,0.0120,0.0843,0.9036
ths000706,15082026_16k_production_4_seeds_4_sizes_20260818_pp_1p8_pc_2p2_cont_4p0_8p0,ths00070606,1.4288,0.0241,0.0602,0.9157
ths000706,15082026_16k_production_4_seeds_4_sizes_20260818_pp_1p8_pc_2p2_cont_4p0_8p0,ths00070607,1.4076,0.0361,0.0482,0.9157
ths000706,15082026_16k_production_4_seeds_4_sizes_20260818_pp_1p8_pc_2p2_cont_4p0_8p0,ths00070608,1.3358,0.0241,0.0843,0.8916
ths000706,15082026_16k_production_4_seeds_4_sizes_20260818_pp_1p8_pc_2p2_cont_4p0_8p0,ths00070609,1.3428,0.0241,0.0723,0.9036
ths000706,15082026_16k_production_4_seeds_4_sizes_20260818_pp_1p8_pc_2p2_cont_4p0_8p0,ths00070610,1.3384,0.0120,0.0723,0.9157
ths000706,15082026_16k_production_4_seeds_4_sizes_20260818_pp_1p8_pc_2p2_cont_4p0_8p0,ths00070611,1.4008,0.0120,0.0723,0.9157
ths000706,15082026_16k_production_4_seeds_4_sizes_20260818_pp_1p8_pc_2p2_cont_4p0_8p0,ths00070612,1.3903,0.0241,0.0843,0.8916
ths000706,15082026_16k_production_4_seeds_4_sizes_20260818_pp_1p8_pc_2p2_cont_4p0_8p0,ths00070613,1.4281,0.0241,0.0723,0.9036
ths000706,15082026_16k_production_4_seeds_4_sizes_20260818_pp_1p8_pc_2p2_cont_4p0_8p0,ths00070614,1.4401,0.0361,0.0482,0.9157
ths000706,15082026_16k_production_4_seeds_4_sizes_20260818_pp_1p8_pc_2p2_cont_4p0_8p0,ths00070615,1.3431,0.0241,0.0964,0.8795
ths000766,15082026_16k_production_4_seeds_4_sizes_20260818_pp_1p8_pc_2p2_cont_4p0_8p0,ths00076600,1.1496,0.0676,0.0811,0.8514
ths000766,15082026_16k_production_4_seeds_4_sizes_20260818_pp_1p8_pc_2p2_cont_4p0_8p0,ths00076601,1.1647,0.0811,0.0946,0.8243
ths000766,15082026_16k_production_4_seeds_4_sizes_20260818_pp_1p8_pc_2p2_cont_4p0_8p0,ths00076602,1.1273,0.0676,0.0811,0.8514
ths000766,15082026_16k_production_4_seeds_4_sizes_20260818_pp_1p8_pc_2p2_cont_4p0_8p0,ths00076603,1.2336,0.0676,0.0946,0.8378
ths000766,15082026_16k_production_4_seeds_4_sizes_20260818_pp_1p8_pc_2p2_cont_4p0_8p0,ths00076604,1.1450,0.0405,0.0811,0.8784
ths000766,15082026_16k_production_4_seeds_4_sizes_20260818_pp_1p8_pc_2p2_cont_4p0_8p0,ths00076605,1.2062,0.0676,0.0676,0.8649
ths000766,15082026_16k_production_4_seeds_4_sizes_20260818_pp_1p8_pc_2p2_cont_4p0_8p0,ths00076606,1.2513,0.0676,0.0811,0.8514
ths000766,15082026_16k_production_4_seeds_4_sizes_20260818_pp_1p8_pc_2p2_cont_4p0_8p0,ths00076607,1.1087,0.0541,0.0946,0.8514
ths000766,15082026_16k_production_4_seeds_4_sizes_20260818_pp_1p8_pc_2p2_cont_4p0_8p0,ths00076608,1.2015,0.0676,0.0946,0.8378
ths000766,15082026_16k_production_4_seeds_4_sizes_20260818_pp_1p8_pc_2p2_cont_4p0_8p0,ths00076609,1.2318,0.0676,0.0676,0.8649
ths000766,15082026_16k_production_4_seeds_4_sizes_20260818_pp_1p8_pc_2p2_cont_4p0_8p0,ths00076610,1.1873,0.0676,0.0811,0.8514
ths000766,15082026_16k_production_4_seeds_4_sizes_20260818_pp_1p8_pc_2p2_cont_4p0_8p0,ths00076611,1.2832,0.0405,0.1216,0.8378
ths000766,15082026_16k_production_4_seeds_4_sizes_20260818_pp_1p8_pc_2p2_cont_4p0_8p0,ths00076612,1.3007,0.0405,0.0676,0.8919
ths000766,15082026_16k_production_4_seeds_4_sizes_20260818_pp_1p8_pc_2p2_cont_4p0_8p0,ths00076613,1.2636,0.0541,0.0811,0.8649
ths000766,15082026_16k_production_4_seeds_4_sizes_20260818_pp_1p8_pc_2p2_cont_4p0_8p0,ths00076614,1.2303,0.0541,0.0946,0.8514
ths000766,15082026_16k_production_4_seeds_4_sizes_20260818_pp_1p8_pc_2p2_cont_4p0_8p0,ths00076615,1.1968,0.0676,0.1081,0.8243
ths000784,15082026_16k_production_4_seeds_4_sizes_20260818_pp_1p8_pc_2p2_cont_4p0_8p0,ths00078400,1.1122,0.0580,0.1159,0.8261
ths000784,15082026_16k_production_4_seeds_4_sizes_20260818_pp_1p8_pc_2p2_cont_4p0_8p0,ths00078401,1.1030,0.0290,0.1014,0.8696
ths000784,15082026_16k_production_4_seeds_4_sizes_20260818_pp_1p8_pc_2p2_cont_4p0_8p0,ths00078402,1.0920,0.0435,0.1014,0.8551
ths000784,15082026_16k_production_4_seeds_4_sizes_20260818_pp_1p8_pc_2p2_cont_4p0_8p0,ths00078403,1.0054,0.0580,0.0870,0.8551
ths000784,15082026_16k_production_4_seeds_4_sizes_20260818_pp_1p8_pc_2p2_cont_4p0_8p0,ths00078404,1.0933,0.0580,0.1014,0.8406
ths000784,15082026_16k_production_4_seeds_4_sizes_20260818_pp_1p8_pc_2p2_cont_4p0_8p0,ths00078405,1.0058,0.0580,0.1014,0.8406
ths000784,15082026_16k_production_4_seeds_4_sizes_20260818_pp_1p8_pc_2p2_cont_4p0_8p0,ths00078406,1.0948,0.0290,0.1159,0.8551
ths000784,15082026_16k_production_4_seeds_4_sizes_20260818_pp_1p8_pc_2p2_cont_4p0_8p0,ths00078407,1.1226,0.0435,0.0870,0.8696
ths000784,15082026_16k_production_4_seeds_4_sizes_20260818_pp_1p8_pc_2p2_cont_4p0_8p0,ths00078408,1.1083,0.0435,0.1014,0.8551
ths000784,15082026_16k_production_4_seeds_4_sizes_20260818_pp_1p8_pc_2p2_cont_4p0_8p0,ths00078409,1.1376,0.0435,0.1014,0.8551
ths000784,15082026_16k_production_4_seeds_4_sizes_20260818_pp_1p8_pc_2p2_cont_4p0_8p0,ths00078410,1.1170,0.0580,0.1014,0.8406
ths000784,15082026_16k_production_4_seeds_4_sizes_20260818_pp_1p8_pc_2p2_cont_4p0_8p0,ths00078411,1.0103,0.0435,0.1159,0.8406
ths000784,15082026_16k_production_4_seeds_4_sizes_20260818_pp_1p8_pc_2p2_cont_4p0_8p0,ths00078412,1.0923,0.0580,0.0870,0.8551
ths000784,15082026_16k_production_4_seeds_4_sizes_20260818_pp_1p8_pc_2p2_cont_4p0_8p0,ths00078413,1.0348,0.0580,0.1014,0.8406
ths000784,15082026_16k_production_4_seeds_4_sizes_20260818_pp_1p8_pc_2p2_cont_4p0_8p0,ths00078414,1.1067,0.0145,0.1159,0.8696
ths000784,15082026_16k_production_4_seeds_4_sizes_20260818_pp_1p8_pc_2p2_cont_4p0_8p0,ths00078415,1.1511,0.0435,0.1159,0.8406
ths000845,15082026_16k_production_4_seeds_4_sizes_20260818_pp_1p8_pc_2p2_cont_4p0_8p0,ths00084500,1.2082,0.0482,0.0000,0.9518
ths000845,15082026_16k_production_4_seeds_4_sizes_20260818_pp_1p8_pc_2p2_cont_4p0_8p0,ths00084501,1.3207,0.0602,0.0000,0.9398
ths000845,15082026_16k_production_4_seeds_4_sizes_20260818_pp_1p8_pc_2p2_cont_4p0_8p0,ths00084502,1.2668,0.0482,0.0000,0.9518
ths000845,15082026_16k_production_4_seeds_4_sizes_20260818_pp_1p8_pc_2p2_cont_4p0_8p0,ths00084503,1.3187,0.0361,0.0000,0.9639
ths000845,15082026_16k_production_4_seeds_4_sizes_20260818_pp_1p8_pc_2p2_cont_4p0_8p0,ths00084504,1.2307,0.0361,0.0000,0.9639
ths000845,15082026_16k_production_4_seeds_4_sizes_20260818_pp_1p8_pc_2p2_cont_4p0_8p0,ths00084505,1.2240,0.0361,0.0000,0.9639
ths000845,15082026_16k_production_4_seeds_4_sizes_20260818_pp_1p8_pc_2p2_cont_4p0_8p0,ths00084506,1.3189,0.0361,0.0000,0.9639
ths000845,15082026_16k_production_4_seeds_4_sizes_20260818_pp_1p8_pc_2p2_cont_4p0_8p0,ths00084507,1.1848,0.0361,0.0000,0.9639
ths000845,15082026_16k_production_4_seeds_4_sizes_20260818_pp_1p8_pc_2p2_cont_4p0_8p0,ths00084508,1.2344,0.0241,0.0000,0.9759
ths000845,15082026_16k_production_4_seeds_4_sizes_20260818_pp_1p8_pc_2p2_cont_4p0_8p0,ths00084509,1.2208,0.0361,0.0000,0.9639
ths000845,15082026_16k_production_4_seeds_4_sizes_20260818_pp_1p8_pc_2p2_cont_4p0_8p0,ths00084510,1.1830,0.0361,0.0000,0.9639
ths000845,15082026_16k_production_4_seeds_4_sizes_20260818_pp_1p8_pc_2p2_cont_4p0_8p0,ths00084511,1.2541,0.0482,0.0000,0.9518
ths000845,15082026_16k_production_4_seeds_4_sizes_20260818_pp_1p8_pc_2p2_cont_4p0_8p0,ths00084512,1.2549,0.0361,0.0000,0.9639
ths000845,15082026_16k_production_4_seeds_4_sizes_20260818_pp_1p8_pc_2p2_cont_4p0_8p0,ths00084513,1.1829,0.0482,0.0000,0.9518
ths000845,15082026_16k_production_4_seeds_4_sizes_20260818_pp_1p8_pc_2p2_cont_4p0_8p0,ths00084514,1.1016,0.0843,0.0000,0.9157
ths000845,15082026_16k_production_4_seeds_4_sizes_20260818_pp_1p8_pc_2p2_cont_4p0_8p0,ths00084515,1.1856,0.0361,0.0000,0.9639
ths000855,15082026_16k_production_4_seeds_4_sizes_20260818_pp_1p8_pc_2p2_cont_4p0_8p0,ths00085500,1.3387,0.0267,0.0533,0.9200
ths000855,15082026_16k_production_4_seeds_4_sizes_20260818_pp_1p8_pc_2p2_cont_4p0_8p0,ths00085501,1.3083,0.0133,0.0667,0.9200
ths000855,15082026_16k_production_4_seeds_4_sizes_20260818_pp_1p8_pc_2p2_cont_4p0_8p0,ths00085502,1.4328,0.0400,0.0400,0.9200
ths000855,15082026_16k_production_4_seeds_4_sizes_20260818_pp_1p8_pc_2p2_cont_4p0_8p0,ths00085503,1.3282,0.0533,0.0533,0.8933
ths000855,15082026_16k_production_4_seeds_4_sizes_20260818_pp_1p8_pc_2p2_cont_4p0_8p0,ths00085504,1.4345,0.0133,0.0533,0.9333
ths000855,15082026_16k_production_4_seeds_4_sizes_20260818_pp_1p8_pc_2p2_cont_4p0_8p0,ths00085505,1.4720,0.0400,0.0533,0.9067
ths000855,15082026_16k_production_4_seeds_4_sizes_20260818_pp_1p8_pc_2p2_cont_4p0_8p0,ths00085506,1.3714,0.0400,0.0533,0.9067
ths000855,15082026_16k_production_4_seeds_4_sizes_20260818_pp_1p8_pc_2p2_cont_4p0_8p0,ths00085507,1.4244,0.0267,0.0533,0.9200
ths000855,15082026_16k_production_4_seeds_4_sizes_20260818_pp_1p8_pc_2p2_cont_4p0_8p0,ths00085508,1.3607,0.0267,0.0533,0.9200
ths000855,15082026_16k_production_4_seeds_4_sizes_20260818_pp_1p8_pc_2p2_cont_4p0_8p0,ths00085509,1.4682,0.0533,0.0533,0.8933
ths000855,15082026_16k_production_4_seeds_4_sizes_20260818_pp_1p8_pc_2p2_cont_4p0_8p0,ths00085510,1.4101,0.0400,0.0667,0.8933
ths000855,15082026_16k_production_4_seeds_4_sizes_20260818_pp_1p8_pc_2p2_cont_4p0_8p0,ths00085511,1.3895,0.0400,0.0667,0.8933
ths000855,15082026_16k_production_4_seeds_4_sizes_20260818_pp_1p8_pc_2p2_cont_4p0_8p0,ths00085512,1.4410,0.0267,0.0533,0.9200
ths000855,15082026_16k_production_4_seeds_4_sizes_20260818_pp_1p8_pc_2p2_cont_4p0_8p0,ths00085513,1.3591,0.0400,0.0533,0.9067
ths000855,15082026_16k_production_4_seeds_4_sizes_20260818_pp_1p8_pc_2p2_cont_4p0_8p0,ths00085514,1.3629,0.0400,0.0533,0.9067
ths000855,15082026_16k_production_4_seeds_4_sizes_20260818_pp_1p8_pc_2p2_cont_4p0_8p0,ths00085515,1.4127,0.0400,0.0533,0.9067
ths000892,15082026_16k_production_4_seeds_4_sizes_20260818_pp_1p8_pc_2p2_cont_4p0_8p0,ths00089200,1.3085,0.0263,0.0921,0.8816
ths000892,15082026_16k_production_4_seeds_4_sizes_20260818_pp_1p8_pc_2p2_cont_4p0_8p0,ths00089201,1.1900,0.0526,0.0921,0.8553
ths000892,15082026_16k_production_4_seeds_4_sizes_20260818_pp_1p8_pc_2p2_cont_4p0_8p0,ths00089202,1.2140,0.0658,0.0921,0.8421
ths000892,15082026_16k_production_4_seeds_4_sizes_20260818_pp_1p8_pc_2p2_cont_4p0_8p0,ths00089203,1.2613,0.0526,0.0658,0.8816
ths000892,15082026_16k_production_4_seeds_4_sizes_20260818_pp_1p8_pc_2p2_cont_4p0_8p0,ths00089204,1.2609,0.0526,0.0789,0.8684
ths000892,15082026_16k_production_4_seeds_4_sizes_20260818_pp_1p8_pc_2p2_cont_4p0_8p0,ths00089205,1.3201,0.0526,0.0658,0.8816
ths000892,15082026_16k_production_4_seeds_4_sizes_20260818_pp_1p8_pc_2p2_cont_4p0_8p0,ths00089206,1.2095,0.0658,0.0789,0.8553
ths000892,15082026_16k_production_4_seeds_4_sizes_20260818_pp_1p8_pc_2p2_cont_4p0_8p0,ths00089207,1.2178,0.0526,0.0789,0.8684
ths000892,15082026_16k_production_4_seeds_4_sizes_20260818_pp_1p8_pc_2p2_cont_4p0_8p0,ths00089208,1.2734,0.0395,0.0921,0.8684
ths000892,15082026_16k_production_4_seeds_4_sizes_20260818_pp_1p8_pc_2p2_cont_4p0_8p0,ths00089209,1.2335,0.0658,0.0658,0.8684
ths000892,15082026_16k_production_4_seeds_4_sizes_20260818_pp_1p8_pc_2p2_cont_4p0_8p0,ths00089210,1.2517,0.0526,0.0789,0.8684
ths000892,15082026_16k_production_4_seeds_4_sizes_20260818_pp_1p8_pc_2p2_cont_4p0_8p0,ths00089211,1.3168,0.0789,0.0789,0.8421
ths000892,15082026_16k_production_4_seeds_4_sizes_20260818_pp_1p8_pc_2p2_cont_4p0_8p0,ths00089212,1.2721,0.0395,0.0789,0.8816
ths000892,15082026_16k_production_4_seeds_4_sizes_20260818_pp_1p8_pc_2p2_cont_4p0_8p0,ths00089213,1.2567,0.0526,0.0658,0.8816
ths000892,15082026_16k_production_4_seeds_4_sizes_20260818_pp_1p8_pc_2p2_cont_4p0_8p0,ths00089214,1.2133,0.0395,0.0658,0.8947
ths000892,15082026_16k_production_4_seeds_4_sizes_20260818_pp_1p8_pc_2p2_cont_4p0_8p0,ths00089215,1.2840,0.0526,0.0789,0.8684
thx003093,15082026_16k_production_4_seeds_4_sizes_20260818_pp_1p8_pc_2p2_cont_4p0_8p0,thx00309300,1.2997,0.0714,0.1786,0.7500
thx003093,15082026_16k_production_4_seeds_4_sizes_20260818_pp_1p8_pc_2p2_cont_4p0_8p0,thx00309301,1.2675,0.1161,0.1607,0.7232
thx003093,15082026_16k_production_4_seeds_4_sizes_20260818_pp_1p8_pc_2p2_cont_4p0_8p0,thx00309302,1.2751,0.0893,0.1518,0.7589
thx003093,15082026_16k_production_4_seeds_4_sizes_20260818_pp_1p8_pc_2p2_cont_4p0_8p0,thx00309303,1.3009,0.0804,0.1607,0.7589
thx003093,15082026_16k_production_4_seeds_4_sizes_20260818_pp_1p8_pc_2p2_cont_4p0_8p0,thx00309304,1.3334,0.0625,0.1875,0.7500
thx003093,15082026_16k_production_4_seeds_4_sizes_20260818_pp_1p8_pc_2p2_cont_4p0_8p0,thx00309305,1.2906,0.1071,0.1339,0.7589
thx003093,15082026_16k_production_4_seeds_4_sizes_20260818_pp_1p8_pc_2p2_cont_4p0_8p0,thx00309306,1.3603,0.0804,0.1696,0.7500
thx003093,15082026_16k_production_4_seeds_4_sizes_20260818_pp_1p8_pc_2p2_cont_4p0_8p0,thx00309307,1.3361,0.0804,0.1518,0.7679
thx003093,15082026_16k_production_4_seeds_4_sizes_20260818_pp_1p8_pc_2p2_cont_4p0_8p0,thx00309308,1.3193,0.0625,0.1964,0.7411
thx003093,15082026_16k_production_4_seeds_4_sizes_20260818_pp_1p8_pc_2p2_cont_4p0_8p0,thx00309309,1.3974,0.0893,0.1607,0.7500
thx003093,15082026_16k_production_4_seeds_4_sizes_20260818_pp_1p8_pc_2p2_cont_4p0_8p0,thx00309310,1.3237,0.0893,0.1786,0.7321
thx003093,15082026_16k_production_4_seeds_4_sizes_20260818_pp_1p8_pc_2p2_cont_4p0_8p0,thx00309311,1.3066,0.0893,0.1786,0.7321
thx003093,15082026_16k_production_4_seeds_4_sizes_20260818_pp_1p8_pc_2p2_cont_4p0_8p0,thx00309312,1.3031,0.0714,0.1964,0.7321
thx003093,15082026_16k_production_4_seeds_4_sizes_20260818_pp_1p8_pc_2p2_cont_4p0_8p0,thx00309313,1.2871,0.0804,0.1786,0.7411
thx003093,15082026_16k_production_4_seeds_4_sizes_20260818_pp_1p8_pc_2p2_cont_4p0_8p0,thx00309314,1.2923,0.0804,0.1786,0.7411
thx003093,15082026_16k_production_4_seeds_4_sizes_20260818_pp_1p8_pc_2p2_cont_4p0_8p0,thx00309315,1.3256,0.0893,0.1250,0.7857
thx003294,15082026_16k_production_4_seeds_4_sizes_20260818_pp_1p8_pc_2p2_cont_4p0_8p0,thx00329400,1.1637,0.0853,0.1240,0.7907
thx003294,15082026_16k_production_4_seeds_4_sizes_20260818_pp_1p8_pc_2p2_cont_4p0_8p0,thx00329401,1.1821,0.0775,0.1473,0.7752
thx003294,15082026_16k_production_4_seeds_4_sizes_20260818_pp_1p8_pc_2p2_cont_4p0_8p0,thx00329402,1.1765,0.1008,0.1085,0.7907
thx003294,15082026_16k_production_4_seeds_4_sizes_20260818_pp_1p8_pc_2p2_cont_4p0_8p0,thx00329403,1.1262,0.1085,0.1240,0.7674
thx003294,15082026_16k_production_4_seeds_4_sizes_20260818_pp_1p8_pc_2p2_cont_4p0_8p0,thx00329404,1.2457,0.0853,0.1240,0.7907
thx003294,15082026_16k_production_4_seeds_4_sizes_20260818_pp_1p8_pc_2p2_cont_4p0_8p0,thx00329405,1.1806,0.1163,0.1318,0.7519
thx003294,15082026_16k_production_4_seeds_4_sizes_20260818_pp_1p8_pc_2p2_cont_4p0_8p0,thx00329406,1.1590,0.1008,0.1473,0.7519
thx003294,15082026_16k_production_4_seeds_4_sizes_20260818_pp_1p8_pc_2p2_cont_4p0_8p0,thx00329407,1.1391,0.1240,0.1318,0.7442
thx003294,15082026_16k_production_4_seeds_4_sizes_20260818_pp_1p8_pc_2p2_cont_4p0_8p0,thx00329408,1.1248,0.1008,0.1318,0.7674
thx003294,15082026_16k_production_4_seeds_4_sizes_20260818_pp_1p8_pc_2p2_cont_4p0_8p0,thx00329409,1.1662,0.1085,0.1473,0.7442
thx003294,15082026_16k_production_4_seeds_4_sizes_20260818_pp_1p8_pc_2p2_cont_4p0_8p0,thx00329410,1.1336,0.1318,0.1395,0.7287
thx003294,15082026_16k_production_4_seeds_4_sizes_20260818_pp_1p8_pc_2p2_cont_4p0_8p0,thx00329411,1.1406,0.1085,0.1163,0.7752
thx003294,15082026_16k_production_4_seeds_4_sizes_20260818_pp_1p8_pc_2p2_cont_4p0_8p0,thx00329412,1.2068,0.1318,0.1240,0.7442
thx003294,15082026_16k_production_4_seeds_4_sizes_20260818_pp_1p8_pc_2p2_cont_4p0_8p0,thx00329413,1.1764,0.0853,0.1318,0.7829
thx003294,15082026_16k_production_4_seeds_4_sizes_20260818_pp_1p8_pc_2p2_cont_4p0_8p0,thx00329414,1.2210,0.1240,0.1163,0.7597
thx003294,15082026_16k_production_4_seeds_4_sizes_20260818_pp_1p8_pc_2p2_cont_4p0_8p0,thx00329415,1.2426,0.1008,0.1318,0.7674
thx003328,15082026_16k_production_4_seeds_4_sizes_20260818_pp_1p8_pc_2p2_cont_4p0_8p0,thx00332800,1.2057,0.1575,0.1260,0.7165
thx003328,15082026_16k_production_4_seeds_4_sizes_20260818_pp_1p8_pc_2p2_cont_4p0_8p0,thx00332801,1.1189,0.1260,0.1102,0.7638
thx003328,15082026_16k_production_4_seeds_4_sizes_20260818_pp_1p8_pc_2p2_cont_4p0_8p0,thx00332802,1.2586,0.1417,0.1181,0.7402
thx003328,15082026_16k_production_4_seeds_4_sizes_20260818_pp_1p8_pc_2p2_cont_4p0_8p0,thx00332803,1.2524,0.1102,0.0945,0.7953
thx003328,15082026_16k_production_4_seeds_4_sizes_20260818_pp_1p8_pc_2p2_cont_4p0_8p0,thx00332804,1.1985,0.1102,0.0945,0.7953
thx003328,15082026_16k_production_4_seeds_4_sizes_20260818_pp_1p8_pc_2p2_cont_4p0_8p0,thx00332805,1.2005,0.1417,0.1181,0.7402
thx003328,15082026_16k_production_4_seeds_4_sizes_20260818_pp_1p8_pc_2p2_cont_4p0_8p0,thx00332806,1.2177,0.1496,0.1102,0.7402
thx003328,15082026_16k_production_4_seeds_4_sizes_20260818_pp_1p8_pc_2p2_cont_4p0_8p0,thx00332807,1.1557,0.1102,0.1260,0.7638
thx003328,15082026_16k_production_4_seeds_4_sizes_20260818_pp_1p8_pc_2p2_cont_4p0_8p0,thx00332808,1.2277,0.1181,0.1339,0.7480
thx003328,15082026_16k_production_4_seeds_4_sizes_20260818_pp_1p8_pc_2p2_cont_4p0_8p0,thx00332809,1.1335,0.1260,0.1102,0.7638
thx003328,15082026_16k_production_4_seeds_4_sizes_20260818_pp_1p8_pc_2p2_cont_4p0_8p0,thx00332810,1.2444,0.1181,0.1181,0.7638
thx003328,15082026_16k_production_4_seeds_4_sizes_20260818_pp_1p8_pc_2p2_cont_4p0_8p0,thx00332811,1.2716,0.1181,0.1024,0.7795
thx003328,15082026_16k_production_4_seeds_4_sizes_20260818_pp_1p8_pc_2p2_cont_4p0_8p0,thx00332812,1.2293,0.1339,0.1181,0.7480
thx003328,15082026_16k_production_4_seeds_4_sizes_20260818_pp_1p8_pc_2p2_cont_4p0_8p0,thx00332813,1.1329,0.1260,0.0945,0.7795
thx003328,15082026_16k_production_4_seeds_4_sizes_20260818_pp_1p8_pc_2p2_cont_4p0_8p0,thx00332814,1.1985,0.1181,0.1024,0.7795
thx003328,15082026_16k_production_4_seeds_4_sizes_20260818_pp_1p8_pc_2p2_cont_4p0_8p0,thx00332815,1.1814,0.1339,0.1024,0.7638
thx003457,15082026_16k_production_4_seeds_4_sizes_20260818_pp_1p8_pc_2p2_cont_4p0_8p0,thx00345700,1.1331,0.0982,0.0982,0.8036
thx003457,15082026_16k_production_4_seeds_4_sizes_20260818_pp_1p8_pc_2p2_cont_4p0_8p0,thx00345701,1.0769,0.0804,0.1161,0.8036
thx003457,15082026_16k_production_4_seeds_4_sizes_20260818_pp_1p8_pc_2p2_cont_4p0_8p0,thx00345702,1.1337,0.0714,0.1071,0.8214
thx003457,15082026_16k_production_4_seeds_4_sizes_20260818_pp_1p8_pc_2p2_cont_4p0_8p0,thx00345703,1.1394,0.1161,0.1161,0.7679
thx003457,15082026_16k_production_4_seeds_4_sizes_20260818_pp_1p8_pc_2p2_cont_4p0_8p0,thx00345704,1.0872,0.1339,0.1161,0.7500
thx003457,15082026_16k_production_4_seeds_4_sizes_20260818_pp_1p8_pc_2p2_cont_4p0_8p0,thx00345705,1.2327,0.0625,0.1071,0.8304
thx003457,15082026_16k_production_4_seeds_4_sizes_20260818_pp_1p8_pc_2p2_cont_4p0_8p0,thx00345706,1.0886,0.0804,0.1071,0.8125
thx003457,15082026_16k_production_4_seeds_4_sizes_20260818_pp_1p8_pc_2p2_cont_4p0_8p0,thx00345707,1.1499,0.0536,0.1071,0.8393
thx003457,15082026_16k_production_4_seeds_4_sizes_20260818_pp_1p8_pc_2p2_cont_4p0_8p0,thx00345708,1.1218,0.0893,0.0982,0.8125
thx003457,15082026_16k_production_4_seeds_4_sizes_20260818_pp_1p8_pc_2p2_cont_4p0_8p0,thx00345709,1.0389,0.1161,0.1071,0.7768
thx003457,15082026_16k_production_4_seeds_4_sizes_20260818_pp_1p8_pc_2p2_cont_4p0_8p0,thx00345710,1.0735,0.0982,0.1161,0.7857
thx003457,15082026_16k_production_4_seeds_4_sizes_20260818_pp_1p8_pc_2p2_cont_4p0_8p0,thx00345711,1.0756,0.0893,0.1071,0.8036
thx003457,15082026_16k_production_4_seeds_4_sizes_20260818_pp_1p8_pc_2p2_cont_4p0_8p0,thx00345712,1.1744,0.0804,0.1071,0.8125
thx003457,15082026_16k_production_4_seeds_4_sizes_20260818_pp_1p8_pc_2p2_cont_4p0_8p0,thx00345713,1.0730,0.0893,0.1071,0.8036
thx003457,15082026_16k_production_4_seeds_4_sizes_20260818_pp_1p8_pc_2p2_cont_4p0_8p0,thx00345714,1.1270,0.0893,0.0982,0.8125
thx003457,15082026_16k_production_4_seeds_4_sizes_20260818_pp_1p8_pc_2p2_cont_4p0_8p0,thx00345715,1.1759,0.0893,0.1161,0.7946
thx003476,15082026_16k_production_4_seeds_4_sizes_20260818_pp_1p8_pc_2p2_cont_4p0_8p0,thx00347600,1.2017,0.1439,0.0719,0.7842
thx003476,15082026_16k_production_4_seeds_4_sizes_20260818_pp_1p8_pc_2p2_cont_4p0_8p0,thx00347601,1.3321,0.0647,0.0504,0.8849
thx003476,15082026_16k_production_4_seeds_4_sizes_20260818_pp_1p8_pc_2p2_cont_4p0_8p0,thx00347602,1.2563,0.1223,0.0719,0.8058
thx003476,15082026_16k_production_4_seeds_4_sizes_20260818_pp_1p8_pc_2p2_cont_4p0_8p0,thx00347603,1.2246,0.1439,0.0719,0.7842
thx003476,15082026_16k_production_4_seeds_4_sizes_20260818_pp_1p8_pc_2p2_cont_4p0_8p0,thx00347604,1.2919,0.1007,0.0647,0.8345
thx003476,15082026_16k_production_4_seeds_4_sizes_20260818_pp_1p8_pc_2p2_cont_4p0_8p0,thx00347605,1.2873,0.1079,0.0647,0.8273
thx003476,15082026_16k_production_4_seeds_4_sizes_20260818_pp_1p8_pc_2p2_cont_4p0_8p0,thx00347606,1.3691,0.0719,0.0647,0.8633
thx003476,15082026_16k_production_4_seeds_4_sizes_20260818_pp_1p8_pc_2p2_cont_4p0_8p0,thx00347607,1.2496,0.0863,0.0504,0.8633
thx003476,15082026_16k_production_4_seeds_4_sizes_20260818_pp_1p8_pc_2p2_cont_4p0_8p0,thx00347608,1.2533,0.1151,0.0719,0.8129
thx003476,15082026_16k_production_4_seeds_4_sizes_20260818_pp_1p8_pc_2p2_cont_4p0_8p0,thx00347609,1.2050,0.1439,0.0719,0.7842
thx003476,15082026_16k_production_4_seeds_4_sizes_20260818_pp_1p8_pc_2p2_cont_4p0_8p0,thx00347610,1.2025,0.1079,0.0791,0.8129
thx003476,15082026_16k_production_4_seeds_4_sizes_20260818_pp_1p8_pc_2p2_cont_4p0_8p0,thx00347611,1.2582,0.0935,0.0576,0.8489
thx003476,15082026_16k_production_4_seeds_4_sizes_20260818_pp_1p8_pc_2p2_cont_4p0_8p0,thx00347612,1.2287,0.1151,0.0504,0.8345
thx003476,15082026_16k_production_4_seeds_4_sizes_20260818_pp_1p8_pc_2p2_cont_4p0_8p0,thx00347613,1.2272,0.1079,0.0576,0.8345
thx003476,15082026_16k_production_4_seeds_4_sizes_20260818_pp_1p8_pc_2p2_cont_4p0_8p0,thx00347614,1.2512,0.1151,0.0504,0.8345
thx003476,15082026_16k_production_4_seeds_4_sizes_20260818_pp_1p8_pc_2p2_cont_4p0_8p0,thx00347615,1.2502,0.1151,0.0719,0.8129
thx003721,15082026_16k_production_4_seeds_4_sizes_20260818_pp_1p8_pc_2p2_cont_4p0_8p0,thx00372100,1.2333,0.0806,0.2177,0.7016
thx003721,15082026_16k_production_4_seeds_4_sizes_20260818_pp_1p8_pc_2p2_cont_4p0_8p0,thx00372101,1.1841,0.0726,0.2419,0.6855
thx003721,15082026_16k_production_4_seeds_4_sizes_20260818_pp_1p8_pc_2p2_cont_4p0_8p0,thx00372102,1.0797,0.1452,0.2581,0.5968
thx003721,15082026_16k_production_4_seeds_4_sizes_20260818_pp_1p8_pc_2p2_cont_4p0_8p0,thx00372103,1.2870,0.0645,0.2016,0.7339
thx003721,15082026_16k_production_4_seeds_4_sizes_20260818_pp_1p8_pc_2p2_cont_4p0_8p0,thx00372104,1.2634,0.0726,0.2581,0.6694
thx003721,15082026_16k_production_4_seeds_4_sizes_20260818_pp_1p8_pc_2p2_cont_4p0_8p0,thx00372105,1.2314,0.1048,0.2177,0.6774
thx003721,15082026_16k_production_4_seeds_4_sizes_20260818_pp_1p8_pc_2p2_cont_4p0_8p0,thx00372106,1.3071,0.0968,0.1694,0.7339
thx003721,15082026_16k_production_4_seeds_4_sizes_20260818_pp_1p8_pc_2p2_cont_4p0_8p0,thx00372107,1.3140,0.0726,0.2258,0.7016
thx003721,15082026_16k_production_4_seeds_4_sizes_20260818_pp_1p8_pc_2p2_cont_4p0_8p0,thx00372108,1.1869,0.0806,0.2419,0.6774
thx003721,15082026_16k_production_4_seeds_4_sizes_20260818_pp_1p8_pc_2p2_cont_4p0_8p0,thx00372109,1.3091,0.1290,0.2016,0.6694
thx003721,15082026_16k_production_4_seeds_4_sizes_20260818_pp_1p8_pc_2p2_cont_4p0_8p0,thx00372110,1.2923,0.0645,0.2258,0.7097
thx003721,15082026_16k_production_4_seeds_4_sizes_20260818_pp_1p8_pc_2p2_cont_4p0_8p0,thx00372111,1.1976,0.1290,0.2419,0.6290
thx003721,15082026_16k_production_4_seeds_4_sizes_20260818_pp_1p8_pc_2p2_cont_4p0_8p0,thx00372112,1.2712,0.0806,0.2097,0.7097
thx003721,15082026_16k_production_4_seeds_4_sizes_20260818_pp_1p8_pc_2p2_cont_4p0_8p0,thx00372113,1.2577,0.0565,0.2339,0.7097
thx003721,15082026_16k_production_4_seeds_4_sizes_20260818_pp_1p8_pc_2p2_cont_4p0_8p0,thx00372114,1.1758,0.0645,0.2661,0.6694
thx003721,15082026_16k_production_4_seeds_4_sizes_20260818_pp_1p8_pc_2p2_cont_4p0_8p0,thx00372115,1.2570,0.0968,0.2177,0.6855
thx003815,15082026_16k_production_4_seeds_4_sizes_20260818_pp_1p8_pc_2p2_cont_4p0_8p0,thx00381500,1.2394,0.0887,0.1613,0.7500
thx003815,15082026_16k_production_4_seeds_4_sizes_20260818_pp_1p8_pc_2p2_cont_4p0_8p0,thx00381501,1.2549,0.0645,0.1694,0.7661
thx003815,15082026_16k_production_4_seeds_4_sizes_20260818_pp_1p8_pc_2p2_cont_4p0_8p0,thx00381502,1.2693,0.0887,0.1694,0.7419
thx003815,15082026_16k_production_4_seeds_4_sizes_20260818_pp_1p8_pc_2p2_cont_4p0_8p0,thx00381503,1.2336,0.1129,0.1855,0.7016
thx003815,15082026_16k_production_4_seeds_4_sizes_20260818_pp_1p8_pc_2p2_cont_4p0_8p0,thx00381504,1.2722,0.0726,0.1774,0.7500
thx003815,15082026_16k_production_4_seeds_4_sizes_20260818_pp_1p8_pc_2p2_cont_4p0_8p0,thx00381505,1.2093,0.0806,0.1935,0.7258
thx003815,15082026_16k_production_4_seeds_4_sizes_20260818_pp_1p8_pc_2p2_cont_4p0_8p0,thx00381506,1.2838,0.0968,0.1694,0.7339
thx003815,15082026_16k_production_4_seeds_4_sizes_20260818_pp_1p8_pc_2p2_cont_4p0_8p0,thx00381507,1.3306,0.0806,0.1532,0.7661
thx003815,15082026_16k_production_4_seeds_4_sizes_20260818_pp_1p8_pc_2p2_cont_4p0_8p0,thx00381508,1.2374,0.0887,0.1613,0.7500
thx003815,15082026_16k_production_4_seeds_4_sizes_20260818_pp_1p8_pc_2p2_cont_4p0_8p0,thx00381509,1.2644,0.0726,0.1855,0.7419
thx003815,15082026_16k_production_4_seeds_4_sizes_20260818_pp_1p8_pc_2p2_cont_4p0_8p0,thx00381510,1.2436,0.0806,0.1774,0.7419
thx003815,15082026_16k_production_4_seeds_4_sizes_20260818_pp_1p8_pc_2p2_cont_4p0_8p0,thx00381511,1.2729,0.1048,0.1694,0.7258
thx003815,15082026_16k_production_4_seeds_4_sizes_20260818_pp_1p8_pc_2p2_cont_4p0_8p0,thx00381512,1.2597,0.0806,0.1774,0.7419
thx003815,15082026_16k_production_4_seeds_4_sizes_20260818_pp_1p8_pc_2p2_cont_4p0_8p0,thx00381513,1.2326,0.1452,0.1855,0.6694
thx003815,15082026_16k_production_4_seeds_4_sizes_20260818_pp_1p8_pc_2p2_cont_4p0_8p0,thx00381514,1.2329,0.0726,0.1855,0.7419
thx003815,15082026_16k_production_4_seeds_4_sizes_20260818_pp_1p8_pc_2p2_cont_4p0_8p0,thx00381515,1.2250,0.0887,0.1774,0.7339
